pair_id,case_id,archetype,split,is_distractor,gold,system,pred,stale_cite
p0000,pm000,A0,train,0,0,cosine,0,0
p0000,pm000,A0,train,0,0,LegalBERT-NLI,0,0
p0000,pm000,A0,train,0,0,COLIEE-retrieval,0,0
p0000,pm000,A0,train,0,0,RAG-only,1,0
p0000,pm000,A0,train,0,0,ALERT-flat,0,0
p0000,pm000,A0,train,0,0,ALERT,0,0
p0001,pm001,A1,test,0,0,cosine,0,0
p0001,pm001,A1,test,0,0,LegalBERT-NLI,0,0
p0001,pm001,A1,test,0,0,COLIEE-retrieval,0,0
p0001,pm001,A1,test,0,0,RAG-only,1,0
p0001,pm001,A1,test,0,0,ALERT-flat,0,0
p0001,pm001,A1,test,0,0,ALERT,1,0
p0002,pm002,A2,test,0,0,cosine,0,0
p0002,pm002,A2,test,0,0,LegalBERT-NLI,0,0
p0002,pm002,A2,test,0,0,COLIEE-retrieval,0,0
p0002,pm002,A2,test,0,0,RAG-only,0,0
p0002,pm002,A2,test,0,0,ALERT-flat,0,0
p0002,pm002,A2,test,0,0,ALERT,0,0
p0003,pm003,A3,test,0,0,cosine,1,0
p0003,pm003,A3,test,0,0,LegalBERT-NLI,0,0
p0003,pm003,A3,test,0,0,COLIEE-retrieval,0,0
p0003,pm003,A3,test,0,0,RAG-only,0,0
p0003,pm003,A3,test,0,0,ALERT-flat,1,0
p0003,pm003,A3,test,0,0,ALERT,0,0
p0004,pm004,A4,test,0,1,cosine,1,0
p0004,pm004,A4,test,0,1,LegalBERT-NLI,1,0
p0004,pm004,A4,test,0,1,COLIEE-retrieval,1,0
p0004,pm004,A4,test,0,1,RAG-only,1,0
p0004,pm004,A4,test,0,1,ALERT-flat,1,0
p0004,pm004,A4,test,0,1,ALERT,0,0
p0005,pm005,A0,train,1,0,cosine,0,0
p0005,pm005,A0,train,1,0,LegalBERT-NLI,0,0
p0005,pm005,A0,train,1,0,COLIEE-retrieval,0,0
p0005,pm005,A0,train,1,0,RAG-only,0,0
p0005,pm005,A0,train,1,0,ALERT-flat,0,0
p0005,pm005,A0,train,1,0,ALERT,0,0
p0006,pm006,A1,test,1,0,cosine,0,0
p0006,pm006,A1,test,1,0,LegalBERT-NLI,0,0
p0006,pm006,A1,test,1,0,COLIEE-retrieval,1,1
p0006,pm006,A1,test,1,0,RAG-only,0,0
p0006,pm006,A1,test,1,0,ALERT-flat,0,0
p0006,pm006,A1,test,1,0,ALERT,0,0
p0007,pm007,A2,test,0,1,cosine,1,0
p0007,pm007,A2,test,0,1,LegalBERT-NLI,1,0
p0007,pm007,A2,test,0,1,COLIEE-retrieval,1,0
p0007,pm007,A2,test,0,1,RAG-only,1,0
p0007,pm007,A2,test,0,1,ALERT-flat,1,0
p0007,pm007,A2,test,0,1,ALERT,1,0
p0008,pm008,A3,test,0,1,cosine,1,0
p0008,pm008,A3,test,0,1,LegalBERT-NLI,1,0
p0008,pm008,A3,test,0,1,COLIEE-retrieval,1,0
p0008,pm008,A3,test,0,1,RAG-only,0,0
p0008,pm008,A3,test,0,1,ALERT-flat,1,0
p0008,pm008,A3,test,0,1,ALERT,1,0
p0009,pm009,A4,test,0,0,cosine,1,0
p0009,pm009,A4,test,0,0,LegalBERT-NLI,1,0
p0009,pm009,A4,test,0,0,COLIEE-retrieval,1,0
p0009,pm009,A4,test,0,0,RAG-only,0,0
p0009,pm009,A4,test,0,0,ALERT-flat,1,0
p0009,pm009,A4,test,0,0,ALERT,1,0
p0010,pm010,A0,train,0,1,cosine,1,0
p0010,pm010,A0,train,0,1,LegalBERT-NLI,1,0
p0010,pm010,A0,train,0,1,COLIEE-retrieval,1,0
p0010,pm010,A0,train,0,1,RAG-only,1,0
p0010,pm010,A0,train,0,1,ALERT-flat,1,0
p0010,pm010,A0,train,0,1,ALERT,0,0
p0011,pm011,A1,test,0,0,cosine,0,0
p0011,pm011,A1,test,0,0,LegalBERT-NLI,0,0
p0011,pm011,A1,test,0,0,COLIEE-retrieval,1,0
p0011,pm011,A1,test,0,0,RAG-only,1,0
p0011,pm011,A1,test,0,0,ALERT-flat,0,0
p0011,pm011,A1,test,0,0,ALERT,1,0
p0012,pm012,A2,test,0,0,cosine,0,0
p0012,pm012,A2,test,0,0,LegalBERT-NLI,0,0
p0012,pm012,A2,test,0,0,COLIEE-retrieval,0,0
p0012,pm012,A2,test,0,0,RAG-only,0,0
p0012,pm012,A2,test,0,0,ALERT-flat,0,0
p0012,pm012,A2,test,0,0,ALERT,1,0
p0013,pm013,A3,test,0,1,cosine,0,0
p0013,pm013,A3,test,0,1,LegalBERT-NLI,0,0
p0013,pm013,A3,test,0,1,COLIEE-retrieval,1,0
p0013,pm013,A3,test,0,1,RAG-only,1,0
p0013,pm013,A3,test,0,1,ALERT-flat,1,0
p0013,pm013,A3,test,0,1,ALERT,1,0
p0014,pm014,A4,test,0,1,cosine,1,0
p0014,pm014,A4,test,0,1,LegalBERT-NLI,1,0
p0014,pm014,A4,test,0,1,COLIEE-retrieval,1,0
p0014,pm014,A4,test,0,1,RAG-only,0,0
p0014,pm014,A4,test,0,1,ALERT-flat,1,0
p0014,pm014,A4,test,0,1,ALERT,1,0
p0015,pm015,A0,train,0,0,cosine,0,0
p0015,pm015,A0,train,0,0,LegalBERT-NLI,1,0
p0015,pm015,A0,train,0,0,COLIEE-retrieval,0,0
p0015,pm015,A0,train,0,0,RAG-only,1,0
p0015,pm015,A0,train,0,0,ALERT-flat,0,0
p0015,pm015,A0,train,0,0,ALERT,0,0
p0016,pm016,A1,test,1,0,cosine,0,0
p0016,pm016,A1,test,1,0,LegalBERT-NLI,0,0
p0016,pm016,A1,test,1,0,COLIEE-retrieval,0,0
p0016,pm016,A1,test,1,0,RAG-only,0,0
p0016,pm016,A1,test,1,0,ALERT-flat,0,0
p0016,pm016,A1,test,1,0,ALERT,0,0
p0017,pm017,A2,test,0,0,cosine,1,0
p0017,pm017,A2,test,0,0,LegalBERT-NLI,0,0
p0017,pm017,A2,test,0,0,COLIEE-retrieval,1,0
p0017,pm017,A2,test,0,0,RAG-only,0,0
p0017,pm017,A2,test,0,0,ALERT-flat,0,0
p0017,pm017,A2,test,0,0,ALERT,0,0
p0018,pm018,A3,test,0,1,cosine,0,0
p0018,pm018,A3,test,0,1,LegalBERT-NLI,1,0
p0018,pm018,A3,test,0,1,COLIEE-retrieval,1,0
p0018,pm018,A3,test,0,1,RAG-only,1,0
p0018,pm018,A3,test,0,1,ALERT-flat,1,0
p0018,pm018,A3,test,0,1,ALERT,1,0
p0019,pm019,A4,test,1,0,cosine,0,0
p0019,pm019,A4,test,1,0,LegalBERT-NLI,0,0
p0019,pm019,A4,test,1,0,COLIEE-retrieval,0,0
p0019,pm019,A4,test,1,0,RAG-only,0,0
p0019,pm019,A4,test,1,0,ALERT-flat,0,0
p0019,pm019,A4,test,1,0,ALERT,0,0
p0020,pm020,A0,train,0,0,cosine,0,0
p0020,pm020,A0,train,0,0,LegalBERT-NLI,0,0
p0020,pm020,A0,train,0,0,COLIEE-retrieval,0,0
p0020,pm020,A0,train,0,0,RAG-only,0,0
p0020,pm020,A0,train,0,0,ALERT-flat,1,0
p0020,pm020,A0,train,0,0,ALERT,0,0
p0021,pm021,A1,test,1,0,cosine,0,0
p0021,pm021,A1,test,1,0,LegalBERT-NLI,0,0
p0021,pm021,A1,test,1,0,COLIEE-retrieval,0,0
p0021,pm021,A1,test,1,0,RAG-only,0,0
p0021,pm021,A1,test,1,0,ALERT-flat,0,0
p0021,pm021,A1,test,1,0,ALERT,0,0
p0022,pm022,A2,test,0,1,cosine,0,0
p0022,pm022,A2,test,0,1,LegalBERT-NLI,0,0
p0022,pm022,A2,test,0,1,COLIEE-retrieval,0,0
p0022,pm022,A2,test,0,1,RAG-only,1,0
p0022,pm022,A2,test,0,1,ALERT-flat,1,0
p0022,pm022,A2,test,0,1,ALERT,1,0
p0023,pm023,A3,test,1,0,cosine,0,0
p0023,pm023,A3,test,1,0,LegalBERT-NLI,1,1
p0023,pm023,A3,test,1,0,COLIEE-retrieval,1,1
p0023,pm023,A3,test,1,0,RAG-only,0,0
p0023,pm023,A3,test,1,0,ALERT-flat,0,0
p0023,pm023,A3,test,1,0,ALERT,0,0
p0024,pm024,A4,test,0,0,cosine,1,0
p0024,pm024,A4,test,0,0,LegalBERT-NLI,0,0
p0024,pm024,A4,test,0,0,COLIEE-retrieval,0,0
p0024,pm024,A4,test,0,0,RAG-only,0,0
p0024,pm024,A4,test,0,0,ALERT-flat,0,0
p0024,pm024,A4,test,0,0,ALERT,0,0
p0025,pm025,A0,train,1,0,cosine,1,1
p0025,pm025,A0,train,1,0,LegalBERT-NLI,1,1
p0025,pm025,A0,train,1,0,COLIEE-retrieval,0,0
p0025,pm025,A0,train,1,0,RAG-only,0,0
p0025,pm025,A0,train,1,0,ALERT-flat,0,0
p0025,pm025,A0,train,1,0,ALERT,0,0
p0026,pm026,A1,test,1,0,cosine,0,0
p0026,pm026,A1,test,1,0,LegalBERT-NLI,1,1
p0026,pm026,A1,test,1,0,COLIEE-retrieval,0,0
p0026,pm026,A1,test,1,0,RAG-only,0,0
p0026,pm026,A1,test,1,0,ALERT-flat,0,0
p0026,pm026,A1,test,1,0,ALERT,0,0
p0027,pm027,A2,test,0,0,cosine,1,0
p0027,pm027,A2,test,0,0,LegalBERT-NLI,1,0
p0027,pm027,A2,test,0,0,COLIEE-retrieval,0,0
p0027,pm027,A2,test,0,0,RAG-only,0,0
p0027,pm027,A2,test,0,0,ALERT-flat,0,0
p0027,pm027,A2,test,0,0,ALERT,0,0
p0028,pm028,A3,test,0,0,cosine,0,0
p0028,pm028,A3,test,0,0,LegalBERT-NLI,0,0
p0028,pm028,A3,test,0,0,COLIEE-retrieval,1,0
p0028,pm028,A3,test,0,0,RAG-only,1,0
p0028,pm028,A3,test,0,0,ALERT-flat,0,0
p0028,pm028,A3,test,0,0,ALERT,0,0
p0029,pm029,A4,test,1,0,cosine,0,0
p0029,pm029,A4,test,1,0,LegalBERT-NLI,0,0
p0029,pm029,A4,test,1,0,COLIEE-retrieval,0,0
p0029,pm029,A4,test,1,0,RAG-only,0,0
p0029,pm029,A4,test,1,0,ALERT-flat,1,1
p0029,pm029,A4,test,1,0,ALERT,1,1
p0030,pm030,A0,train,0,0,cosine,1,0
p0030,pm030,A0,train,0,0,LegalBERT-NLI,1,0
p0030,pm030,A0,train,0,0,COLIEE-retrieval,0,0
p0030,pm030,A0,train,0,0,RAG-only,0,0
p0030,pm030,A0,train,0,0,ALERT-flat,0,0
p0030,pm030,A0,train,0,0,ALERT,0,0
p0031,pm031,A1,test,0,1,cosine,0,0
p0031,pm031,A1,test,0,1,LegalBERT-NLI,0,0
p0031,pm031,A1,test,0,1,COLIEE-retrieval,0,0
p0031,pm031,A1,test,0,1,RAG-only,1,0
p0031,pm031,A1,test,0,1,ALERT-flat,1,0
p0031,pm031,A1,test,0,1,ALERT,1,0
p0032,pm032,A2,test,1,0,cosine,0,0
p0032,pm032,A2,test,1,0,LegalBERT-NLI,0,0
p0032,pm032,A2,test,1,0,COLIEE-retrieval,0,0
p0032,pm032,A2,test,1,0,RAG-only,0,0
p0032,pm032,A2,test,1,0,ALERT-flat,0,0
p0032,pm032,A2,test,1,0,ALERT,0,0
p0033,pm033,A3,test,1,0,cosine,0,0
p0033,pm033,A3,test,1,0,LegalBERT-NLI,0,0
p0033,pm033,A3,test,1,0,COLIEE-retrieval,0,0
p0033,pm033,A3,test,1,0,RAG-only,0,0
p0033,pm033,A3,test,1,0,ALERT-flat,0,0
p0033,pm033,A3,test,1,0,ALERT,0,0
p0034,pm034,A4,test,0,0,cosine,0,0
p0034,pm034,A4,test,0,0,LegalBERT-NLI,0,0
p0034,pm034,A4,test,0,0,COLIEE-retrieval,1,0
p0034,pm034,A4,test,0,0,RAG-only,0,0
p0034,pm034,A4,test,0,0,ALERT-flat,1,0
p0034,pm034,A4,test,0,0,ALERT,0,0
p0035,pm035,A0,train,0,1,cosine,0,0
p0035,pm035,A0,train,0,1,LegalBERT-NLI,1,0
p0035,pm035,A0,train,0,1,COLIEE-retrieval,1,0
p0035,pm035,A0,train,0,1,RAG-only,1,0
p0035,pm035,A0,train,0,1,ALERT-flat,1,0
p0035,pm035,A0,train,0,1,ALERT,1,0
p0036,pm036,A1,test,0,0,cosine,0,0
p0036,pm036,A1,test,0,0,LegalBERT-NLI,0,0
p0036,pm036,A1,test,0,0,COLIEE-retrieval,1,0
p0036,pm036,A1,test,0,0,RAG-only,0,0
p0036,pm036,A1,test,0,0,ALERT-flat,0,0
p0036,pm036,A1,test,0,0,ALERT,0,0
p0037,pm037,A2,test,1,0,cosine,0,0
p0037,pm037,A2,test,1,0,LegalBERT-NLI,1,1
p0037,pm037,A2,test,1,0,COLIEE-retrieval,0,0
p0037,pm037,A2,test,1,0,RAG-only,0,0
p0037,pm037,A2,test,1,0,ALERT-flat,0,0
p0037,pm037,A2,test,1,0,ALERT,0,0
p0038,pm038,A3,test,0,0,cosine,0,0
p0038,pm038,A3,test,0,0,LegalBERT-NLI,0,0
p0038,pm038,A3,test,0,0,COLIEE-retrieval,0,0
p0038,pm038,A3,test,0,0,RAG-only,0,0
p0038,pm038,A3,test,0,0,ALERT-flat,0,0
p0038,pm038,A3,test,0,0,ALERT,1,0
p0039,pm039,A4,test,0,0,cosine,1,0
p0039,pm039,A4,test,0,0,LegalBERT-NLI,0,0
p0039,pm039,A4,test,0,0,COLIEE-retrieval,0,0
p0039,pm039,A4,test,0,0,RAG-only,0,0
p0039,pm039,A4,test,0,0,ALERT-flat,0,0
p0039,pm039,A4,test,0,0,ALERT,0,0
p0040,pm040,A0,train,0,0,cosine,0,0
p0040,pm040,A0,train,0,0,LegalBERT-NLI,0,0
p0040,pm040,A0,train,0,0,COLIEE-retrieval,1,0
p0040,pm040,A0,train,0,0,RAG-only,0,0
p0040,pm040,A0,train,0,0,ALERT-flat,0,0
p0040,pm040,A0,train,0,0,ALERT,0,0
p0041,pm041,A1,test,0,1,cosine,1,0
p0041,pm041,A1,test,0,1,LegalBERT-NLI,0,0
p0041,pm041,A1,test,0,1,COLIEE-retrieval,1,0
p0041,pm041,A1,test,0,1,RAG-only,1,0
p0041,pm041,A1,test,0,1,ALERT-flat,1,0
p0041,pm041,A1,test,0,1,ALERT,0,0
p0042,pm042,A2,test,0,0,cosine,0,0
p0042,pm042,A2,test,0,0,LegalBERT-NLI,0,0
p0042,pm042,A2,test,0,0,COLIEE-retrieval,0,0
p0042,pm042,A2,test,0,0,RAG-only,0,0
p0042,pm042,A2,test,0,0,ALERT-flat,0,0
p0042,pm042,A2,test,0,0,ALERT,0,0
p0043,pm043,A3,test,1,0,cosine,0,0
p0043,pm043,A3,test,1,0,LegalBERT-NLI,0,0
p0043,pm043,A3,test,1,0,COLIEE-retrieval,0,0
p0043,pm043,A3,test,1,0,RAG-only,0,0
p0043,pm043,A3,test,1,0,ALERT-flat,1,1
p0043,pm043,A3,test,1,0,ALERT,0,0
p0044,pm044,A4,test,0,0,cosine,0,0
p0044,pm044,A4,test,0,0,LegalBERT-NLI,0,0
p0044,pm044,A4,test,0,0,COLIEE-retrieval,0,0
p0044,pm044,A4,test,0,0,RAG-only,0,0
p0044,pm044,A4,test,0,0,ALERT-flat,0,0
p0044,pm044,A4,test,0,0,ALERT,0,0
p0045,pm045,A0,train,0,1,cosine,1,0
p0045,pm045,A0,train,0,1,LegalBERT-NLI,1,0
p0045,pm045,A0,train,0,1,COLIEE-retrieval,1,0
p0045,pm045,A0,train,0,1,RAG-only,1,0
p0045,pm045,A0,train,0,1,ALERT-flat,0,0
p0045,pm045,A0,train,0,1,ALERT,1,0
p0046,pm046,A1,test,0,1,cosine,1,0
p0046,pm046,A1,test,0,1,LegalBERT-NLI,1,0
p0046,pm046,A1,test,0,1,COLIEE-retrieval,1,0
p0046,pm046,A1,test,0,1,RAG-only,1,0
p0046,pm046,A1,test,0,1,ALERT-flat,1,0
p0046,pm046,A1,test,0,1,ALERT,1,0
p0047,pm047,A2,test,0,0,cosine,1,0
p0047,pm047,A2,test,0,0,LegalBERT-NLI,0,0
p0047,pm047,A2,test,0,0,COLIEE-retrieval,1,0
p0047,pm047,A2,test,0,0,RAG-only,0,0
p0047,pm047,A2,test,0,0,ALERT-flat,0,0
p0047,pm047,A2,test,0,0,ALERT,0,0
p0048,pm048,A3,test,0,1,cosine,0,0
p0048,pm048,A3,test,0,1,LegalBERT-NLI,0,0
p0048,pm048,A3,test,0,1,COLIEE-retrieval,1,0
p0048,pm048,A3,test,0,1,RAG-only,1,0
p0048,pm048,A3,test,0,1,ALERT-flat,1,0
p0048,pm048,A3,test,0,1,ALERT,1,0
p0049,pm049,A4,test,0,0,cosine,1,0
p0049,pm049,A4,test,0,0,LegalBERT-NLI,0,0
p0049,pm049,A4,test,0,0,COLIEE-retrieval,0,0
p0049,pm049,A4,test,0,0,RAG-only,0,0
p0049,pm049,A4,test,0,0,ALERT-flat,1,0
p0049,pm049,A4,test,0,0,ALERT,0,0
p0050,pm050,A0,train,0,1,cosine,1,0
p0050,pm050,A0,train,0,1,LegalBERT-NLI,1,0
p0050,pm050,A0,train,0,1,COLIEE-retrieval,0,0
p0050,pm050,A0,train,0,1,RAG-only,1,0
p0050,pm050,A0,train,0,1,ALERT-flat,1,0
p0050,pm050,A0,train,0,1,ALERT,1,0
p0051,pm051,A1,test,0,1,cosine,1,0
p0051,pm051,A1,test,0,1,LegalBERT-NLI,1,0
p0051,pm051,A1,test,0,1,COLIEE-retrieval,1,0
p0051,pm051,A1,test,0,1,RAG-only,0,0
p0051,pm051,A1,test,0,1,ALERT-flat,1,0
p0051,pm051,A1,test,0,1,ALERT,1,0
p0052,pm052,A2,test,0,0,cosine,0,0
p0052,pm052,A2,test,0,0,LegalBERT-NLI,0,0
p0052,pm052,A2,test,0,0,COLIEE-retrieval,0,0
p0052,pm052,A2,test,0,0,RAG-only,0,0
p0052,pm052,A2,test,0,0,ALERT-flat,0,0
p0052,pm052,A2,test,0,0,ALERT,1,0
p0053,pm053,A3,test,0,1,cosine,1,0
p0053,pm053,A3,test,0,1,LegalBERT-NLI,1,0
p0053,pm053,A3,test,0,1,COLIEE-retrieval,1,0
p0053,pm053,A3,test,0,1,RAG-only,1,0
p0053,pm053,A3,test,0,1,ALERT-flat,1,0
p0053,pm053,A3,test,0,1,ALERT,1,0
p0054,pm054,A4,test,0,0,cosine,0,0
p0054,pm054,A4,test,0,0,LegalBERT-NLI,0,0
p0054,pm054,A4,test,0,0,COLIEE-retrieval,0,0
p0054,pm054,A4,test,0,0,RAG-only,1,0
p0054,pm054,A4,test,0,0,ALERT-flat,0,0
p0054,pm054,A4,test,0,0,ALERT,0,0
p0055,pm055,A0,train,0,0,cosine,0,0
p0055,pm055,A0,train,0,0,LegalBERT-NLI,1,0
p0055,pm055,A0,train,0,0,COLIEE-retrieval,0,0
p0055,pm055,A0,train,0,0,RAG-only,0,0
p0055,pm055,A0,train,0,0,ALERT-flat,0,0
p0055,pm055,A0,train,0,0,ALERT,0,0
p0056,pm056,A1,test,0,0,cosine,1,0
p0056,pm056,A1,test,0,0,LegalBERT-NLI,0,0
p0056,pm056,A1,test,0,0,COLIEE-retrieval,1,0
p0056,pm056,A1,test,0,0,RAG-only,0,0
p0056,pm056,A1,test,0,0,ALERT-flat,1,0
p0056,pm056,A1,test,0,0,ALERT,0,0
p0057,pm057,A2,test,0,0,cosine,1,0
p0057,pm057,A2,test,0,0,LegalBERT-NLI,0,0
p0057,pm057,A2,test,0,0,COLIEE-retrieval,0,0
p0057,pm057,A2,test,0,0,RAG-only,0,0
p0057,pm057,A2,test,0,0,ALERT-flat,0,0
p0057,pm057,A2,test,0,0,ALERT,0,0
p0058,pm058,A3,test,0,0,cosine,0,0
p0058,pm058,A3,test,0,0,LegalBERT-NLI,0,0
p0058,pm058,A3,test,0,0,COLIEE-retrieval,1,0
p0058,pm058,A3,test,0,0,RAG-only,0,0
p0058,pm058,A3,test,0,0,ALERT-flat,0,0
p0058,pm058,A3,test,0,0,ALERT,0,0
p0059,pm059,A4,test,0,1,cosine,1,0
p0059,pm059,A4,test,0,1,LegalBERT-NLI,1,0
p0059,pm059,A4,test,0,1,COLIEE-retrieval,1,0
p0059,pm059,A4,test,0,1,RAG-only,1,0
p0059,pm059,A4,test,0,1,ALERT-flat,1,0
p0059,pm059,A4,test,0,1,ALERT,0,0
p0060,pm060,A0,train,0,0,cosine,1,0
p0060,pm060,A0,train,0,0,LegalBERT-NLI,1,0
p0060,pm060,A0,train,0,0,COLIEE-retrieval,0,0
p0060,pm060,A0,train,0,0,RAG-only,0,0
p0060,pm060,A0,train,0,0,ALERT-flat,0,0
p0060,pm060,A0,train,0,0,ALERT,0,0
p0061,pm061,A1,test,0,1,cosine,1,0
p0061,pm061,A1,test,0,1,LegalBERT-NLI,1,0
p0061,pm061,A1,test,0,1,COLIEE-retrieval,1,0
p0061,pm061,A1,test,0,1,RAG-only,1,0
p0061,pm061,A1,test,0,1,ALERT-flat,1,0
p0061,pm061,A1,test,0,1,ALERT,0,0
p0062,pm062,A2,test,0,1,cosine,1,0
p0062,pm062,A2,test,0,1,LegalBERT-NLI,1,0
p0062,pm062,A2,test,0,1,COLIEE-retrieval,1,0
p0062,pm062,A2,test,0,1,RAG-only,1,0
p0062,pm062,A2,test,0,1,ALERT-flat,1,0
p0062,pm062,A2,test,0,1,ALERT,1,0
p0063,pm063,A3,test,0,0,cosine,0,0
p0063,pm063,A3,test,0,0,LegalBERT-NLI,0,0
p0063,pm063,A3,test,0,0,COLIEE-retrieval,0,0
p0063,pm063,A3,test,0,0,RAG-only,1,0
p0063,pm063,A3,test,0,0,ALERT-flat,0,0
p0063,pm063,A3,test,0,0,ALERT,0,0
p0064,pm064,A4,test,0,0,cosine,0,0
p0064,pm064,A4,test,0,0,LegalBERT-NLI,0,0
p0064,pm064,A4,test,0,0,COLIEE-retrieval,0,0
p0064,pm064,A4,test,0,0,RAG-only,0,0
p0064,pm064,A4,test,0,0,ALERT-flat,0,0
p0064,pm064,A4,test,0,0,ALERT,0,0
p0065,pm065,A0,train,0,0,cosine,0,0
p0065,pm065,A0,train,0,0,LegalBERT-NLI,0,0
p0065,pm065,A0,train,0,0,COLIEE-retrieval,0,0
p0065,pm065,A0,train,0,0,RAG-only,0,0
p0065,pm065,A0,train,0,0,ALERT-flat,0,0
p0065,pm065,A0,train,0,0,ALERT,0,0
p0066,pm066,A1,test,1,0,cosine,1,1
p0066,pm066,A1,test,1,0,LegalBERT-NLI,0,0
p0066,pm066,A1,test,1,0,COLIEE-retrieval,0,0
p0066,pm066,A1,test,1,0,RAG-only,0,0
p0066,pm066,A1,test,1,0,ALERT-flat,0,0
p0066,pm066,A1,test,1,0,ALERT,0,0
p0067,pm067,A2,test,0,1,cosine,1,0
p0067,pm067,A2,test,0,1,LegalBERT-NLI,1,0
p0067,pm067,A2,test,0,1,COLIEE-retrieval,1,0
p0067,pm067,A2,test,0,1,RAG-only,0,0
p0067,pm067,A2,test,0,1,ALERT-flat,1,0
p0067,pm067,A2,test,0,1,ALERT,1,0
p0068,pm068,A3,test,1,0,cosine,0,0
p0068,pm068,A3,test,1,0,LegalBERT-NLI,0,0
p0068,pm068,A3,test,1,0,COLIEE-retrieval,0,0
p0068,pm068,A3,test,1,0,RAG-only,0,0
p0068,pm068,A3,test,1,0,ALERT-flat,0,0
p0068,pm068,A3,test,1,0,ALERT,0,0
p0069,pm069,A4,test,0,0,cosine,0,0
p0069,pm069,A4,test,0,0,LegalBERT-NLI,0,0
p0069,pm069,A4,test,0,0,COLIEE-retrieval,0,0
p0069,pm069,A4,test,0,0,RAG-only,0,0
p0069,pm069,A4,test,0,0,ALERT-flat,0,0
p0069,pm069,A4,test,0,0,ALERT,0,0
p0070,pm070,A0,train,0,0,cosine,1,0
p0070,pm070,A0,train,0,0,LegalBERT-NLI,0,0
p0070,pm070,A0,train,0,0,COLIEE-retrieval,0,0
p0070,pm070,A0,train,0,0,RAG-only,0,0
p0070,pm070,A0,train,0,0,ALERT-flat,0,0
p0070,pm070,A0,train,0,0,ALERT,0,0
p0071,pm071,A1,test,0,1,cosine,1,0
p0071,pm071,A1,test,0,1,LegalBERT-NLI,1,0
p0071,pm071,A1,test,0,1,COLIEE-retrieval,1,0
p0071,pm071,A1,test,0,1,RAG-only,1,0
p0071,pm071,A1,test,0,1,ALERT-flat,0,0
p0071,pm071,A1,test,0,1,ALERT,1,0
p0072,pm072,A2,test,0,1,cosine,1,0
p0072,pm072,A2,test,0,1,LegalBERT-NLI,1,0
p0072,pm072,A2,test,0,1,COLIEE-retrieval,1,0
p0072,pm072,A2,test,0,1,RAG-only,0,0
p0072,pm072,A2,test,0,1,ALERT-flat,0,0
p0072,pm072,A2,test,0,1,ALERT,0,0
p0073,pm073,A3,test,0,0,cosine,0,0
p0073,pm073,A3,test,0,0,LegalBERT-NLI,0,0
p0073,pm073,A3,test,0,0,COLIEE-retrieval,1,0
p0073,pm073,A3,test,0,0,RAG-only,0,0
p0073,pm073,A3,test,0,0,ALERT-flat,0,0
p0073,pm073,A3,test,0,0,ALERT,0,0
p0074,pm074,A4,test,1,0,cosine,1,1
p0074,pm074,A4,test,1,0,LegalBERT-NLI,0,0
p0074,pm074,A4,test,1,0,COLIEE-retrieval,0,0
p0074,pm074,A4,test,1,0,RAG-only,0,0
p0074,pm074,A4,test,1,0,ALERT-flat,0,0
p0074,pm074,A4,test,1,0,ALERT,0,0
p0075,pm075,A0,train,0,0,cosine,0,0
p0075,pm075,A0,train,0,0,LegalBERT-NLI,0,0
p0075,pm075,A0,train,0,0,COLIEE-retrieval,0,0
p0075,pm075,A0,train,0,0,RAG-only,0,0
p0075,pm075,A0,train,0,0,ALERT-flat,0,0
p0075,pm075,A0,train,0,0,ALERT,1,0
p0076,pm076,A1,test,0,1,cosine,1,0
p0076,pm076,A1,test,0,1,LegalBERT-NLI,0,0
p0076,pm076,A1,test,0,1,COLIEE-retrieval,1,0
p0076,pm076,A1,test,0,1,RAG-only,1,0
p0076,pm076,A1,test,0,1,ALERT-flat,1,0
p0076,pm076,A1,test,0,1,ALERT,1,0
p0077,pm077,A2,test,1,0,cosine,1,1
p0077,pm077,A2,test,1,0,LegalBERT-NLI,0,0
p0077,pm077,A2,test,1,0,COLIEE-retrieval,0,0
p0077,pm077,A2,test,1,0,RAG-only,0,0
p0077,pm077,A2,test,1,0,ALERT-flat,0,0
p0077,pm077,A2,test,1,0,ALERT,0,0
p0078,pm078,A3,test,0,1,cosine,1,0
p0078,pm078,A3,test,0,1,LegalBERT-NLI,1,0
p0078,pm078,A3,test,0,1,COLIEE-retrieval,1,0
p0078,pm078,A3,test,0,1,RAG-only,1,0
p0078,pm078,A3,test,0,1,ALERT-flat,0,0
p0078,pm078,A3,test,0,1,ALERT,1,0
p0079,pm079,A4,test,0,0,cosine,0,0
p0079,pm079,A4,test,0,0,LegalBERT-NLI,0,0
p0079,pm079,A4,test,0,0,COLIEE-retrieval,0,0
p0079,pm079,A4,test,0,0,RAG-only,1,0
p0079,pm079,A4,test,0,0,ALERT-flat,0,0
p0079,pm079,A4,test,0,0,ALERT,0,0
p0080,pm080,A0,train,0,0,cosine,1,0
p0080,pm080,A0,train,0,0,LegalBERT-NLI,0,0
p0080,pm080,A0,train,0,0,COLIEE-retrieval,0,0
p0080,pm080,A0,train,0,0,RAG-only,0,0
p0080,pm080,A0,train,0,0,ALERT-flat,0,0
p0080,pm080,A0,train,0,0,ALERT,0,0
p0081,pm081,A1,test,0,0,cosine,1,0
p0081,pm081,A1,test,0,0,LegalBERT-NLI,0,0
p0081,pm081,A1,test,0,0,COLIEE-retrieval,1,0
p0081,pm081,A1,test,0,0,RAG-only,0,0
p0081,pm081,A1,test,0,0,ALERT-flat,0,0
p0081,pm081,A1,test,0,0,ALERT,0,0
p0082,pm082,A2,test,1,0,cosine,1,1
p0082,pm082,A2,test,1,0,LegalBERT-NLI,0,0
p0082,pm082,A2,test,1,0,COLIEE-retrieval,0,0
p0082,pm082,A2,test,1,0,RAG-only,0,0
p0082,pm082,A2,test,1,0,ALERT-flat,0,0
p0082,pm082,A2,test,1,0,ALERT,0,0
p0083,pm083,A3,test,1,0,cosine,0,0
p0083,pm083,A3,test,1,0,LegalBERT-NLI,0,0
p0083,pm083,A3,test,1,0,COLIEE-retrieval,0,0
p0083,pm083,A3,test,1,0,RAG-only,0,0
p0083,pm083,A3,test,1,0,ALERT-flat,0,0
p0083,pm083,A3,test,1,0,ALERT,0,0
p0084,pm084,A4,test,0,1,cosine,1,0
p0084,pm084,A4,test,0,1,LegalBERT-NLI,1,0
p0084,pm084,A4,test,0,1,COLIEE-retrieval,1,0
p0084,pm084,A4,test,0,1,RAG-only,1,0
p0084,pm084,A4,test,0,1,ALERT-flat,0,0
p0084,pm084,A4,test,0,1,ALERT,1,0
p0085,pm085,A0,train,0,0,cosine,0,0
p0085,pm085,A0,train,0,0,LegalBERT-NLI,1,0
p0085,pm085,A0,train,0,0,COLIEE-retrieval,0,0
p0085,pm085,A0,train,0,0,RAG-only,0,0
p0085,pm085,A0,train,0,0,ALERT-flat,1,0
p0085,pm085,A0,train,0,0,ALERT,0,0
p0086,pm086,A1,test,0,0,cosine,0,0
p0086,pm086,A1,test,0,0,LegalBERT-NLI,1,0
p0086,pm086,A1,test,0,0,COLIEE-retrieval,0,0
p0086,pm086,A1,test,0,0,RAG-only,0,0
p0086,pm086,A1,test,0,0,ALERT-flat,1,0
p0086,pm086,A1,test,0,0,ALERT,0,0
p0087,pm087,A2,test,0,1,cosine,1,0
p0087,pm087,A2,test,0,1,LegalBERT-NLI,0,0
p0087,pm087,A2,test,0,1,COLIEE-retrieval,1,0
p0087,pm087,A2,test,0,1,RAG-only,1,0
p0087,pm087,A2,test,0,1,ALERT-flat,1,0
p0087,pm087,A2,test,0,1,ALERT,1,0
p0088,pm088,A3,test,0,0,cosine,1,0
p0088,pm088,A3,test,0,0,LegalBERT-NLI,1,0
p0088,pm088,A3,test,0,0,COLIEE-retrieval,0,0
p0088,pm088,A3,test,0,0,RAG-only,0,0
p0088,pm088,A3,test,0,0,ALERT-flat,0,0
p0088,pm088,A3,test,0,0,ALERT,0,0
p0089,pm089,A4,test,0,0,cosine,0,0
p0089,pm089,A4,test,0,0,LegalBERT-NLI,0,0
p0089,pm089,A4,test,0,0,COLIEE-retrieval,0,0
p0089,pm089,A4,test,0,0,RAG-only,0,0
p0089,pm089,A4,test,0,0,ALERT-flat,0,0
p0089,pm089,A4,test,0,0,ALERT,0,0
p0090,pm090,A0,train,0,0,cosine,0,0
p0090,pm090,A0,train,0,0,LegalBERT-NLI,0,0
p0090,pm090,A0,train,0,0,COLIEE-retrieval,0,0
p0090,pm090,A0,train,0,0,RAG-only,0,0
p0090,pm090,A0,train,0,0,ALERT-flat,0,0
p0090,pm090,A0,train,0,0,ALERT,1,0
p0091,pm091,A1,test,0,1,cosine,0,0
p0091,pm091,A1,test,0,1,LegalBERT-NLI,1,0
p0091,pm091,A1,test,0,1,COLIEE-retrieval,0,0
p0091,pm091,A1,test,0,1,RAG-only,1,0
p0091,pm091,A1,test,0,1,ALERT-flat,1,0
p0091,pm091,A1,test,0,1,ALERT,1,0
p0092,pm092,A2,test,0,0,cosine,1,0
p0092,pm092,A2,test,0,0,LegalBERT-NLI,1,0
p0092,pm092,A2,test,0,0,COLIEE-retrieval,0,0
p0092,pm092,A2,test,0,0,RAG-only,1,0
p0092,pm092,A2,test,0,0,ALERT-flat,0,0
p0092,pm092,A2,test,0,0,ALERT,0,0
p0093,pm093,A3,test,0,1,cosine,1,0
p0093,pm093,A3,test,0,1,LegalBERT-NLI,1,0
p0093,pm093,A3,test,0,1,COLIEE-retrieval,1,0
p0093,pm093,A3,test,0,1,RAG-only,0,0
p0093,pm093,A3,test,0,1,ALERT-flat,1,0
p0093,pm093,A3,test,0,1,ALERT,1,0
p0094,pm094,A4,test,0,0,cosine,0,0
p0094,pm094,A4,test,0,0,LegalBERT-NLI,0,0
p0094,pm094,A4,test,0,0,COLIEE-retrieval,1,0
p0094,pm094,A4,test,0,0,RAG-only,0,0
p0094,pm094,A4,test,0,0,ALERT-flat,0,0
p0094,pm094,A4,test,0,0,ALERT,0,0
p0095,pm095,A0,train,0,0,cosine,0,0
p0095,pm095,A0,train,0,0,LegalBERT-NLI,0,0
p0095,pm095,A0,train,0,0,COLIEE-retrieval,0,0
p0095,pm095,A0,train,0,0,RAG-only,0,0
p0095,pm095,A0,train,0,0,ALERT-flat,1,0
p0095,pm095,A0,train,0,0,ALERT,0,0
p0096,pm096,A1,test,0,0,cosine,0,0
p0096,pm096,A1,test,0,0,LegalBERT-NLI,0,0
p0096,pm096,A1,test,0,0,COLIEE-retrieval,0,0
p0096,pm096,A1,test,0,0,RAG-only,0,0
p0096,pm096,A1,test,0,0,ALERT-flat,0,0
p0096,pm096,A1,test,0,0,ALERT,0,0
p0097,pm097,A2,test,0,0,cosine,0,0
p0097,pm097,A2,test,0,0,LegalBERT-NLI,0,0
p0097,pm097,A2,test,0,0,COLIEE-retrieval,0,0
p0097,pm097,A2,test,0,0,RAG-only,0,0
p0097,pm097,A2,test,0,0,ALERT-flat,0,0
p0097,pm097,A2,test,0,0,ALERT,1,0
p0098,pm098,A3,test,0,1,cosine,1,0
p0098,pm098,A3,test,0,1,LegalBERT-NLI,1,0
p0098,pm098,A3,test,0,1,COLIEE-retrieval,0,0
p0098,pm098,A3,test,0,1,RAG-only,1,0
p0098,pm098,A3,test,0,1,ALERT-flat,1,0
p0098,pm098,A3,test,0,1,ALERT,1,0
p0099,pm099,A4,test,1,0,cosine,0,0
p0099,pm099,A4,test,1,0,LegalBERT-NLI,0,0
p0099,pm099,A4,test,1,0,COLIEE-retrieval,0,0
p0099,pm099,A4,test,1,0,RAG-only,1,1
p0099,pm099,A4,test,1,0,ALERT-flat,0,0
p0099,pm099,A4,test,1,0,ALERT,0,0
p0100,pm100,A0,train,0,0,cosine,0,0
p0100,pm100,A0,train,0,0,LegalBERT-NLI,1,0
p0100,pm100,A0,train,0,0,COLIEE-retrieval,0,0
p0100,pm100,A0,train,0,0,RAG-only,0,0
p0100,pm100,A0,train,0,0,ALERT-flat,0,0
p0100,pm100,A0,train,0,0,ALERT,0,0
p0101,pm101,A1,test,0,0,cosine,0,0
p0101,pm101,A1,test,0,0,LegalBERT-NLI,0,0
p0101,pm101,A1,test,0,0,COLIEE-retrieval,0,0
p0101,pm101,A1,test,0,0,RAG-only,1,0
p0101,pm101,A1,test,0,0,ALERT-flat,0,0
p0101,pm101,A1,test,0,0,ALERT,0,0
p0102,pm102,A2,test,0,1,cosine,0,0
p0102,pm102,A2,test,0,1,LegalBERT-NLI,1,0
p0102,pm102,A2,test,0,1,COLIEE-retrieval,1,0
p0102,pm102,A2,test,0,1,RAG-only,1,0
p0102,pm102,A2,test,0,1,ALERT-flat,1,0
p0102,pm102,A2,test,0,1,ALERT,1,0
p0103,pm103,A3,test,0,1,cosine,1,0
p0103,pm103,A3,test,0,1,LegalBERT-NLI,1,0
p0103,pm103,A3,test,0,1,COLIEE-retrieval,1,0
p0103,pm103,A3,test,0,1,RAG-only,1,0
p0103,pm103,A3,test,0,1,ALERT-flat,0,0
p0103,pm103,A3,test,0,1,ALERT,1,0
p0104,pm104,A4,test,0,1,cosine,1,0
p0104,pm104,A4,test,0,1,LegalBERT-NLI,1,0
p0104,pm104,A4,test,0,1,COLIEE-retrieval,1,0
p0104,pm104,A4,test,0,1,RAG-only,1,0
p0104,pm104,A4,test,0,1,ALERT-flat,1,0
p0104,pm104,A4,test,0,1,ALERT,0,0
p0105,pm105,A0,train,0,0,cosine,0,0
p0105,pm105,A0,train,0,0,LegalBERT-NLI,0,0
p0105,pm105,A0,train,0,0,COLIEE-retrieval,1,0
p0105,pm105,A0,train,0,0,RAG-only,1,0
p0105,pm105,A0,train,0,0,ALERT-flat,0,0
p0105,pm105,A0,train,0,0,ALERT,1,0
p0106,pm106,A1,test,0,0,cosine,0,0
p0106,pm106,A1,test,0,0,LegalBERT-NLI,0,0
p0106,pm106,A1,test,0,0,COLIEE-retrieval,0,0
p0106,pm106,A1,test,0,0,RAG-only,0,0
p0106,pm106,A1,test,0,0,ALERT-flat,0,0
p0106,pm106,A1,test,0,0,ALERT,0,0
p0107,pm107,A2,test,1,0,cosine,0,0
p0107,pm107,A2,test,1,0,LegalBERT-NLI,1,1
p0107,pm107,A2,test,1,0,COLIEE-retrieval,0,0
p0107,pm107,A2,test,1,0,RAG-only,0,0
p0107,pm107,A2,test,1,0,ALERT-flat,0,0
p0107,pm107,A2,test,1,0,ALERT,0,0
p0108,pm108,A3,test,0,0,cosine,1,0
p0108,pm108,A3,test,0,0,LegalBERT-NLI,0,0
p0108,pm108,A3,test,0,0,COLIEE-retrieval,0,0
p0108,pm108,A3,test,0,0,RAG-only,1,0
p0108,pm108,A3,test,0,0,ALERT-flat,0,0
p0108,pm108,A3,test,0,0,ALERT,0,0
p0109,pm109,A4,test,0,1,cosine,1,0
p0109,pm109,A4,test,0,1,LegalBERT-NLI,1,0
p0109,pm109,A4,test,0,1,COLIEE-retrieval,1,0
p0109,pm109,A4,test,0,1,RAG-only,0,0
p0109,pm109,A4,test,0,1,ALERT-flat,1,0
p0109,pm109,A4,test,0,1,ALERT,0,0
p0110,pm110,A0,train,0,1,cosine,1,0
p0110,pm110,A0,train,0,1,LegalBERT-NLI,1,0
p0110,pm110,A0,train,0,1,COLIEE-retrieval,1,0
p0110,pm110,A0,train,0,1,RAG-only,1,0
p0110,pm110,A0,train,0,1,ALERT-flat,0,0
p0110,pm110,A0,train,0,1,ALERT,0,0
p0111,pm111,A1,test,0,0,cosine,0,0
p0111,pm111,A1,test,0,0,LegalBERT-NLI,1,0
p0111,pm111,A1,test,0,0,COLIEE-retrieval,1,0
p0111,pm111,A1,test,0,0,RAG-only,0,0
p0111,pm111,A1,test,0,0,ALERT-flat,0,0
p0111,pm111,A1,test,0,0,ALERT,0,0
p0112,pm112,A2,test,0,0,cosine,0,0
p0112,pm112,A2,test,0,0,LegalBERT-NLI,0,0
p0112,pm112,A2,test,0,0,COLIEE-retrieval,0,0
p0112,pm112,A2,test,0,0,RAG-only,0,0
p0112,pm112,A2,test,0,0,ALERT-flat,0,0
p0112,pm112,A2,test,0,0,ALERT,0,0
p0113,pm113,A3,test,0,1,cosine,1,0
p0113,pm113,A3,test,0,1,LegalBERT-NLI,1,0
p0113,pm113,A3,test,0,1,COLIEE-retrieval,1,0
p0113,pm113,A3,test,0,1,RAG-only,1,0
p0113,pm113,A3,test,0,1,ALERT-flat,1,0
p0113,pm113,A3,test,0,1,ALERT,1,0
p0114,pm114,A4,test,1,0,cosine,0,0
p0114,pm114,A4,test,1,0,LegalBERT-NLI,0,0
p0114,pm114,A4,test,1,0,COLIEE-retrieval,0,0
p0114,pm114,A4,test,1,0,RAG-only,0,0
p0114,pm114,A4,test,1,0,ALERT-flat,0,0
p0114,pm114,A4,test,1,0,ALERT,0,0
p0115,pm115,A0,train,0,0,cosine,0,0
p0115,pm115,A0,train,0,0,LegalBERT-NLI,0,0
p0115,pm115,A0,train,0,0,COLIEE-retrieval,0,0
p0115,pm115,A0,train,0,0,RAG-only,0,0
p0115,pm115,A0,train,0,0,ALERT-flat,0,0
p0115,pm115,A0,train,0,0,ALERT,0,0
p0116,pm116,A1,test,0,1,cosine,1,0
p0116,pm116,A1,test,0,1,LegalBERT-NLI,1,0
p0116,pm116,A1,test,0,1,COLIEE-retrieval,1,0
p0116,pm116,A1,test,0,1,RAG-only,1,0
p0116,pm116,A1,test,0,1,ALERT-flat,1,0
p0116,pm116,A1,test,0,1,ALERT,0,0
p0117,pm117,A2,test,1,0,cosine,0,0
p0117,pm117,A2,test,1,0,LegalBERT-NLI,0,0
p0117,pm117,A2,test,1,0,COLIEE-retrieval,0,0
p0117,pm117,A2,test,1,0,RAG-only,0,0
p0117,pm117,A2,test,1,0,ALERT-flat,1,1
p0117,pm117,A2,test,1,0,ALERT,0,0
p0118,pm118,A3,test,0,1,cosine,1,0
p0118,pm118,A3,test,0,1,LegalBERT-NLI,1,0
p0118,pm118,A3,test,0,1,COLIEE-retrieval,1,0
p0118,pm118,A3,test,0,1,RAG-only,1,0
p0118,pm118,A3,test,0,1,ALERT-flat,1,0
p0118,pm118,A3,test,0,1,ALERT,1,0
p0119,pm119,A4,test,0,0,cosine,0,0
p0119,pm119,A4,test,0,0,LegalBERT-NLI,0,0
p0119,pm119,A4,test,0,0,COLIEE-retrieval,0,0
p0119,pm119,A4,test,0,0,RAG-only,0,0
p0119,pm119,A4,test,0,0,ALERT-flat,0,0
p0119,pm119,A4,test,0,0,ALERT,0,0
p0120,pm120,A0,train,0,1,cosine,1,0
p0120,pm120,A0,train,0,1,LegalBERT-NLI,0,0
p0120,pm120,A0,train,0,1,COLIEE-retrieval,1,0
p0120,pm120,A0,train,0,1,RAG-only,0,0
p0120,pm120,A0,train,0,1,ALERT-flat,1,0
p0120,pm120,A0,train,0,1,ALERT,1,0
p0121,pm121,A1,test,0,0,cosine,0,0
p0121,pm121,A1,test,0,0,LegalBERT-NLI,1,0
p0121,pm121,A1,test,0,0,COLIEE-retrieval,0,0
p0121,pm121,A1,test,0,0,RAG-only,0,0
p0121,pm121,A1,test,0,0,ALERT-flat,0,0
p0121,pm121,A1,test,0,0,ALERT,0,0
p0122,pm122,A2,test,0,0,cosine,1,0
p0122,pm122,A2,test,0,0,LegalBERT-NLI,0,0
p0122,pm122,A2,test,0,0,COLIEE-retrieval,0,0
p0122,pm122,A2,test,0,0,RAG-only,0,0
p0122,pm122,A2,test,0,0,ALERT-flat,0,0
p0122,pm122,A2,test,0,0,ALERT,0,0
p0123,pm123,A3,test,0,0,cosine,1,0
p0123,pm123,A3,test,0,0,LegalBERT-NLI,0,0
p0123,pm123,A3,test,0,0,COLIEE-retrieval,0,0
p0123,pm123,A3,test,0,0,RAG-only,0,0
p0123,pm123,A3,test,0,0,ALERT-flat,0,0
p0123,pm123,A3,test,0,0,ALERT,0,0
p0124,pm124,A4,test,0,0,cosine,0,0
p0124,pm124,A4,test,0,0,LegalBERT-NLI,0,0
p0124,pm124,A4,test,0,0,COLIEE-retrieval,0,0
p0124,pm124,A4,test,0,0,RAG-only,0,0
p0124,pm124,A4,test,0,0,ALERT-flat,0,0
p0124,pm124,A4,test,0,0,ALERT,1,0
p0125,pm125,A0,train,0,0,cosine,1,0
p0125,pm125,A0,train,0,0,LegalBERT-NLI,0,0
p0125,pm125,A0,train,0,0,COLIEE-retrieval,0,0
p0125,pm125,A0,train,0,0,RAG-only,0,0
p0125,pm125,A0,train,0,0,ALERT-flat,0,0
p0125,pm125,A0,train,0,0,ALERT,0,0
p0126,pm126,A1,test,0,1,cosine,1,0
p0126,pm126,A1,test,0,1,LegalBERT-NLI,1,0
p0126,pm126,A1,test,0,1,COLIEE-retrieval,1,0
p0126,pm126,A1,test,0,1,RAG-only,1,0
p0126,pm126,A1,test,0,1,ALERT-flat,1,0
p0126,pm126,A1,test,0,1,ALERT,1,0
p0127,pm127,A2,test,0,0,cosine,0,0
p0127,pm127,A2,test,0,0,LegalBERT-NLI,0,0
p0127,pm127,A2,test,0,0,COLIEE-retrieval,0,0
p0127,pm127,A2,test,0,0,RAG-only,0,0
p0127,pm127,A2,test,0,0,ALERT-flat,0,0
p0127,pm127,A2,test,0,0,ALERT,1,0
p0128,pm128,A3,test,0,0,cosine,0,0
p0128,pm128,A3,test,0,0,LegalBERT-NLI,0,0
p0128,pm128,A3,test,0,0,COLIEE-retrieval,0,0
p0128,pm128,A3,test,0,0,RAG-only,0,0
p0128,pm128,A3,test,0,0,ALERT-flat,0,0
p0128,pm128,A3,test,0,0,ALERT,0,0
p0129,pm129,A4,test,0,1,cosine,1,0
p0129,pm129,A4,test,0,1,LegalBERT-NLI,1,0
p0129,pm129,A4,test,0,1,COLIEE-retrieval,1,0
p0129,pm129,A4,test,0,1,RAG-only,1,0
p0129,pm129,A4,test,0,1,ALERT-flat,1,0
p0129,pm129,A4,test,0,1,ALERT,1,0
p0130,pm130,A0,train,0,1,cosine,1,0
p0130,pm130,A0,train,0,1,LegalBERT-NLI,1,0
p0130,pm130,A0,train,0,1,COLIEE-retrieval,1,0
p0130,pm130,A0,train,0,1,RAG-only,1,0
p0130,pm130,A0,train,0,1,ALERT-flat,1,0
p0130,pm130,A0,train,0,1,ALERT,1,0
p0131,pm131,A1,test,0,1,cosine,1,0
p0131,pm131,A1,test,0,1,LegalBERT-NLI,1,0
p0131,pm131,A1,test,0,1,COLIEE-retrieval,1,0
p0131,pm131,A1,test,0,1,RAG-only,0,0
p0131,pm131,A1,test,0,1,ALERT-flat,0,0
p0131,pm131,A1,test,0,1,ALERT,1,0
p0132,pm132,A2,test,0,1,cosine,0,0
p0132,pm132,A2,test,0,1,LegalBERT-NLI,1,0
p0132,pm132,A2,test,0,1,COLIEE-retrieval,1,0
p0132,pm132,A2,test,0,1,RAG-only,1,0
p0132,pm132,A2,test,0,1,ALERT-flat,1,0
p0132,pm132,A2,test,0,1,ALERT,1,0
p0133,pm133,A3,test,0,0,cosine,1,0
p0133,pm133,A3,test,0,0,LegalBERT-NLI,0,0
p0133,pm133,A3,test,0,0,COLIEE-retrieval,0,0
p0133,pm133,A3,test,0,0,RAG-only,0,0
p0133,pm133,A3,test,0,0,ALERT-flat,0,0
p0133,pm133,A3,test,0,0,ALERT,1,0
p0134,pm134,A4,test,0,0,cosine,0,0
p0134,pm134,A4,test,0,0,LegalBERT-NLI,0,0
p0134,pm134,A4,test,0,0,COLIEE-retrieval,0,0
p0134,pm134,A4,test,0,0,RAG-only,0,0
p0134,pm134,A4,test,0,0,ALERT-flat,0,0
p0134,pm134,A4,test,0,0,ALERT,0,0
p0135,pm135,A0,train,0,0,cosine,0,0
p0135,pm135,A0,train,0,0,LegalBERT-NLI,1,0
p0135,pm135,A0,train,0,0,COLIEE-retrieval,0,0
p0135,pm135,A0,train,0,0,RAG-only,0,0
p0135,pm135,A0,train,0,0,ALERT-flat,0,0
p0135,pm135,A0,train,0,0,ALERT,0,0
p0136,pm136,A1,test,0,0,cosine,0,0
p0136,pm136,A1,test,0,0,LegalBERT-NLI,0,0
p0136,pm136,A1,test,0,0,COLIEE-retrieval,0,0
p0136,pm136,A1,test,0,0,RAG-only,0,0
p0136,pm136,A1,test,0,0,ALERT-flat,0,0
p0136,pm136,A1,test,0,0,ALERT,0,0
p0137,pm137,A2,test,0,0,cosine,1,0
p0137,pm137,A2,test,0,0,LegalBERT-NLI,0,0
p0137,pm137,A2,test,0,0,COLIEE-retrieval,0,0
p0137,pm137,A2,test,0,0,RAG-only,0,0
p0137,pm137,A2,test,0,0,ALERT-flat,1,0
p0137,pm137,A2,test,0,0,ALERT,0,0
p0138,pm138,A3,test,0,0,cosine,0,0
p0138,pm138,A3,test,0,0,LegalBERT-NLI,0,0
p0138,pm138,A3,test,0,0,COLIEE-retrieval,0,0
p0138,pm138,A3,test,0,0,RAG-only,1,0
p0138,pm138,A3,test,0,0,ALERT-flat,0,0
p0138,pm138,A3,test,0,0,ALERT,0,0
p0139,pm139,A4,test,0,1,cosine,1,0
p0139,pm139,A4,test,0,1,LegalBERT-NLI,0,0
p0139,pm139,A4,test,0,1,COLIEE-retrieval,0,0
p0139,pm139,A4,test,0,1,RAG-only,1,0
p0139,pm139,A4,test,0,1,ALERT-flat,1,0
p0139,pm139,A4,test,0,1,ALERT,1,0
p0140,pm140,A0,train,1,0,cosine,0,0
p0140,pm140,A0,train,1,0,LegalBERT-NLI,0,0
p0140,pm140,A0,train,1,0,COLIEE-retrieval,0,0
p0140,pm140,A0,train,1,0,RAG-only,0,0
p0140,pm140,A0,train,1,0,ALERT-flat,1,1
p0140,pm140,A0,train,1,0,ALERT,0,0
p0141,pm141,A1,test,0,0,cosine,0,0
p0141,pm141,A1,test,0,0,LegalBERT-NLI,0,0
p0141,pm141,A1,test,0,0,COLIEE-retrieval,0,0
p0141,pm141,A1,test,0,0,RAG-only,0,0
p0141,pm141,A1,test,0,0,ALERT-flat,0,0
p0141,pm141,A1,test,0,0,ALERT,0,0
p0142,pm142,A2,test,0,1,cosine,1,0
p0142,pm142,A2,test,0,1,LegalBERT-NLI,0,0
p0142,pm142,A2,test,0,1,COLIEE-retrieval,1,0
p0142,pm142,A2,test,0,1,RAG-only,1,0
p0142,pm142,A2,test,0,1,ALERT-flat,1,0
p0142,pm142,A2,test,0,1,ALERT,1,0
p0143,pm143,A3,test,0,0,cosine,0,0
p0143,pm143,A3,test,0,0,LegalBERT-NLI,0,0
p0143,pm143,A3,test,0,0,COLIEE-retrieval,1,0
p0143,pm143,A3,test,0,0,RAG-only,0,0
p0143,pm143,A3,test,0,0,ALERT-flat,0,0
p0143,pm143,A3,test,0,0,ALERT,0,0
p0144,pm144,A4,test,0,0,cosine,0,0
p0144,pm144,A4,test,0,0,LegalBERT-NLI,0,0
p0144,pm144,A4,test,0,0,COLIEE-retrieval,0,0
p0144,pm144,A4,test,0,0,RAG-only,0,0
p0144,pm144,A4,test,0,0,ALERT-flat,0,0
p0144,pm144,A4,test,0,0,ALERT,0,0
p0145,pm145,A0,train,0,0,cosine,1,0
p0145,pm145,A0,train,0,0,LegalBERT-NLI,1,0
p0145,pm145,A0,train,0,0,COLIEE-retrieval,0,0
p0145,pm145,A0,train,0,0,RAG-only,0,0
p0145,pm145,A0,train,0,0,ALERT-flat,0,0
p0145,pm145,A0,train,0,0,ALERT,0,0
p0146,pm146,A1,test,0,0,cosine,0,0
p0146,pm146,A1,test,0,0,LegalBERT-NLI,0,0
p0146,pm146,A1,test,0,0,COLIEE-retrieval,1,0
p0146,pm146,A1,test,0,0,RAG-only,0,0
p0146,pm146,A1,test,0,0,ALERT-flat,0,0
p0146,pm146,A1,test,0,0,ALERT,0,0
p0147,pm147,A2,test,0,0,cosine,0,0
p0147,pm147,A2,test,0,0,LegalBERT-NLI,0,0
p0147,pm147,A2,test,0,0,COLIEE-retrieval,0,0
p0147,pm147,A2,test,0,0,RAG-only,0,0
p0147,pm147,A2,test,0,0,ALERT-flat,0,0
p0147,pm147,A2,test,0,0,ALERT,0,0
p0148,pm148,A3,test,0,0,cosine,0,0
p0148,pm148,A3,test,0,0,LegalBERT-NLI,0,0
p0148,pm148,A3,test,0,0,COLIEE-retrieval,0,0
p0148,pm148,A3,test,0,0,RAG-only,0,0
p0148,pm148,A3,test,0,0,ALERT-flat,1,0
p0148,pm148,A3,test,0,0,ALERT,0,0
p0149,pm149,A4,test,0,1,cosine,1,0
p0149,pm149,A4,test,0,1,LegalBERT-NLI,1,0
p0149,pm149,A4,test,0,1,COLIEE-retrieval,1,0
p0149,pm149,A4,test,0,1,RAG-only,0,0
p0149,pm149,A4,test,0,1,ALERT-flat,0,0
p0149,pm149,A4,test,0,1,ALERT,1,0
p0150,pm150,A0,train,0,1,cosine,1,0
p0150,pm150,A0,train,0,1,LegalBERT-NLI,1,0
p0150,pm150,A0,train,0,1,COLIEE-retrieval,1,0
p0150,pm150,A0,train,0,1,RAG-only,1,0
p0150,pm150,A0,train,0,1,ALERT-flat,1,0
p0150,pm150,A0,train,0,1,ALERT,1,0
p0151,pm151,A1,test,0,0,cosine,0,0
p0151,pm151,A1,test,0,0,LegalBERT-NLI,0,0
p0151,pm151,A1,test,0,0,COLIEE-retrieval,0,0
p0151,pm151,A1,test,0,0,RAG-only,0,0
p0151,pm151,A1,test,0,0,ALERT-flat,0,0
p0151,pm151,A1,test,0,0,ALERT,0,0
p0152,pm152,A2,test,1,0,cosine,0,0
p0152,pm152,A2,test,1,0,LegalBERT-NLI,0,0
p0152,pm152,A2,test,1,0,COLIEE-retrieval,0,0
p0152,pm152,A2,test,1,0,RAG-only,0,0
p0152,pm152,A2,test,1,0,ALERT-flat,0,0
p0152,pm152,A2,test,1,0,ALERT,0,0
p0153,pm153,A3,test,0,0,cosine,0,0
p0153,pm153,A3,test,0,0,LegalBERT-NLI,0,0
p0153,pm153,A3,test,0,0,COLIEE-retrieval,1,0
p0153,pm153,A3,test,0,0,RAG-only,0,0
p0153,pm153,A3,test,0,0,ALERT-flat,0,0
p0153,pm153,A3,test,0,0,ALERT,0,0
p0154,pm154,A4,test,1,0,cosine,1,1
p0154,pm154,A4,test,1,0,LegalBERT-NLI,0,0
p0154,pm154,A4,test,1,0,COLIEE-retrieval,0,0
p0154,pm154,A4,test,1,0,RAG-only,0,0
p0154,pm154,A4,test,1,0,ALERT-flat,1,1
p0154,pm154,A4,test,1,0,ALERT,0,0
p0155,pm155,A0,train,1,0,cosine,1,1
p0155,pm155,A0,train,1,0,LegalBERT-NLI,0,0
p0155,pm155,A0,train,1,0,COLIEE-retrieval,1,1
p0155,pm155,A0,train,1,0,RAG-only,0,0
p0155,pm155,A0,train,1,0,ALERT-flat,0,0
p0155,pm155,A0,train,1,0,ALERT,0,0
p0156,pm156,A1,test,0,1,cosine,1,0
p0156,pm156,A1,test,0,1,LegalBERT-NLI,0,0
p0156,pm156,A1,test,0,1,COLIEE-retrieval,1,0
p0156,pm156,A1,test,0,1,RAG-only,0,0
p0156,pm156,A1,test,0,1,ALERT-flat,1,0
p0156,pm156,A1,test,0,1,ALERT,1,0
p0157,pm157,A2,test,0,1,cosine,1,0
p0157,pm157,A2,test,0,1,LegalBERT-NLI,1,0
p0157,pm157,A2,test,0,1,COLIEE-retrieval,1,0
p0157,pm157,A2,test,0,1,RAG-only,1,0
p0157,pm157,A2,test,0,1,ALERT-flat,1,0
p0157,pm157,A2,test,0,1,ALERT,1,0
p0158,pm158,A3,test,0,1,cosine,1,0
p0158,pm158,A3,test,0,1,LegalBERT-NLI,1,0
p0158,pm158,A3,test,0,1,COLIEE-retrieval,1,0
p0158,pm158,A3,test,0,1,RAG-only,1,0
p0158,pm158,A3,test,0,1,ALERT-flat,0,0
p0158,pm158,A3,test,0,1,ALERT,1,0
p0159,pm159,A4,test,0,0,cosine,0,0
p0159,pm159,A4,test,0,0,LegalBERT-NLI,0,0
p0159,pm159,A4,test,0,0,COLIEE-retrieval,1,0
p0159,pm159,A4,test,0,0,RAG-only,0,0
p0159,pm159,A4,test,0,0,ALERT-flat,0,0
p0159,pm159,A4,test,0,0,ALERT,0,0
p0160,pm160,A0,train,0,0,cosine,0,0
p0160,pm160,A0,train,0,0,LegalBERT-NLI,0,0
p0160,pm160,A0,train,0,0,COLIEE-retrieval,0,0
p0160,pm160,A0,train,0,0,RAG-only,0,0
p0160,pm160,A0,train,0,0,ALERT-flat,0,0
p0160,pm160,A0,train,0,0,ALERT,1,0
p0161,pm161,A1,test,0,0,cosine,1,0
p0161,pm161,A1,test,0,0,LegalBERT-NLI,1,0
p0161,pm161,A1,test,0,0,COLIEE-retrieval,0,0
p0161,pm161,A1,test,0,0,RAG-only,1,0
p0161,pm161,A1,test,0,0,ALERT-flat,0,0
p0161,pm161,A1,test,0,0,ALERT,0,0
p0162,pm162,A2,test,1,0,cosine,0,0
p0162,pm162,A2,test,1,0,LegalBERT-NLI,0,0
p0162,pm162,A2,test,1,0,COLIEE-retrieval,0,0
p0162,pm162,A2,test,1,0,RAG-only,0,0
p0162,pm162,A2,test,1,0,ALERT-flat,0,0
p0162,pm162,A2,test,1,0,ALERT,0,0
p0163,pm163,A3,test,0,0,cosine,0,0
p0163,pm163,A3,test,0,0,LegalBERT-NLI,0,0
p0163,pm163,A3,test,0,0,COLIEE-retrieval,1,0
p0163,pm163,A3,test,0,0,RAG-only,0,0
p0163,pm163,A3,test,0,0,ALERT-flat,0,0
p0163,pm163,A3,test,0,0,ALERT,0,0
p0164,pm164,A4,test,1,0,cosine,1,1
p0164,pm164,A4,test,1,0,LegalBERT-NLI,1,1
p0164,pm164,A4,test,1,0,COLIEE-retrieval,0,0
p0164,pm164,A4,test,1,0,RAG-only,0,0
p0164,pm164,A4,test,1,0,ALERT-flat,0,0
p0164,pm164,A4,test,1,0,ALERT,0,0
p0165,pm165,A0,train,0,0,cosine,0,0
p0165,pm165,A0,train,0,0,LegalBERT-NLI,0,0
p0165,pm165,A0,train,0,0,COLIEE-retrieval,0,0
p0165,pm165,A0,train,0,0,RAG-only,0,0
p0165,pm165,A0,train,0,0,ALERT-flat,0,0
p0165,pm165,A0,train,0,0,ALERT,0,0
p0166,pm166,A1,test,0,1,cosine,0,0
p0166,pm166,A1,test,0,1,LegalBERT-NLI,1,0
p0166,pm166,A1,test,0,1,COLIEE-retrieval,1,0
p0166,pm166,A1,test,0,1,RAG-only,1,0
p0166,pm166,A1,test,0,1,ALERT-flat,1,0
p0166,pm166,A1,test,0,1,ALERT,1,0
p0167,pm167,A2,test,0,1,cosine,1,0
p0167,pm167,A2,test,0,1,LegalBERT-NLI,1,0
p0167,pm167,A2,test,0,1,COLIEE-retrieval,1,0
p0167,pm167,A2,test,0,1,RAG-only,1,0
p0167,pm167,A2,test,0,1,ALERT-flat,0,0
p0167,pm167,A2,test,0,1,ALERT,1,0
p0168,pm168,A3,test,0,1,cosine,1,0
p0168,pm168,A3,test,0,1,LegalBERT-NLI,0,0
p0168,pm168,A3,test,0,1,COLIEE-retrieval,1,0
p0168,pm168,A3,test,0,1,RAG-only,1,0
p0168,pm168,A3,test,0,1,ALERT-flat,0,0
p0168,pm168,A3,test,0,1,ALERT,1,0
p0169,pm169,A4,test,0,1,cosine,0,0
p0169,pm169,A4,test,0,1,LegalBERT-NLI,1,0
p0169,pm169,A4,test,0,1,COLIEE-retrieval,0,0
p0169,pm169,A4,test,0,1,RAG-only,1,0
p0169,pm169,A4,test,0,1,ALERT-flat,1,0
p0169,pm169,A4,test,0,1,ALERT,1,0
p0170,pm170,A0,train,1,0,cosine,0,0
p0170,pm170,A0,train,1,0,LegalBERT-NLI,0,0
p0170,pm170,A0,train,1,0,COLIEE-retrieval,1,1
p0170,pm170,A0,train,1,0,RAG-only,0,0
p0170,pm170,A0,train,1,0,ALERT-flat,0,0
p0170,pm170,A0,train,1,0,ALERT,1,1
p0171,pm171,A1,test,0,1,cosine,0,0
p0171,pm171,A1,test,0,1,LegalBERT-NLI,1,0
p0171,pm171,A1,test,0,1,COLIEE-retrieval,1,0
p0171,pm171,A1,test,0,1,RAG-only,1,0
p0171,pm171,A1,test,0,1,ALERT-flat,1,0
p0171,pm171,A1,test,0,1,ALERT,1,0
p0172,pm172,A2,test,1,0,cosine,0,0
p0172,pm172,A2,test,1,0,LegalBERT-NLI,0,0
p0172,pm172,A2,test,1,0,COLIEE-retrieval,0,0
p0172,pm172,A2,test,1,0,RAG-only,0,0
p0172,pm172,A2,test,1,0,ALERT-flat,0,0
p0172,pm172,A2,test,1,0,ALERT,0,0
p0173,pm173,A3,test,0,0,cosine,1,0
p0173,pm173,A3,test,0,0,LegalBERT-NLI,0,0
p0173,pm173,A3,test,0,0,COLIEE-retrieval,0,0
p0173,pm173,A3,test,0,0,RAG-only,0,0
p0173,pm173,A3,test,0,0,ALERT-flat,0,0
p0173,pm173,A3,test,0,0,ALERT,0,0
p0174,pm174,A4,test,0,0,cosine,0,0
p0174,pm174,A4,test,0,0,LegalBERT-NLI,0,0
p0174,pm174,A4,test,0,0,COLIEE-retrieval,0,0
p0174,pm174,A4,test,0,0,RAG-only,0,0
p0174,pm174,A4,test,0,0,ALERT-flat,1,0
p0174,pm174,A4,test,0,0,ALERT,0,0
p0175,pm175,A0,train,0,0,cosine,0,0
p0175,pm175,A0,train,0,0,LegalBERT-NLI,0,0
p0175,pm175,A0,train,0,0,COLIEE-retrieval,1,0
p0175,pm175,A0,train,0,0,RAG-only,0,0
p0175,pm175,A0,train,0,0,ALERT-flat,0,0
p0175,pm175,A0,train,0,0,ALERT,0,0
p0176,pm176,A1,test,0,1,cosine,1,0
p0176,pm176,A1,test,0,1,LegalBERT-NLI,0,0
p0176,pm176,A1,test,0,1,COLIEE-retrieval,1,0
p0176,pm176,A1,test,0,1,RAG-only,0,0
p0176,pm176,A1,test,0,1,ALERT-flat,1,0
p0176,pm176,A1,test,0,1,ALERT,1,0
p0177,pm177,A2,test,0,0,cosine,0,0
p0177,pm177,A2,test,0,0,LegalBERT-NLI,1,0
p0177,pm177,A2,test,0,0,COLIEE-retrieval,1,0
p0177,pm177,A2,test,0,0,RAG-only,0,0
p0177,pm177,A2,test,0,0,ALERT-flat,0,0
p0177,pm177,A2,test,0,0,ALERT,1,0
p0178,pm178,A3,test,0,0,cosine,1,0
p0178,pm178,A3,test,0,0,LegalBERT-NLI,0,0
p0178,pm178,A3,test,0,0,COLIEE-retrieval,1,0
p0178,pm178,A3,test,0,0,RAG-only,0,0
p0178,pm178,A3,test,0,0,ALERT-flat,0,0
p0178,pm178,A3,test,0,0,ALERT,0,0
p0179,pm179,A4,test,0,0,cosine,1,0
p0179,pm179,A4,test,0,0,LegalBERT-NLI,1,0
p0179,pm179,A4,test,0,0,COLIEE-retrieval,0,0
p0179,pm179,A4,test,0,0,RAG-only,0,0
p0179,pm179,A4,test,0,0,ALERT-flat,0,0
p0179,pm179,A4,test,0,0,ALERT,0,0
p0180,pm180,A0,train,0,0,cosine,0,0
p0180,pm180,A0,train,0,0,LegalBERT-NLI,0,0
p0180,pm180,A0,train,0,0,COLIEE-retrieval,1,0
p0180,pm180,A0,train,0,0,RAG-only,0,0
p0180,pm180,A0,train,0,0,ALERT-flat,0,0
p0180,pm180,A0,train,0,0,ALERT,0,0
p0181,pm181,A1,test,0,0,cosine,0,0
p0181,pm181,A1,test,0,0,LegalBERT-NLI,0,0
p0181,pm181,A1,test,0,0,COLIEE-retrieval,0,0
p0181,pm181,A1,test,0,0,RAG-only,0,0
p0181,pm181,A1,test,0,0,ALERT-flat,0,0
p0181,pm181,A1,test,0,0,ALERT,0,0
p0182,pm182,A2,test,0,0,cosine,1,0
p0182,pm182,A2,test,0,0,LegalBERT-NLI,0,0
p0182,pm182,A2,test,0,0,COLIEE-retrieval,0,0
p0182,pm182,A2,test,0,0,RAG-only,0,0
p0182,pm182,A2,test,0,0,ALERT-flat,0,0
p0182,pm182,A2,test,0,0,ALERT,0,0
p0183,pm183,A3,test,1,0,cosine,0,0
p0183,pm183,A3,test,1,0,LegalBERT-NLI,0,0
p0183,pm183,A3,test,1,0,COLIEE-retrieval,1,1
p0183,pm183,A3,test,1,0,RAG-only,1,1
p0183,pm183,A3,test,1,0,ALERT-flat,0,0
p0183,pm183,A3,test,1,0,ALERT,0,0
p0184,pm184,A4,test,0,1,cosine,0,0
p0184,pm184,A4,test,0,1,LegalBERT-NLI,1,0
p0184,pm184,A4,test,0,1,COLIEE-retrieval,1,0
p0184,pm184,A4,test,0,1,RAG-only,1,0
p0184,pm184,A4,test,0,1,ALERT-flat,1,0
p0184,pm184,A4,test,0,1,ALERT,1,0
p0185,pm185,A0,train,1,0,cosine,0,0
p0185,pm185,A0,train,1,0,LegalBERT-NLI,1,1
p0185,pm185,A0,train,1,0,COLIEE-retrieval,0,0
p0185,pm185,A0,train,1,0,RAG-only,0,0
p0185,pm185,A0,train,1,0,ALERT-flat,1,1
p0185,pm185,A0,train,1,0,ALERT,1,1
p0186,pm186,A1,test,0,0,cosine,0,0
p0186,pm186,A1,test,0,0,LegalBERT-NLI,0,0
p0186,pm186,A1,test,0,0,COLIEE-retrieval,1,0
p0186,pm186,A1,test,0,0,RAG-only,0,0
p0186,pm186,A1,test,0,0,ALERT-flat,0,0
p0186,pm186,A1,test,0,0,ALERT,0,0
p0187,pm187,A2,test,0,0,cosine,0,0
p0187,pm187,A2,test,0,0,LegalBERT-NLI,0,0
p0187,pm187,A2,test,0,0,COLIEE-retrieval,1,0
p0187,pm187,A2,test,0,0,RAG-only,0,0
p0187,pm187,A2,test,0,0,ALERT-flat,0,0
p0187,pm187,A2,test,0,0,ALERT,0,0
p0188,pm188,A3,test,0,0,cosine,0,0
p0188,pm188,A3,test,0,0,LegalBERT-NLI,0,0
p0188,pm188,A3,test,0,0,COLIEE-retrieval,0,0
p0188,pm188,A3,test,0,0,RAG-only,0,0
p0188,pm188,A3,test,0,0,ALERT-flat,0,0
p0188,pm188,A3,test,0,0,ALERT,0,0
p0189,pm189,A4,test,0,1,cosine,1,0
p0189,pm189,A4,test,0,1,LegalBERT-NLI,1,0
p0189,pm189,A4,test,0,1,COLIEE-retrieval,1,0
p0189,pm189,A4,test,0,1,RAG-only,1,0
p0189,pm189,A4,test,0,1,ALERT-flat,1,0
p0189,pm189,A4,test,0,1,ALERT,0,0
p0190,pm190,A0,train,1,0,cosine,1,1
p0190,pm190,A0,train,1,0,LegalBERT-NLI,0,0
p0190,pm190,A0,train,1,0,COLIEE-retrieval,0,0
p0190,pm190,A0,train,1,0,RAG-only,0,0
p0190,pm190,A0,train,1,0,ALERT-flat,0,0
p0190,pm190,A0,train,1,0,ALERT,0,0
p0191,pm191,A1,test,0,0,cosine,0,0
p0191,pm191,A1,test,0,0,LegalBERT-NLI,0,0
p0191,pm191,A1,test,0,0,COLIEE-retrieval,0,0
p0191,pm191,A1,test,0,0,RAG-only,0,0
p0191,pm191,A1,test,0,0,ALERT-flat,0,0
p0191,pm191,A1,test,0,0,ALERT,0,0
p0192,pm192,A2,test,0,0,cosine,1,0
p0192,pm192,A2,test,0,0,LegalBERT-NLI,0,0
p0192,pm192,A2,test,0,0,COLIEE-retrieval,0,0
p0192,pm192,A2,test,0,0,RAG-only,1,0
p0192,pm192,A2,test,0,0,ALERT-flat,0,0
p0192,pm192,A2,test,0,0,ALERT,0,0
p0193,pm193,A3,test,1,0,cosine,0,0
p0193,pm193,A3,test,1,0,LegalBERT-NLI,0,0
p0193,pm193,A3,test,1,0,COLIEE-retrieval,0,0
p0193,pm193,A3,test,1,0,RAG-only,1,1
p0193,pm193,A3,test,1,0,ALERT-flat,0,0
p0193,pm193,A3,test,1,0,ALERT,0,0
p0194,pm194,A4,test,0,0,cosine,0,0
p0194,pm194,A4,test,0,0,LegalBERT-NLI,1,0
p0194,pm194,A4,test,0,0,COLIEE-retrieval,0,0
p0194,pm194,A4,test,0,0,RAG-only,0,0
p0194,pm194,A4,test,0,0,ALERT-flat,0,0
p0194,pm194,A4,test,0,0,ALERT,0,0
p0195,pm195,A0,train,1,0,cosine,0,0
p0195,pm195,A0,train,1,0,LegalBERT-NLI,0,0
p0195,pm195,A0,train,1,0,COLIEE-retrieval,0,0
p0195,pm195,A0,train,1,0,RAG-only,0,0
p0195,pm195,A0,train,1,0,ALERT-flat,0,0
p0195,pm195,A0,train,1,0,ALERT,0,0
p0196,pm196,A1,test,0,0,cosine,1,0
p0196,pm196,A1,test,0,0,LegalBERT-NLI,0,0
p0196,pm196,A1,test,0,0,COLIEE-retrieval,0,0
p0196,pm196,A1,test,0,0,RAG-only,0,0
p0196,pm196,A1,test,0,0,ALERT-flat,0,0
p0196,pm196,A1,test,0,0,ALERT,1,0
p0197,pm197,A2,test,0,0,cosine,0,0
p0197,pm197,A2,test,0,0,LegalBERT-NLI,0,0
p0197,pm197,A2,test,0,0,COLIEE-retrieval,1,0
p0197,pm197,A2,test,0,0,RAG-only,0,0
p0197,pm197,A2,test,0,0,ALERT-flat,0,0
p0197,pm197,A2,test,0,0,ALERT,1,0
p0198,pm198,A3,test,0,0,cosine,1,0
p0198,pm198,A3,test,0,0,LegalBERT-NLI,0,0
p0198,pm198,A3,test,0,0,COLIEE-retrieval,0,0
p0198,pm198,A3,test,0,0,RAG-only,0,0
p0198,pm198,A3,test,0,0,ALERT-flat,1,0
p0198,pm198,A3,test,0,0,ALERT,0,0
p0199,pm199,A4,test,1,0,cosine,0,0
p0199,pm199,A4,test,1,0,LegalBERT-NLI,0,0
p0199,pm199,A4,test,1,0,COLIEE-retrieval,0,0
p0199,pm199,A4,test,1,0,RAG-only,1,1
p0199,pm199,A4,test,1,0,ALERT-flat,1,1
p0199,pm199,A4,test,1,0,ALERT,0,0
p0200,pm200,A0,train,0,1,cosine,1,0
p0200,pm200,A0,train,0,1,LegalBERT-NLI,0,0
p0200,pm200,A0,train,0,1,COLIEE-retrieval,1,0
p0200,pm200,A0,train,0,1,RAG-only,0,0
p0200,pm200,A0,train,0,1,ALERT-flat,1,0
p0200,pm200,A0,train,0,1,ALERT,1,0
p0201,pm201,A1,test,0,0,cosine,1,0
p0201,pm201,A1,test,0,0,LegalBERT-NLI,0,0
p0201,pm201,A1,test,0,0,COLIEE-retrieval,0,0
p0201,pm201,A1,test,0,0,RAG-only,0,0
p0201,pm201,A1,test,0,0,ALERT-flat,0,0
p0201,pm201,A1,test,0,0,ALERT,0,0
p0202,pm202,A2,test,1,0,cosine,0,0
p0202,pm202,A2,test,1,0,LegalBERT-NLI,0,0
p0202,pm202,A2,test,1,0,COLIEE-retrieval,0,0
p0202,pm202,A2,test,1,0,RAG-only,0,0
p0202,pm202,A2,test,1,0,ALERT-flat,0,0
p0202,pm202,A2,test,1,0,ALERT,0,0
p0203,pm203,A3,test,0,0,cosine,0,0
p0203,pm203,A3,test,0,0,LegalBERT-NLI,0,0
p0203,pm203,A3,test,0,0,COLIEE-retrieval,0,0
p0203,pm203,A3,test,0,0,RAG-only,0,0
p0203,pm203,A3,test,0,0,ALERT-flat,0,0
p0203,pm203,A3,test,0,0,ALERT,0,0
p0204,pm204,A4,test,1,0,cosine,0,0
p0204,pm204,A4,test,1,0,LegalBERT-NLI,0,0
p0204,pm204,A4,test,1,0,COLIEE-retrieval,0,0
p0204,pm204,A4,test,1,0,RAG-only,0,0
p0204,pm204,A4,test,1,0,ALERT-flat,0,0
p0204,pm204,A4,test,1,0,ALERT,0,0
p0205,pm205,A0,train,0,1,cosine,0,0
p0205,pm205,A0,train,0,1,LegalBERT-NLI,1,0
p0205,pm205,A0,train,0,1,COLIEE-retrieval,0,0
p0205,pm205,A0,train,0,1,RAG-only,1,0
p0205,pm205,A0,train,0,1,ALERT-flat,1,0
p0205,pm205,A0,train,0,1,ALERT,1,0
p0206,pm206,A1,test,0,0,cosine,1,0
p0206,pm206,A1,test,0,0,LegalBERT-NLI,1,0
p0206,pm206,A1,test,0,0,COLIEE-retrieval,0,0
p0206,pm206,A1,test,0,0,RAG-only,0,0
p0206,pm206,A1,test,0,0,ALERT-flat,0,0
p0206,pm206,A1,test,0,0,ALERT,0,0
p0207,pm207,A2,test,0,1,cosine,1,0
p0207,pm207,A2,test,0,1,LegalBERT-NLI,1,0
p0207,pm207,A2,test,0,1,COLIEE-retrieval,1,0
p0207,pm207,A2,test,0,1,RAG-only,1,0
p0207,pm207,A2,test,0,1,ALERT-flat,1,0
p0207,pm207,A2,test,0,1,ALERT,1,0
p0208,pm208,A3,test,0,0,cosine,0,0
p0208,pm208,A3,test,0,0,LegalBERT-NLI,1,0
p0208,pm208,A3,test,0,0,COLIEE-retrieval,1,0
p0208,pm208,A3,test,0,0,RAG-only,0,0
p0208,pm208,A3,test,0,0,ALERT-flat,0,0
p0208,pm208,A3,test,0,0,ALERT,0,0
p0209,pm209,A4,test,0,1,cosine,1,0
p0209,pm209,A4,test,0,1,LegalBERT-NLI,1,0
p0209,pm209,A4,test,0,1,COLIEE-retrieval,0,0
p0209,pm209,A4,test,0,1,RAG-only,1,0
p0209,pm209,A4,test,0,1,ALERT-flat,1,0
p0209,pm209,A4,test,0,1,ALERT,1,0
p0210,pm210,A0,train,1,0,cosine,0,0
p0210,pm210,A0,train,1,0,LegalBERT-NLI,0,0
p0210,pm210,A0,train,1,0,COLIEE-retrieval,0,0
p0210,pm210,A0,train,1,0,RAG-only,0,0
p0210,pm210,A0,train,1,0,ALERT-flat,1,1
p0210,pm210,A0,train,1,0,ALERT,0,0
p0211,pm211,A1,test,1,0,cosine,1,1
p0211,pm211,A1,test,1,0,LegalBERT-NLI,0,0
p0211,pm211,A1,test,1,0,COLIEE-retrieval,0,0
p0211,pm211,A1,test,1,0,RAG-only,0,0
p0211,pm211,A1,test,1,0,ALERT-flat,1,1
p0211,pm211,A1,test,1,0,ALERT,0,0
p0212,pm212,A2,test,0,0,cosine,1,0
p0212,pm212,A2,test,0,0,LegalBERT-NLI,0,0
p0212,pm212,A2,test,0,0,COLIEE-retrieval,0,0
p0212,pm212,A2,test,0,0,RAG-only,0,0
p0212,pm212,A2,test,0,0,ALERT-flat,0,0
p0212,pm212,A2,test,0,0,ALERT,0,0
p0213,pm213,A3,test,0,0,cosine,0,0
p0213,pm213,A3,test,0,0,LegalBERT-NLI,0,0
p0213,pm213,A3,test,0,0,COLIEE-retrieval,1,0
p0213,pm213,A3,test,0,0,RAG-only,0,0
p0213,pm213,A3,test,0,0,ALERT-flat,0,0
p0213,pm213,A3,test,0,0,ALERT,1,0
p0214,pm214,A4,test,1,0,cosine,0,0
p0214,pm214,A4,test,1,0,LegalBERT-NLI,0,0
p0214,pm214,A4,test,1,0,COLIEE-retrieval,0,0
p0214,pm214,A4,test,1,0,RAG-only,0,0
p0214,pm214,A4,test,1,0,ALERT-flat,0,0
p0214,pm214,A4,test,1,0,ALERT,0,0
p0215,pm215,A0,train,0,0,cosine,0,0
p0215,pm215,A0,train,0,0,LegalBERT-NLI,0,0
p0215,pm215,A0,train,0,0,COLIEE-retrieval,0,0
p0215,pm215,A0,train,0,0,RAG-only,0,0
p0215,pm215,A0,train,0,0,ALERT-flat,0,0
p0215,pm215,A0,train,0,0,ALERT,0,0
p0216,pm216,A1,test,0,0,cosine,0,0
p0216,pm216,A1,test,0,0,LegalBERT-NLI,1,0
p0216,pm216,A1,test,0,0,COLIEE-retrieval,0,0
p0216,pm216,A1,test,0,0,RAG-only,0,0
p0216,pm216,A1,test,0,0,ALERT-flat,0,0
p0216,pm216,A1,test,0,0,ALERT,0,0
p0217,pm217,A2,test,0,1,cosine,1,0
p0217,pm217,A2,test,0,1,LegalBERT-NLI,1,0
p0217,pm217,A2,test,0,1,COLIEE-retrieval,0,0
p0217,pm217,A2,test,0,1,RAG-only,1,0
p0217,pm217,A2,test,0,1,ALERT-flat,1,0
p0217,pm217,A2,test,0,1,ALERT,1,0
p0218,pm218,A3,test,0,1,cosine,1,0
p0218,pm218,A3,test,0,1,LegalBERT-NLI,1,0
p0218,pm218,A3,test,0,1,COLIEE-retrieval,1,0
p0218,pm218,A3,test,0,1,RAG-only,1,0
p0218,pm218,A3,test,0,1,ALERT-flat,1,0
p0218,pm218,A3,test,0,1,ALERT,0,0
p0219,pm219,A4,test,0,1,cosine,1,0
p0219,pm219,A4,test,0,1,LegalBERT-NLI,1,0
p0219,pm219,A4,test,0,1,COLIEE-retrieval,0,0
p0219,pm219,A4,test,0,1,RAG-only,1,0
p0219,pm219,A4,test,0,1,ALERT-flat,1,0
p0219,pm219,A4,test,0,1,ALERT,0,0
p0220,pm220,A0,train,0,0,cosine,1,0
p0220,pm220,A0,train,0,0,LegalBERT-NLI,0,0
p0220,pm220,A0,train,0,0,COLIEE-retrieval,0,0
p0220,pm220,A0,train,0,0,RAG-only,0,0
p0220,pm220,A0,train,0,0,ALERT-flat,0,0
p0220,pm220,A0,train,0,0,ALERT,0,0
p0221,pm221,A1,test,0,0,cosine,0,0
p0221,pm221,A1,test,0,0,LegalBERT-NLI,0,0
p0221,pm221,A1,test,0,0,COLIEE-retrieval,1,0
p0221,pm221,A1,test,0,0,RAG-only,0,0
p0221,pm221,A1,test,0,0,ALERT-flat,0,0
p0221,pm221,A1,test,0,0,ALERT,0,0
p0222,pm222,A2,test,0,0,cosine,0,0
p0222,pm222,A2,test,0,0,LegalBERT-NLI,0,0
p0222,pm222,A2,test,0,0,COLIEE-retrieval,0,0
p0222,pm222,A2,test,0,0,RAG-only,0,0
p0222,pm222,A2,test,0,0,ALERT-flat,0,0
p0222,pm222,A2,test,0,0,ALERT,0,0
p0223,pm223,A3,test,0,1,cosine,0,0
p0223,pm223,A3,test,0,1,LegalBERT-NLI,1,0
p0223,pm223,A3,test,0,1,COLIEE-retrieval,0,0
p0223,pm223,A3,test,0,1,RAG-only,1,0
p0223,pm223,A3,test,0,1,ALERT-flat,1,0
p0223,pm223,A3,test,0,1,ALERT,1,0
p0224,pm224,A4,test,0,0,cosine,0,0
p0224,pm224,A4,test,0,0,LegalBERT-NLI,1,0
p0224,pm224,A4,test,0,0,COLIEE-retrieval,0,0
p0224,pm224,A4,test,0,0,RAG-only,0,0
p0224,pm224,A4,test,0,0,ALERT-flat,0,0
p0224,pm224,A4,test,0,0,ALERT,0,0
p0225,pm225,A0,train,0,0,cosine,0,0
p0225,pm225,A0,train,0,0,LegalBERT-NLI,1,0
p0225,pm225,A0,train,0,0,COLIEE-retrieval,0,0
p0225,pm225,A0,train,0,0,RAG-only,0,0
p0225,pm225,A0,train,0,0,ALERT-flat,0,0
p0225,pm225,A0,train,0,0,ALERT,0,0
p0226,pm226,A1,test,0,0,cosine,0,0
p0226,pm226,A1,test,0,0,LegalBERT-NLI,1,0
p0226,pm226,A1,test,0,0,COLIEE-retrieval,1,0
p0226,pm226,A1,test,0,0,RAG-only,0,0
p0226,pm226,A1,test,0,0,ALERT-flat,0,0
p0226,pm226,A1,test,0,0,ALERT,1,0
p0227,pm227,A2,test,0,1,cosine,1,0
p0227,pm227,A2,test,0,1,LegalBERT-NLI,1,0
p0227,pm227,A2,test,0,1,COLIEE-retrieval,1,0
p0227,pm227,A2,test,0,1,RAG-only,1,0
p0227,pm227,A2,test,0,1,ALERT-flat,1,0
p0227,pm227,A2,test,0,1,ALERT,1,0
p0228,pm228,A3,test,0,1,cosine,1,0
p0228,pm228,A3,test,0,1,LegalBERT-NLI,1,0
p0228,pm228,A3,test,0,1,COLIEE-retrieval,0,0
p0228,pm228,A3,test,0,1,RAG-only,1,0
p0228,pm228,A3,test,0,1,ALERT-flat,0,0
p0228,pm228,A3,test,0,1,ALERT,0,0
p0229,pm229,A4,test,1,0,cosine,0,0
p0229,pm229,A4,test,1,0,LegalBERT-NLI,0,0
p0229,pm229,A4,test,1,0,COLIEE-retrieval,0,0
p0229,pm229,A4,test,1,0,RAG-only,0,0
p0229,pm229,A4,test,1,0,ALERT-flat,0,0
p0229,pm229,A4,test,1,0,ALERT,0,0
p0230,pm230,A0,train,1,0,cosine,0,0
p0230,pm230,A0,train,1,0,LegalBERT-NLI,0,0
p0230,pm230,A0,train,1,0,COLIEE-retrieval,0,0
p0230,pm230,A0,train,1,0,RAG-only,0,0
p0230,pm230,A0,train,1,0,ALERT-flat,0,0
p0230,pm230,A0,train,1,0,ALERT,0,0
p0231,pm231,A1,test,1,0,cosine,1,1
p0231,pm231,A1,test,1,0,LegalBERT-NLI,1,1
p0231,pm231,A1,test,1,0,COLIEE-retrieval,0,0
p0231,pm231,A1,test,1,0,RAG-only,1,1
p0231,pm231,A1,test,1,0,ALERT-flat,0,0
p0231,pm231,A1,test,1,0,ALERT,0,0
p0232,pm232,A2,test,0,0,cosine,0,0
p0232,pm232,A2,test,0,0,LegalBERT-NLI,0,0
p0232,pm232,A2,test,0,0,COLIEE-retrieval,0,0
p0232,pm232,A2,test,0,0,RAG-only,0,0
p0232,pm232,A2,test,0,0,ALERT-flat,1,0
p0232,pm232,A2,test,0,0,ALERT,0,0
p0233,pm233,A3,test,0,0,cosine,1,0
p0233,pm233,A3,test,0,0,LegalBERT-NLI,1,0
p0233,pm233,A3,test,0,0,COLIEE-retrieval,0,0
p0233,pm233,A3,test,0,0,RAG-only,0,0
p0233,pm233,A3,test,0,0,ALERT-flat,0,0
p0233,pm233,A3,test,0,0,ALERT,0,0
p0234,pm234,A4,test,0,1,cosine,1,0
p0234,pm234,A4,test,0,1,LegalBERT-NLI,1,0
p0234,pm234,A4,test,0,1,COLIEE-retrieval,0,0
p0234,pm234,A4,test,0,1,RAG-only,1,0
p0234,pm234,A4,test,0,1,ALERT-flat,1,0
p0234,pm234,A4,test,0,1,ALERT,1,0
p0235,pm235,A0,train,0,1,cosine,0,0
p0235,pm235,A0,train,0,1,LegalBERT-NLI,1,0
p0235,pm235,A0,train,0,1,COLIEE-retrieval,1,0
p0235,pm235,A0,train,0,1,RAG-only,0,0
p0235,pm235,A0,train,0,1,ALERT-flat,1,0
p0235,pm235,A0,train,0,1,ALERT,1,0
p0236,pm236,A1,test,1,0,cosine,0,0
p0236,pm236,A1,test,1,0,LegalBERT-NLI,0,0
p0236,pm236,A1,test,1,0,COLIEE-retrieval,0,0
p0236,pm236,A1,test,1,0,RAG-only,0,0
p0236,pm236,A1,test,1,0,ALERT-flat,0,0
p0236,pm236,A1,test,1,0,ALERT,0,0
p0237,pm237,A2,test,0,1,cosine,0,0
p0237,pm237,A2,test,0,1,LegalBERT-NLI,1,0
p0237,pm237,A2,test,0,1,COLIEE-retrieval,1,0
p0237,pm237,A2,test,0,1,RAG-only,1,0
p0237,pm237,A2,test,0,1,ALERT-flat,1,0
p0237,pm237,A2,test,0,1,ALERT,1,0
p0238,pm238,A3,test,0,0,cosine,1,0
p0238,pm238,A3,test,0,0,LegalBERT-NLI,0,0
p0238,pm238,A3,test,0,0,COLIEE-retrieval,1,0
p0238,pm238,A3,test,0,0,RAG-only,0,0
p0238,pm238,A3,test,0,0,ALERT-flat,0,0
p0238,pm238,A3,test,0,0,ALERT,0,0
p0239,pm239,A4,test,0,1,cosine,0,0
p0239,pm239,A4,test,0,1,LegalBERT-NLI,1,0
p0239,pm239,A4,test,0,1,COLIEE-retrieval,1,0
p0239,pm239,A4,test,0,1,RAG-only,0,0
p0239,pm239,A4,test,0,1,ALERT-flat,1,0
p0239,pm239,A4,test,0,1,ALERT,1,0
p0240,pm240,A0,train,0,0,cosine,0,0
p0240,pm240,A0,train,0,0,LegalBERT-NLI,0,0
p0240,pm240,A0,train,0,0,COLIEE-retrieval,0,0
p0240,pm240,A0,train,0,0,RAG-only,0,0
p0240,pm240,A0,train,0,0,ALERT-flat,1,0
p0240,pm240,A0,train,0,0,ALERT,0,0
p0241,pm241,A1,test,0,1,cosine,1,0
p0241,pm241,A1,test,0,1,LegalBERT-NLI,1,0
p0241,pm241,A1,test,0,1,COLIEE-retrieval,1,0
p0241,pm241,A1,test,0,1,RAG-only,1,0
p0241,pm241,A1,test,0,1,ALERT-flat,1,0
p0241,pm241,A1,test,0,1,ALERT,1,0
p0242,pm242,A2,test,0,1,cosine,0,0
p0242,pm242,A2,test,0,1,LegalBERT-NLI,1,0
p0242,pm242,A2,test,0,1,COLIEE-retrieval,1,0
p0242,pm242,A2,test,0,1,RAG-only,1,0
p0242,pm242,A2,test,0,1,ALERT-flat,1,0
p0242,pm242,A2,test,0,1,ALERT,1,0
p0243,pm243,A3,test,1,0,cosine,0,0
p0243,pm243,A3,test,1,0,LegalBERT-NLI,1,1
p0243,pm243,A3,test,1,0,COLIEE-retrieval,0,0
p0243,pm243,A3,test,1,0,RAG-only,0,0
p0243,pm243,A3,test,1,0,ALERT-flat,1,1
p0243,pm243,A3,test,1,0,ALERT,0,0
p0244,pm244,A4,test,0,1,cosine,1,0
p0244,pm244,A4,test,0,1,LegalBERT-NLI,1,0
p0244,pm244,A4,test,0,1,COLIEE-retrieval,1,0
p0244,pm244,A4,test,0,1,RAG-only,1,0
p0244,pm244,A4,test,0,1,ALERT-flat,1,0
p0244,pm244,A4,test,0,1,ALERT,1,0
p0245,pm245,A0,train,0,0,cosine,0,0
p0245,pm245,A0,train,0,0,LegalBERT-NLI,0,0
p0245,pm245,A0,train,0,0,COLIEE-retrieval,0,0
p0245,pm245,A0,train,0,0,RAG-only,0,0
p0245,pm245,A0,train,0,0,ALERT-flat,0,0
p0245,pm245,A0,train,0,0,ALERT,0,0
p0246,pm246,A1,test,0,1,cosine,0,0
p0246,pm246,A1,test,0,1,LegalBERT-NLI,1,0
p0246,pm246,A1,test,0,1,COLIEE-retrieval,1,0
p0246,pm246,A1,test,0,1,RAG-only,1,0
p0246,pm246,A1,test,0,1,ALERT-flat,1,0
p0246,pm246,A1,test,0,1,ALERT,1,0
p0247,pm247,A2,test,0,0,cosine,0,0
p0247,pm247,A2,test,0,0,LegalBERT-NLI,0,0
p0247,pm247,A2,test,0,0,COLIEE-retrieval,0,0
p0247,pm247,A2,test,0,0,RAG-only,0,0
p0247,pm247,A2,test,0,0,ALERT-flat,0,0
p0247,pm247,A2,test,0,0,ALERT,0,0
p0248,pm248,A3,test,0,1,cosine,0,0
p0248,pm248,A3,test,0,1,LegalBERT-NLI,0,0
p0248,pm248,A3,test,0,1,COLIEE-retrieval,1,0
p0248,pm248,A3,test,0,1,RAG-only,0,0
p0248,pm248,A3,test,0,1,ALERT-flat,0,0
p0248,pm248,A3,test,0,1,ALERT,1,0
p0249,pm249,A4,test,0,1,cosine,1,0
p0249,pm249,A4,test,0,1,LegalBERT-NLI,1,0
p0249,pm249,A4,test,0,1,COLIEE-retrieval,0,0
p0249,pm249,A4,test,0,1,RAG-only,1,0
p0249,pm249,A4,test,0,1,ALERT-flat,1,0
p0249,pm249,A4,test,0,1,ALERT,1,0
p0250,pm250,A0,train,0,0,cosine,0,0
p0250,pm250,A0,train,0,0,LegalBERT-NLI,1,0
p0250,pm250,A0,train,0,0,COLIEE-retrieval,1,0
p0250,pm250,A0,train,0,0,RAG-only,0,0
p0250,pm250,A0,train,0,0,ALERT-flat,0,0
p0250,pm250,A0,train,0,0,ALERT,0,0
p0251,pm251,A1,test,0,0,cosine,0,0
p0251,pm251,A1,test,0,0,LegalBERT-NLI,1,0
p0251,pm251,A1,test,0,0,COLIEE-retrieval,0,0
p0251,pm251,A1,test,0,0,RAG-only,0,0
p0251,pm251,A1,test,0,0,ALERT-flat,1,0
p0251,pm251,A1,test,0,0,ALERT,0,0
p0252,pm252,A2,test,1,0,cosine,1,1
p0252,pm252,A2,test,1,0,LegalBERT-NLI,0,0
p0252,pm252,A2,test,1,0,COLIEE-retrieval,1,1
p0252,pm252,A2,test,1,0,RAG-only,0,0
p0252,pm252,A2,test,1,0,ALERT-flat,1,1
p0252,pm252,A2,test,1,0,ALERT,0,0
p0253,pm253,A3,test,1,0,cosine,0,0
p0253,pm253,A3,test,1,0,LegalBERT-NLI,0,0
p0253,pm253,A3,test,1,0,COLIEE-retrieval,0,0
p0253,pm253,A3,test,1,0,RAG-only,0,0
p0253,pm253,A3,test,1,0,ALERT-flat,0,0
p0253,pm253,A3,test,1,0,ALERT,0,0
p0254,pm254,A4,test,0,1,cosine,1,0
p0254,pm254,A4,test,0,1,LegalBERT-NLI,0,0
p0254,pm254,A4,test,0,1,COLIEE-retrieval,1,0
p0254,pm254,A4,test,0,1,RAG-only,1,0
p0254,pm254,A4,test,0,1,ALERT-flat,1,0
p0254,pm254,A4,test,0,1,ALERT,1,0
p0255,pm255,A0,train,1,0,cosine,0,0
p0255,pm255,A0,train,1,0,LegalBERT-NLI,0,0
p0255,pm255,A0,train,1,0,COLIEE-retrieval,0,0
p0255,pm255,A0,train,1,0,RAG-only,0,0
p0255,pm255,A0,train,1,0,ALERT-flat,0,0
p0255,pm255,A0,train,1,0,ALERT,0,0
p0256,pm256,A1,test,0,0,cosine,1,0
p0256,pm256,A1,test,0,0,LegalBERT-NLI,0,0
p0256,pm256,A1,test,0,0,COLIEE-retrieval,0,0
p0256,pm256,A1,test,0,0,RAG-only,0,0
p0256,pm256,A1,test,0,0,ALERT-flat,0,0
p0256,pm256,A1,test,0,0,ALERT,0,0
p0257,pm257,A2,test,0,1,cosine,1,0
p0257,pm257,A2,test,0,1,LegalBERT-NLI,1,0
p0257,pm257,A2,test,0,1,COLIEE-retrieval,1,0
p0257,pm257,A2,test,0,1,RAG-only,0,0
p0257,pm257,A2,test,0,1,ALERT-flat,1,0
p0257,pm257,A2,test,0,1,ALERT,1,0
p0258,pm258,A3,test,1,0,cosine,0,0
p0258,pm258,A3,test,1,0,LegalBERT-NLI,1,1
p0258,pm258,A3,test,1,0,COLIEE-retrieval,0,0
p0258,pm258,A3,test,1,0,RAG-only,0,0
p0258,pm258,A3,test,1,0,ALERT-flat,0,0
p0258,pm258,A3,test,1,0,ALERT,0,0
p0259,pm259,A4,test,0,1,cosine,1,0
p0259,pm259,A4,test,0,1,LegalBERT-NLI,1,0
p0259,pm259,A4,test,0,1,COLIEE-retrieval,1,0
p0259,pm259,A4,test,0,1,RAG-only,1,0
p0259,pm259,A4,test,0,1,ALERT-flat,1,0
p0259,pm259,A4,test,0,1,ALERT,1,0
p0260,pm260,A0,train,0,0,cosine,1,0
p0260,pm260,A0,train,0,0,LegalBERT-NLI,0,0
p0260,pm260,A0,train,0,0,COLIEE-retrieval,0,0
p0260,pm260,A0,train,0,0,RAG-only,0,0
p0260,pm260,A0,train,0,0,ALERT-flat,1,0
p0260,pm260,A0,train,0,0,ALERT,0,0
p0261,pm261,A1,test,0,1,cosine,1,0
p0261,pm261,A1,test,0,1,LegalBERT-NLI,1,0
p0261,pm261,A1,test,0,1,COLIEE-retrieval,1,0
p0261,pm261,A1,test,0,1,RAG-only,1,0
p0261,pm261,A1,test,0,1,ALERT-flat,1,0
p0261,pm261,A1,test,0,1,ALERT,1,0
p0262,pm262,A2,test,0,1,cosine,1,0
p0262,pm262,A2,test,0,1,LegalBERT-NLI,1,0
p0262,pm262,A2,test,0,1,COLIEE-retrieval,1,0
p0262,pm262,A2,test,0,1,RAG-only,1,0
p0262,pm262,A2,test,0,1,ALERT-flat,1,0
p0262,pm262,A2,test,0,1,ALERT,1,0
p0263,pm263,A3,test,0,1,cosine,1,0
p0263,pm263,A3,test,0,1,LegalBERT-NLI,0,0
p0263,pm263,A3,test,0,1,COLIEE-retrieval,1,0
p0263,pm263,A3,test,0,1,RAG-only,1,0
p0263,pm263,A3,test,0,1,ALERT-flat,1,0
p0263,pm263,A3,test,0,1,ALERT,1,0
p0264,pm264,A4,test,1,0,cosine,1,1
p0264,pm264,A4,test,1,0,LegalBERT-NLI,0,0
p0264,pm264,A4,test,1,0,COLIEE-retrieval,0,0
p0264,pm264,A4,test,1,0,RAG-only,1,1
p0264,pm264,A4,test,1,0,ALERT-flat,1,1
p0264,pm264,A4,test,1,0,ALERT,0,0
p0265,pm265,A0,train,0,1,cosine,1,0
p0265,pm265,A0,train,0,1,LegalBERT-NLI,1,0
p0265,pm265,A0,train,0,1,COLIEE-retrieval,1,0
p0265,pm265,A0,train,0,1,RAG-only,1,0
p0265,pm265,A0,train,0,1,ALERT-flat,1,0
p0265,pm265,A0,train,0,1,ALERT,0,0
p0266,pm266,A1,test,0,0,cosine,0,0
p0266,pm266,A1,test,0,0,LegalBERT-NLI,1,0
p0266,pm266,A1,test,0,0,COLIEE-retrieval,0,0
p0266,pm266,A1,test,0,0,RAG-only,0,0
p0266,pm266,A1,test,0,0,ALERT-flat,0,0
p0266,pm266,A1,test,0,0,ALERT,0,0
p0267,pm267,A2,test,0,1,cosine,0,0
p0267,pm267,A2,test,0,1,LegalBERT-NLI,1,0
p0267,pm267,A2,test,0,1,COLIEE-retrieval,1,0
p0267,pm267,A2,test,0,1,RAG-only,1,0
p0267,pm267,A2,test,0,1,ALERT-flat,1,0
p0267,pm267,A2,test,0,1,ALERT,1,0
p0268,pm268,A3,test,1,0,cosine,0,0
p0268,pm268,A3,test,1,0,LegalBERT-NLI,0,0
p0268,pm268,A3,test,1,0,COLIEE-retrieval,0,0
p0268,pm268,A3,test,1,0,RAG-only,0,0
p0268,pm268,A3,test,1,0,ALERT-flat,0,0
p0268,pm268,A3,test,1,0,ALERT,0,0
p0269,pm269,A4,test,1,0,cosine,0,0
p0269,pm269,A4,test,1,0,LegalBERT-NLI,0,0
p0269,pm269,A4,test,1,0,COLIEE-retrieval,1,1
p0269,pm269,A4,test,1,0,RAG-only,0,0
p0269,pm269,A4,test,1,0,ALERT-flat,1,1
p0269,pm269,A4,test,1,0,ALERT,0,0
p0270,pm270,A0,train,0,0,cosine,0,0
p0270,pm270,A0,train,0,0,LegalBERT-NLI,0,0
p0270,pm270,A0,train,0,0,COLIEE-retrieval,0,0
p0270,pm270,A0,train,0,0,RAG-only,0,0
p0270,pm270,A0,train,0,0,ALERT-flat,0,0
p0270,pm270,A0,train,0,0,ALERT,1,0
p0271,pm271,A1,test,1,0,cosine,0,0
p0271,pm271,A1,test,1,0,LegalBERT-NLI,1,1
p0271,pm271,A1,test,1,0,COLIEE-retrieval,0,0
p0271,pm271,A1,test,1,0,RAG-only,1,1
p0271,pm271,A1,test,1,0,ALERT-flat,1,1
p0271,pm271,A1,test,1,0,ALERT,0,0
p0272,pm272,A2,test,1,0,cosine,0,0
p0272,pm272,A2,test,1,0,LegalBERT-NLI,0,0
p0272,pm272,A2,test,1,0,COLIEE-retrieval,0,0
p0272,pm272,A2,test,1,0,RAG-only,0,0
p0272,pm272,A2,test,1,0,ALERT-flat,0,0
p0272,pm272,A2,test,1,0,ALERT,0,0
p0273,pm273,A3,test,0,0,cosine,0,0
p0273,pm273,A3,test,0,0,LegalBERT-NLI,0,0
p0273,pm273,A3,test,0,0,COLIEE-retrieval,1,0
p0273,pm273,A3,test,0,0,RAG-only,1,0
p0273,pm273,A3,test,0,0,ALERT-flat,1,0
p0273,pm273,A3,test,0,0,ALERT,0,0
p0274,pm274,A4,test,0,0,cosine,0,0
p0274,pm274,A4,test,0,0,LegalBERT-NLI,1,0
p0274,pm274,A4,test,0,0,COLIEE-retrieval,0,0
p0274,pm274,A4,test,0,0,RAG-only,1,0
p0274,pm274,A4,test,0,0,ALERT-flat,0,0
p0274,pm274,A4,test,0,0,ALERT,0,0
p0275,pm275,A0,train,0,0,cosine,0,0
p0275,pm275,A0,train,0,0,LegalBERT-NLI,1,0
p0275,pm275,A0,train,0,0,COLIEE-retrieval,0,0
p0275,pm275,A0,train,0,0,RAG-only,0,0
p0275,pm275,A0,train,0,0,ALERT-flat,0,0
p0275,pm275,A0,train,0,0,ALERT,0,0
p0276,pm276,A1,test,0,1,cosine,0,0
p0276,pm276,A1,test,0,1,LegalBERT-NLI,0,0
p0276,pm276,A1,test,0,1,COLIEE-retrieval,1,0
p0276,pm276,A1,test,0,1,RAG-only,1,0
p0276,pm276,A1,test,0,1,ALERT-flat,1,0
p0276,pm276,A1,test,0,1,ALERT,1,0
p0277,pm277,A2,test,1,0,cosine,1,1
p0277,pm277,A2,test,1,0,LegalBERT-NLI,0,0
p0277,pm277,A2,test,1,0,COLIEE-retrieval,1,1
p0277,pm277,A2,test,1,0,RAG-only,0,0
p0277,pm277,A2,test,1,0,ALERT-flat,0,0
p0277,pm277,A2,test,1,0,ALERT,0,0
p0278,pm278,A3,test,0,0,cosine,0,0
p0278,pm278,A3,test,0,0,LegalBERT-NLI,0,0
p0278,pm278,A3,test,0,0,COLIEE-retrieval,0,0
p0278,pm278,A3,test,0,0,RAG-only,1,0
p0278,pm278,A3,test,0,0,ALERT-flat,1,0
p0278,pm278,A3,test,0,0,ALERT,1,0
p0279,pm279,A4,test,0,0,cosine,0,0
p0279,pm279,A4,test,0,0,LegalBERT-NLI,0,0
p0279,pm279,A4,test,0,0,COLIEE-retrieval,1,0
p0279,pm279,A4,test,0,0,RAG-only,0,0
p0279,pm279,A4,test,0,0,ALERT-flat,0,0
p0279,pm279,A4,test,0,0,ALERT,0,0
p0280,pm280,A0,train,0,0,cosine,0,0
p0280,pm280,A0,train,0,0,LegalBERT-NLI,0,0
p0280,pm280,A0,train,0,0,COLIEE-retrieval,0,0
p0280,pm280,A0,train,0,0,RAG-only,1,0
p0280,pm280,A0,train,0,0,ALERT-flat,0,0
p0280,pm280,A0,train,0,0,ALERT,0,0
p0281,pm281,A1,test,1,0,cosine,0,0
p0281,pm281,A1,test,1,0,LegalBERT-NLI,0,0
p0281,pm281,A1,test,1,0,COLIEE-retrieval,0,0
p0281,pm281,A1,test,1,0,RAG-only,0,0
p0281,pm281,A1,test,1,0,ALERT-flat,0,0
p0281,pm281,A1,test,1,0,ALERT,1,1
p0282,pm282,A2,test,0,0,cosine,0,0
p0282,pm282,A2,test,0,0,LegalBERT-NLI,0,0
p0282,pm282,A2,test,0,0,COLIEE-retrieval,0,0
p0282,pm282,A2,test,0,0,RAG-only,0,0
p0282,pm282,A2,test,0,0,ALERT-flat,0,0
p0282,pm282,A2,test,0,0,ALERT,0,0
p0283,pm283,A3,test,0,0,cosine,0,0
p0283,pm283,A3,test,0,0,LegalBERT-NLI,0,0
p0283,pm283,A3,test,0,0,COLIEE-retrieval,1,0
p0283,pm283,A3,test,0,0,RAG-only,0,0
p0283,pm283,A3,test,0,0,ALERT-flat,0,0
p0283,pm283,A3,test,0,0,ALERT,0,0
p0284,pm284,A4,test,0,1,cosine,1,0
p0284,pm284,A4,test,0,1,LegalBERT-NLI,1,0
p0284,pm284,A4,test,0,1,COLIEE-retrieval,1,0
p0284,pm284,A4,test,0,1,RAG-only,0,0
p0284,pm284,A4,test,0,1,ALERT-flat,1,0
p0284,pm284,A4,test,0,1,ALERT,1,0
p0285,pm285,A0,train,0,0,cosine,1,0
p0285,pm285,A0,train,0,0,LegalBERT-NLI,0,0
p0285,pm285,A0,train,0,0,COLIEE-retrieval,0,0
p0285,pm285,A0,train,0,0,RAG-only,1,0
p0285,pm285,A0,train,0,0,ALERT-flat,0,0
p0285,pm285,A0,train,0,0,ALERT,0,0
p0286,pm286,A1,test,1,0,cosine,0,0
p0286,pm286,A1,test,1,0,LegalBERT-NLI,0,0
p0286,pm286,A1,test,1,0,COLIEE-retrieval,1,1
p0286,pm286,A1,test,1,0,RAG-only,0,0
p0286,pm286,A1,test,1,0,ALERT-flat,0,0
p0286,pm286,A1,test,1,0,ALERT,1,1
p0287,pm287,A2,test,0,0,cosine,0,0
p0287,pm287,A2,test,0,0,LegalBERT-NLI,0,0
p0287,pm287,A2,test,0,0,COLIEE-retrieval,0,0
p0287,pm287,A2,test,0,0,RAG-only,0,0
p0287,pm287,A2,test,0,0,ALERT-flat,1,0
p0287,pm287,A2,test,0,0,ALERT,0,0
p0288,pm288,A3,test,1,0,cosine,0,0
p0288,pm288,A3,test,1,0,LegalBERT-NLI,1,1
p0288,pm288,A3,test,1,0,COLIEE-retrieval,0,0
p0288,pm288,A3,test,1,0,RAG-only,0,0
p0288,pm288,A3,test,1,0,ALERT-flat,1,1
p0288,pm288,A3,test,1,0,ALERT,0,0
p0289,pm289,A4,test,0,1,cosine,1,0
p0289,pm289,A4,test,0,1,LegalBERT-NLI,1,0
p0289,pm289,A4,test,0,1,COLIEE-retrieval,0,0
p0289,pm289,A4,test,0,1,RAG-only,1,0
p0289,pm289,A4,test,0,1,ALERT-flat,1,0
p0289,pm289,A4,test,0,1,ALERT,1,0
p0290,pm290,A0,train,0,0,cosine,1,0
p0290,pm290,A0,train,0,0,LegalBERT-NLI,1,0
p0290,pm290,A0,train,0,0,COLIEE-retrieval,0,0
p0290,pm290,A0,train,0,0,RAG-only,0,0
p0290,pm290,A0,train,0,0,ALERT-flat,0,0
p0290,pm290,A0,train,0,0,ALERT,0,0
p0291,pm291,A1,test,0,0,cosine,0,0
p0291,pm291,A1,test,0,0,LegalBERT-NLI,1,0
p0291,pm291,A1,test,0,0,COLIEE-retrieval,0,0
p0291,pm291,A1,test,0,0,RAG-only,1,0
p0291,pm291,A1,test,0,0,ALERT-flat,1,0
p0291,pm291,A1,test,0,0,ALERT,0,0
p0292,pm292,A2,test,1,0,cosine,0,0
p0292,pm292,A2,test,1,0,LegalBERT-NLI,0,0
p0292,pm292,A2,test,1,0,COLIEE-retrieval,1,1
p0292,pm292,A2,test,1,0,RAG-only,0,0
p0292,pm292,A2,test,1,0,ALERT-flat,0,0
p0292,pm292,A2,test,1,0,ALERT,0,0
p0293,pm293,A3,test,0,1,cosine,1,0
p0293,pm293,A3,test,0,1,LegalBERT-NLI,0,0
p0293,pm293,A3,test,0,1,COLIEE-retrieval,1,0
p0293,pm293,A3,test,0,1,RAG-only,1,0
p0293,pm293,A3,test,0,1,ALERT-flat,1,0
p0293,pm293,A3,test,0,1,ALERT,1,0
p0294,pm294,A4,test,0,0,cosine,0,0
p0294,pm294,A4,test,0,0,LegalBERT-NLI,0,0
p0294,pm294,A4,test,0,0,COLIEE-retrieval,0,0
p0294,pm294,A4,test,0,0,RAG-only,1,0
p0294,pm294,A4,test,0,0,ALERT-flat,0,0
p0294,pm294,A4,test,0,0,ALERT,0,0
p0295,pm295,A0,train,0,1,cosine,1,0
p0295,pm295,A0,train,0,1,LegalBERT-NLI,1,0
p0295,pm295,A0,train,0,1,COLIEE-retrieval,1,0
p0295,pm295,A0,train,0,1,RAG-only,1,0
p0295,pm295,A0,train,0,1,ALERT-flat,1,0
p0295,pm295,A0,train,0,1,ALERT,1,0
p0296,pm296,A1,test,0,0,cosine,1,0
p0296,pm296,A1,test,0,0,LegalBERT-NLI,0,0
p0296,pm296,A1,test,0,0,COLIEE-retrieval,0,0
p0296,pm296,A1,test,0,0,RAG-only,0,0
p0296,pm296,A1,test,0,0,ALERT-flat,0,0
p0296,pm296,A1,test,0,0,ALERT,0,0
p0297,pm297,A2,test,0,0,cosine,0,0
p0297,pm297,A2,test,0,0,LegalBERT-NLI,0,0
p0297,pm297,A2,test,0,0,COLIEE-retrieval,0,0
p0297,pm297,A2,test,0,0,RAG-only,0,0
p0297,pm297,A2,test,0,0,ALERT-flat,0,0
p0297,pm297,A2,test,0,0,ALERT,0,0
p0298,pm298,A3,test,1,0,cosine,0,0
p0298,pm298,A3,test,1,0,LegalBERT-NLI,1,1
p0298,pm298,A3,test,1,0,COLIEE-retrieval,0,0
p0298,pm298,A3,test,1,0,RAG-only,0,0
p0298,pm298,A3,test,1,0,ALERT-flat,1,1
p0298,pm298,A3,test,1,0,ALERT,0,0
p0299,pm299,A4,test,1,0,cosine,0,0
p0299,pm299,A4,test,1,0,LegalBERT-NLI,1,1
p0299,pm299,A4,test,1,0,COLIEE-retrieval,0,0
p0299,pm299,A4,test,1,0,RAG-only,1,1
p0299,pm299,A4,test,1,0,ALERT-flat,0,0
p0299,pm299,A4,test,1,0,ALERT,0,0
p0300,pm300,A0,train,0,1,cosine,1,0
p0300,pm300,A0,train,0,1,LegalBERT-NLI,1,0
p0300,pm300,A0,train,0,1,COLIEE-retrieval,1,0
p0300,pm300,A0,train,0,1,RAG-only,1,0
p0300,pm300,A0,train,0,1,ALERT-flat,1,0
p0300,pm300,A0,train,0,1,ALERT,0,0
p0301,pm301,A1,test,1,0,cosine,0,0
p0301,pm301,A1,test,1,0,LegalBERT-NLI,1,1
p0301,pm301,A1,test,1,0,COLIEE-retrieval,1,1
p0301,pm301,A1,test,1,0,RAG-only,0,0
p0301,pm301,A1,test,1,0,ALERT-flat,1,1
p0301,pm301,A1,test,1,0,ALERT,0,0
p0302,pm302,A2,test,0,1,cosine,0,0
p0302,pm302,A2,test,0,1,LegalBERT-NLI,0,0
p0302,pm302,A2,test,0,1,COLIEE-retrieval,1,0
p0302,pm302,A2,test,0,1,RAG-only,1,0
p0302,pm302,A2,test,0,1,ALERT-flat,1,0
p0302,pm302,A2,test,0,1,ALERT,1,0
p0303,pm303,A3,test,1,0,cosine,0,0
p0303,pm303,A3,test,1,0,LegalBERT-NLI,0,0
p0303,pm303,A3,test,1,0,COLIEE-retrieval,0,0
p0303,pm303,A3,test,1,0,RAG-only,0,0
p0303,pm303,A3,test,1,0,ALERT-flat,0,0
p0303,pm303,A3,test,1,0,ALERT,0,0
p0304,pm304,A4,test,0,0,cosine,0,0
p0304,pm304,A4,test,0,0,LegalBERT-NLI,0,0
p0304,pm304,A4,test,0,0,COLIEE-retrieval,0,0
p0304,pm304,A4,test,0,0,RAG-only,0,0
p0304,pm304,A4,test,0,0,ALERT-flat,0,0
p0304,pm304,A4,test,0,0,ALERT,1,0
p0305,pm305,A0,train,0,0,cosine,1,0
p0305,pm305,A0,train,0,0,LegalBERT-NLI,1,0
p0305,pm305,A0,train,0,0,COLIEE-retrieval,0,0
p0305,pm305,A0,train,0,0,RAG-only,0,0
p0305,pm305,A0,train,0,0,ALERT-flat,0,0
p0305,pm305,A0,train,0,0,ALERT,0,0
p0306,pm306,A1,test,0,1,cosine,1,0
p0306,pm306,A1,test,0,1,LegalBERT-NLI,1,0
p0306,pm306,A1,test,0,1,COLIEE-retrieval,1,0
p0306,pm306,A1,test,0,1,RAG-only,1,0
p0306,pm306,A1,test,0,1,ALERT-flat,1,0
p0306,pm306,A1,test,0,1,ALERT,1,0
p0307,pm307,A2,test,0,0,cosine,0,0
p0307,pm307,A2,test,0,0,LegalBERT-NLI,0,0
p0307,pm307,A2,test,0,0,COLIEE-retrieval,0,0
p0307,pm307,A2,test,0,0,RAG-only,1,0
p0307,pm307,A2,test,0,0,ALERT-flat,0,0
p0307,pm307,A2,test,0,0,ALERT,0,0
p0308,pm308,A3,test,0,0,cosine,0,0
p0308,pm308,A3,test,0,0,LegalBERT-NLI,0,0
p0308,pm308,A3,test,0,0,COLIEE-retrieval,1,0
p0308,pm308,A3,test,0,0,RAG-only,0,0
p0308,pm308,A3,test,0,0,ALERT-flat,0,0
p0308,pm308,A3,test,0,0,ALERT,0,0
p0309,pm309,A4,test,0,0,cosine,0,0
p0309,pm309,A4,test,0,0,LegalBERT-NLI,0,0
p0309,pm309,A4,test,0,0,COLIEE-retrieval,0,0
p0309,pm309,A4,test,0,0,RAG-only,0,0
p0309,pm309,A4,test,0,0,ALERT-flat,0,0
p0309,pm309,A4,test,0,0,ALERT,0,0
p0310,pm310,A0,train,0,1,cosine,1,0
p0310,pm310,A0,train,0,1,LegalBERT-NLI,0,0
p0310,pm310,A0,train,0,1,COLIEE-retrieval,0,0
p0310,pm310,A0,train,0,1,RAG-only,1,0
p0310,pm310,A0,train,0,1,ALERT-flat,1,0
p0310,pm310,A0,train,0,1,ALERT,1,0
p0311,pm311,A1,test,0,0,cosine,0,0
p0311,pm311,A1,test,0,0,LegalBERT-NLI,1,0
p0311,pm311,A1,test,0,0,COLIEE-retrieval,1,0
p0311,pm311,A1,test,0,0,RAG-only,1,0
p0311,pm311,A1,test,0,0,ALERT-flat,0,0
p0311,pm311,A1,test,0,0,ALERT,0,0
p0312,pm000,A2,test,1,0,cosine,0,0
p0312,pm000,A2,test,1,0,LegalBERT-NLI,0,0
p0312,pm000,A2,test,1,0,COLIEE-retrieval,0,0
p0312,pm000,A2,test,1,0,RAG-only,0,0
p0312,pm000,A2,test,1,0,ALERT-flat,1,1
p0312,pm000,A2,test,1,0,ALERT,0,0
p0313,pm001,A3,test,0,0,cosine,0,0
p0313,pm001,A3,test,0,0,LegalBERT-NLI,0,0
p0313,pm001,A3,test,0,0,COLIEE-retrieval,0,0
p0313,pm001,A3,test,0,0,RAG-only,1,0
p0313,pm001,A3,test,0,0,ALERT-flat,0,0
p0313,pm001,A3,test,0,0,ALERT,0,0
p0314,pm002,A4,test,0,0,cosine,0,0
p0314,pm002,A4,test,0,0,LegalBERT-NLI,0,0
p0314,pm002,A4,test,0,0,COLIEE-retrieval,0,0
p0314,pm002,A4,test,0,0,RAG-only,0,0
p0314,pm002,A4,test,0,0,ALERT-flat,0,0
p0314,pm002,A4,test,0,0,ALERT,0,0
p0315,pm003,A0,train,0,1,cosine,1,0
p0315,pm003,A0,train,0,1,LegalBERT-NLI,1,0
p0315,pm003,A0,train,0,1,COLIEE-retrieval,1,0
p0315,pm003,A0,train,0,1,RAG-only,1,0
p0315,pm003,A0,train,0,1,ALERT-flat,1,0
p0315,pm003,A0,train,0,1,ALERT,1,0
p0316,pm004,A1,test,0,1,cosine,0,0
p0316,pm004,A1,test,0,1,LegalBERT-NLI,1,0
p0316,pm004,A1,test,0,1,COLIEE-retrieval,0,0
p0316,pm004,A1,test,0,1,RAG-only,1,0
p0316,pm004,A1,test,0,1,ALERT-flat,1,0
p0316,pm004,A1,test,0,1,ALERT,1,0
p0317,pm005,A2,test,0,1,cosine,1,0
p0317,pm005,A2,test,0,1,LegalBERT-NLI,1,0
p0317,pm005,A2,test,0,1,COLIEE-retrieval,0,0
p0317,pm005,A2,test,0,1,RAG-only,1,0
p0317,pm005,A2,test,0,1,ALERT-flat,1,0
p0317,pm005,A2,test,0,1,ALERT,0,0
p0318,pm006,A3,test,0,1,cosine,0,0
p0318,pm006,A3,test,0,1,LegalBERT-NLI,1,0
p0318,pm006,A3,test,0,1,COLIEE-retrieval,1,0
p0318,pm006,A3,test,0,1,RAG-only,0,0
p0318,pm006,A3,test,0,1,ALERT-flat,1,0
p0318,pm006,A3,test,0,1,ALERT,1,0
p0319,pm007,A4,test,0,0,cosine,1,0
p0319,pm007,A4,test,0,0,LegalBERT-NLI,1,0
p0319,pm007,A4,test,0,0,COLIEE-retrieval,1,0
p0319,pm007,A4,test,0,0,RAG-only,0,0
p0319,pm007,A4,test,0,0,ALERT-flat,1,0
p0319,pm007,A4,test,0,0,ALERT,0,0
p0320,pm008,A0,train,1,0,cosine,0,0
p0320,pm008,A0,train,1,0,LegalBERT-NLI,0,0
p0320,pm008,A0,train,1,0,COLIEE-retrieval,0,0
p0320,pm008,A0,train,1,0,RAG-only,0,0
p0320,pm008,A0,train,1,0,ALERT-flat,0,0
p0320,pm008,A0,train,1,0,ALERT,0,0
p0321,pm009,A1,test,0,1,cosine,1,0
p0321,pm009,A1,test,0,1,LegalBERT-NLI,1,0
p0321,pm009,A1,test,0,1,COLIEE-retrieval,1,0
p0321,pm009,A1,test,0,1,RAG-only,0,0
p0321,pm009,A1,test,0,1,ALERT-flat,1,0
p0321,pm009,A1,test,0,1,ALERT,1,0
p0322,pm010,A2,test,1,0,cosine,0,0
p0322,pm010,A2,test,1,0,LegalBERT-NLI,1,1
p0322,pm010,A2,test,1,0,COLIEE-retrieval,1,1
p0322,pm010,A2,test,1,0,RAG-only,0,0
p0322,pm010,A2,test,1,0,ALERT-flat,0,0
p0322,pm010,A2,test,1,0,ALERT,0,0
p0323,pm011,A3,test,0,1,cosine,1,0
p0323,pm011,A3,test,0,1,LegalBERT-NLI,1,0
p0323,pm011,A3,test,0,1,COLIEE-retrieval,0,0
p0323,pm011,A3,test,0,1,RAG-only,1,0
p0323,pm011,A3,test,0,1,ALERT-flat,1,0
p0323,pm011,A3,test,0,1,ALERT,1,0
p0324,pm012,A4,test,0,0,cosine,0,0
p0324,pm012,A4,test,0,0,LegalBERT-NLI,0,0
p0324,pm012,A4,test,0,0,COLIEE-retrieval,0,0
p0324,pm012,A4,test,0,0,RAG-only,0,0
p0324,pm012,A4,test,0,0,ALERT-flat,0,0
p0324,pm012,A4,test,0,0,ALERT,0,0
p0325,pm013,A0,train,0,0,cosine,0,0
p0325,pm013,A0,train,0,0,LegalBERT-NLI,0,0
p0325,pm013,A0,train,0,0,COLIEE-retrieval,1,0
p0325,pm013,A0,train,0,0,RAG-only,0,0
p0325,pm013,A0,train,0,0,ALERT-flat,0,0
p0325,pm013,A0,train,0,0,ALERT,0,0
p0326,pm014,A1,test,0,0,cosine,1,0
p0326,pm014,A1,test,0,0,LegalBERT-NLI,0,0
p0326,pm014,A1,test,0,0,COLIEE-retrieval,0,0
p0326,pm014,A1,test,0,0,RAG-only,0,0
p0326,pm014,A1,test,0,0,ALERT-flat,0,0
p0326,pm014,A1,test,0,0,ALERT,0,0
p0327,pm015,A2,test,0,0,cosine,1,0
p0327,pm015,A2,test,0,0,LegalBERT-NLI,0,0
p0327,pm015,A2,test,0,0,COLIEE-retrieval,0,0
p0327,pm015,A2,test,0,0,RAG-only,1,0
p0327,pm015,A2,test,0,0,ALERT-flat,1,0
p0327,pm015,A2,test,0,0,ALERT,0,0
p0328,pm016,A3,test,0,0,cosine,0,0
p0328,pm016,A3,test,0,0,LegalBERT-NLI,0,0
p0328,pm016,A3,test,0,0,COLIEE-retrieval,0,0
p0328,pm016,A3,test,0,0,RAG-only,0,0
p0328,pm016,A3,test,0,0,ALERT-flat,0,0
p0328,pm016,A3,test,0,0,ALERT,0,0
p0329,pm017,A4,test,0,0,cosine,0,0
p0329,pm017,A4,test,0,0,LegalBERT-NLI,0,0
p0329,pm017,A4,test,0,0,COLIEE-retrieval,1,0
p0329,pm017,A4,test,0,0,RAG-only,0,0
p0329,pm017,A4,test,0,0,ALERT-flat,0,0
p0329,pm017,A4,test,0,0,ALERT,1,0
p0330,pm018,A0,train,0,0,cosine,0,0
p0330,pm018,A0,train,0,0,LegalBERT-NLI,0,0
p0330,pm018,A0,train,0,0,COLIEE-retrieval,0,0
p0330,pm018,A0,train,0,0,RAG-only,1,0
p0330,pm018,A0,train,0,0,ALERT-flat,0,0
p0330,pm018,A0,train,0,0,ALERT,1,0
p0331,pm019,A1,test,0,0,cosine,0,0
p0331,pm019,A1,test,0,0,LegalBERT-NLI,0,0
p0331,pm019,A1,test,0,0,COLIEE-retrieval,0,0
p0331,pm019,A1,test,0,0,RAG-only,0,0
p0331,pm019,A1,test,0,0,ALERT-flat,0,0
p0331,pm019,A1,test,0,0,ALERT,0,0
p0332,pm020,A2,test,0,1,cosine,1,0
p0332,pm020,A2,test,0,1,LegalBERT-NLI,1,0
p0332,pm020,A2,test,0,1,COLIEE-retrieval,1,0
p0332,pm020,A2,test,0,1,RAG-only,1,0
p0332,pm020,A2,test,0,1,ALERT-flat,1,0
p0332,pm020,A2,test,0,1,ALERT,1,0
p0333,pm021,A3,test,0,0,cosine,1,0
p0333,pm021,A3,test,0,0,LegalBERT-NLI,1,0
p0333,pm021,A3,test,0,0,COLIEE-retrieval,0,0
p0333,pm021,A3,test,0,0,RAG-only,0,0
p0333,pm021,A3,test,0,0,ALERT-flat,0,0
p0333,pm021,A3,test,0,0,ALERT,0,0
p0334,pm022,A4,test,0,0,cosine,0,0
p0334,pm022,A4,test,0,0,LegalBERT-NLI,1,0
p0334,pm022,A4,test,0,0,COLIEE-retrieval,0,0
p0334,pm022,A4,test,0,0,RAG-only,0,0
p0334,pm022,A4,test,0,0,ALERT-flat,0,0
p0334,pm022,A4,test,0,0,ALERT,0,0
p0335,pm023,A0,train,1,0,cosine,1,1
p0335,pm023,A0,train,1,0,LegalBERT-NLI,0,0
p0335,pm023,A0,train,1,0,COLIEE-retrieval,0,0
p0335,pm023,A0,train,1,0,RAG-only,0,0
p0335,pm023,A0,train,1,0,ALERT-flat,1,1
p0335,pm023,A0,train,1,0,ALERT,1,1
p0336,pm024,A1,test,0,1,cosine,1,0
p0336,pm024,A1,test,0,1,LegalBERT-NLI,1,0
p0336,pm024,A1,test,0,1,COLIEE-retrieval,1,0
p0336,pm024,A1,test,0,1,RAG-only,1,0
p0336,pm024,A1,test,0,1,ALERT-flat,1,0
p0336,pm024,A1,test,0,1,ALERT,1,0
p0337,pm025,A2,test,1,0,cosine,0,0
p0337,pm025,A2,test,1,0,LegalBERT-NLI,0,0
p0337,pm025,A2,test,1,0,COLIEE-retrieval,0,0
p0337,pm025,A2,test,1,0,RAG-only,1,1
p0337,pm025,A2,test,1,0,ALERT-flat,0,0
p0337,pm025,A2,test,1,0,ALERT,0,0
p0338,pm026,A3,test,1,0,cosine,0,0
p0338,pm026,A3,test,1,0,LegalBERT-NLI,1,1
p0338,pm026,A3,test,1,0,COLIEE-retrieval,1,1
p0338,pm026,A3,test,1,0,RAG-only,0,0
p0338,pm026,A3,test,1,0,ALERT-flat,0,0
p0338,pm026,A3,test,1,0,ALERT,0,0
p0339,pm027,A4,test,0,1,cosine,0,0
p0339,pm027,A4,test,0,1,LegalBERT-NLI,1,0
p0339,pm027,A4,test,0,1,COLIEE-retrieval,1,0
p0339,pm027,A4,test,0,1,RAG-only,1,0
p0339,pm027,A4,test,0,1,ALERT-flat,1,0
p0339,pm027,A4,test,0,1,ALERT,1,0
p0340,pm028,A0,train,0,0,cosine,0,0
p0340,pm028,A0,train,0,0,LegalBERT-NLI,0,0
p0340,pm028,A0,train,0,0,COLIEE-retrieval,0,0
p0340,pm028,A0,train,0,0,RAG-only,0,0
p0340,pm028,A0,train,0,0,ALERT-flat,1,0
p0340,pm028,A0,train,0,0,ALERT,1,0
p0341,pm029,A1,test,0,1,cosine,1,0
p0341,pm029,A1,test,0,1,LegalBERT-NLI,1,0
p0341,pm029,A1,test,0,1,COLIEE-retrieval,1,0
p0341,pm029,A1,test,0,1,RAG-only,1,0
p0341,pm029,A1,test,0,1,ALERT-flat,1,0
p0341,pm029,A1,test,0,1,ALERT,1,0
p0342,pm030,A2,test,1,0,cosine,1,1
p0342,pm030,A2,test,1,0,LegalBERT-NLI,0,0
p0342,pm030,A2,test,1,0,COLIEE-retrieval,0,0
p0342,pm030,A2,test,1,0,RAG-only,0,0
p0342,pm030,A2,test,1,0,ALERT-flat,0,0
p0342,pm030,A2,test,1,0,ALERT,0,0
p0343,pm031,A3,test,0,0,cosine,0,0
p0343,pm031,A3,test,0,0,LegalBERT-NLI,0,0
p0343,pm031,A3,test,0,0,COLIEE-retrieval,0,0
p0343,pm031,A3,test,0,0,RAG-only,0,0
p0343,pm031,A3,test,0,0,ALERT-flat,0,0
p0343,pm031,A3,test,0,0,ALERT,0,0
p0344,pm032,A4,test,1,0,cosine,0,0
p0344,pm032,A4,test,1,0,LegalBERT-NLI,1,1
p0344,pm032,A4,test,1,0,COLIEE-retrieval,0,0
p0344,pm032,A4,test,1,0,RAG-only,0,0
p0344,pm032,A4,test,1,0,ALERT-flat,0,0
p0344,pm032,A4,test,1,0,ALERT,0,0
p0345,pm033,A0,train,0,0,cosine,0,0
p0345,pm033,A0,train,0,0,LegalBERT-NLI,0,0
p0345,pm033,A0,train,0,0,COLIEE-retrieval,0,0
p0345,pm033,A0,train,0,0,RAG-only,0,0
p0345,pm033,A0,train,0,0,ALERT-flat,0,0
p0345,pm033,A0,train,0,0,ALERT,0,0
p0346,pm034,A1,test,0,0,cosine,0,0
p0346,pm034,A1,test,0,0,LegalBERT-NLI,0,0
p0346,pm034,A1,test,0,0,COLIEE-retrieval,0,0
p0346,pm034,A1,test,0,0,RAG-only,1,0
p0346,pm034,A1,test,0,0,ALERT-flat,1,0
p0346,pm034,A1,test,0,0,ALERT,0,0
p0347,pm035,A2,test,0,0,cosine,1,0
p0347,pm035,A2,test,0,0,LegalBERT-NLI,0,0
p0347,pm035,A2,test,0,0,COLIEE-retrieval,0,0
p0347,pm035,A2,test,0,0,RAG-only,0,0
p0347,pm035,A2,test,0,0,ALERT-flat,1,0
p0347,pm035,A2,test,0,0,ALERT,0,0
p0348,pm036,A3,test,1,0,cosine,0,0
p0348,pm036,A3,test,1,0,LegalBERT-NLI,1,1
p0348,pm036,A3,test,1,0,COLIEE-retrieval,0,0
p0348,pm036,A3,test,1,0,RAG-only,0,0
p0348,pm036,A3,test,1,0,ALERT-flat,0,0
p0348,pm036,A3,test,1,0,ALERT,0,0
p0349,pm037,A4,test,0,0,cosine,0,0
p0349,pm037,A4,test,0,0,LegalBERT-NLI,0,0
p0349,pm037,A4,test,0,0,COLIEE-retrieval,0,0
p0349,pm037,A4,test,0,0,RAG-only,1,0
p0349,pm037,A4,test,0,0,ALERT-flat,0,0
p0349,pm037,A4,test,0,0,ALERT,0,0
p0350,pm038,A0,train,0,1,cosine,0,0
p0350,pm038,A0,train,0,1,LegalBERT-NLI,1,0
p0350,pm038,A0,train,0,1,COLIEE-retrieval,1,0
p0350,pm038,A0,train,0,1,RAG-only,1,0
p0350,pm038,A0,train,0,1,ALERT-flat,1,0
p0350,pm038,A0,train,0,1,ALERT,1,0
p0351,pm039,A1,test,1,0,cosine,1,1
p0351,pm039,A1,test,1,0,LegalBERT-NLI,1,1
p0351,pm039,A1,test,1,0,COLIEE-retrieval,0,0
p0351,pm039,A1,test,1,0,RAG-only,0,0
p0351,pm039,A1,test,1,0,ALERT-flat,0,0
p0351,pm039,A1,test,1,0,ALERT,0,0
p0352,pm040,A2,test,0,0,cosine,1,0
p0352,pm040,A2,test,0,0,LegalBERT-NLI,0,0
p0352,pm040,A2,test,0,0,COLIEE-retrieval,0,0
p0352,pm040,A2,test,0,0,RAG-only,0,0
p0352,pm040,A2,test,0,0,ALERT-flat,0,0
p0352,pm040,A2,test,0,0,ALERT,1,0
p0353,pm041,A3,test,0,0,cosine,0,0
p0353,pm041,A3,test,0,0,LegalBERT-NLI,0,0
p0353,pm041,A3,test,0,0,COLIEE-retrieval,0,0
p0353,pm041,A3,test,0,0,RAG-only,1,0
p0353,pm041,A3,test,0,0,ALERT-flat,1,0
p0353,pm041,A3,test,0,0,ALERT,0,0
p0354,pm042,A4,test,0,0,cosine,0,0
p0354,pm042,A4,test,0,0,LegalBERT-NLI,1,0
p0354,pm042,A4,test,0,0,COLIEE-retrieval,0,0
p0354,pm042,A4,test,0,0,RAG-only,0,0
p0354,pm042,A4,test,0,0,ALERT-flat,0,0
p0354,pm042,A4,test,0,0,ALERT,0,0
p0355,pm043,A0,train,0,0,cosine,0,0
p0355,pm043,A0,train,0,0,LegalBERT-NLI,0,0
p0355,pm043,A0,train,0,0,COLIEE-retrieval,0,0
p0355,pm043,A0,train,0,0,RAG-only,0,0
p0355,pm043,A0,train,0,0,ALERT-flat,0,0
p0355,pm043,A0,train,0,0,ALERT,0,0
p0356,pm044,A1,test,0,0,cosine,0,0
p0356,pm044,A1,test,0,0,LegalBERT-NLI,0,0
p0356,pm044,A1,test,0,0,COLIEE-retrieval,0,0
p0356,pm044,A1,test,0,0,RAG-only,1,0
p0356,pm044,A1,test,0,0,ALERT-flat,0,0
p0356,pm044,A1,test,0,0,ALERT,1,0
p0357,pm045,A2,test,0,1,cosine,0,0
p0357,pm045,A2,test,0,1,LegalBERT-NLI,1,0
p0357,pm045,A2,test,0,1,COLIEE-retrieval,1,0
p0357,pm045,A2,test,0,1,RAG-only,1,0
p0357,pm045,A2,test,0,1,ALERT-flat,0,0
p0357,pm045,A2,test,0,1,ALERT,0,0
p0358,pm046,A3,test,0,0,cosine,0,0
p0358,pm046,A3,test,0,0,LegalBERT-NLI,0,0
p0358,pm046,A3,test,0,0,COLIEE-retrieval,0,0
p0358,pm046,A3,test,0,0,RAG-only,0,0
p0358,pm046,A3,test,0,0,ALERT-flat,0,0
p0358,pm046,A3,test,0,0,ALERT,0,0
p0359,pm047,A4,test,0,0,cosine,1,0
p0359,pm047,A4,test,0,0,LegalBERT-NLI,1,0
p0359,pm047,A4,test,0,0,COLIEE-retrieval,0,0
p0359,pm047,A4,test,0,0,RAG-only,0,0
p0359,pm047,A4,test,0,0,ALERT-flat,0,0
p0359,pm047,A4,test,0,0,ALERT,1,0
p0360,pm048,A0,train,0,1,cosine,0,0
p0360,pm048,A0,train,0,1,LegalBERT-NLI,1,0
p0360,pm048,A0,train,0,1,COLIEE-retrieval,1,0
p0360,pm048,A0,train,0,1,RAG-only,1,0
p0360,pm048,A0,train,0,1,ALERT-flat,1,0
p0360,pm048,A0,train,0,1,ALERT,1,0
p0361,pm049,A1,test,0,0,cosine,0,0
p0361,pm049,A1,test,0,0,LegalBERT-NLI,0,0
p0361,pm049,A1,test,0,0,COLIEE-retrieval,1,0
p0361,pm049,A1,test,0,0,RAG-only,0,0
p0361,pm049,A1,test,0,0,ALERT-flat,1,0
p0361,pm049,A1,test,0,0,ALERT,0,0
p0362,pm050,A2,test,0,0,cosine,0,0
p0362,pm050,A2,test,0,0,LegalBERT-NLI,0,0
p0362,pm050,A2,test,0,0,COLIEE-retrieval,0,0
p0362,pm050,A2,test,0,0,RAG-only,1,0
p0362,pm050,A2,test,0,0,ALERT-flat,0,0
p0362,pm050,A2,test,0,0,ALERT,0,0
p0363,pm051,A3,test,0,0,cosine,0,0
p0363,pm051,A3,test,0,0,LegalBERT-NLI,1,0
p0363,pm051,A3,test,0,0,COLIEE-retrieval,1,0
p0363,pm051,A3,test,0,0,RAG-only,0,0
p0363,pm051,A3,test,0,0,ALERT-flat,1,0
p0363,pm051,A3,test,0,0,ALERT,0,0
p0364,pm052,A4,test,0,0,cosine,0,0
p0364,pm052,A4,test,0,0,LegalBERT-NLI,0,0
p0364,pm052,A4,test,0,0,COLIEE-retrieval,0,0
p0364,pm052,A4,test,0,0,RAG-only,1,0
p0364,pm052,A4,test,0,0,ALERT-flat,0,0
p0364,pm052,A4,test,0,0,ALERT,0,0
p0365,pm053,A0,train,0,1,cosine,1,0
p0365,pm053,A0,train,0,1,LegalBERT-NLI,1,0
p0365,pm053,A0,train,0,1,COLIEE-retrieval,1,0
p0365,pm053,A0,train,0,1,RAG-only,1,0
p0365,pm053,A0,train,0,1,ALERT-flat,1,0
p0365,pm053,A0,train,0,1,ALERT,0,0
p0366,pm054,A1,test,0,0,cosine,1,0
p0366,pm054,A1,test,0,0,LegalBERT-NLI,0,0
p0366,pm054,A1,test,0,0,COLIEE-retrieval,0,0
p0366,pm054,A1,test,0,0,RAG-only,0,0
p0366,pm054,A1,test,0,0,ALERT-flat,0,0
p0366,pm054,A1,test,0,0,ALERT,0,0
p0367,pm055,A2,test,1,0,cosine,0,0
p0367,pm055,A2,test,1,0,LegalBERT-NLI,0,0
p0367,pm055,A2,test,1,0,COLIEE-retrieval,0,0
p0367,pm055,A2,test,1,0,RAG-only,0,0
p0367,pm055,A2,test,1,0,ALERT-flat,1,1
p0367,pm055,A2,test,1,0,ALERT,0,0
p0368,pm056,A3,test,0,1,cosine,1,0
p0368,pm056,A3,test,0,1,LegalBERT-NLI,1,0
p0368,pm056,A3,test,0,1,COLIEE-retrieval,1,0
p0368,pm056,A3,test,0,1,RAG-only,1,0
p0368,pm056,A3,test,0,1,ALERT-flat,0,0
p0368,pm056,A3,test,0,1,ALERT,1,0
p0369,pm057,A4,test,0,0,cosine,0,0
p0369,pm057,A4,test,0,0,LegalBERT-NLI,0,0
p0369,pm057,A4,test,0,0,COLIEE-retrieval,0,0
p0369,pm057,A4,test,0,0,RAG-only,0,0
p0369,pm057,A4,test,0,0,ALERT-flat,0,0
p0369,pm057,A4,test,0,0,ALERT,1,0
p0370,pm058,A0,train,0,1,cosine,1,0
p0370,pm058,A0,train,0,1,LegalBERT-NLI,1,0
p0370,pm058,A0,train,0,1,COLIEE-retrieval,1,0
p0370,pm058,A0,train,0,1,RAG-only,1,0
p0370,pm058,A0,train,0,1,ALERT-flat,0,0
p0370,pm058,A0,train,0,1,ALERT,1,0
p0371,pm059,A1,test,0,0,cosine,1,0
p0371,pm059,A1,test,0,0,LegalBERT-NLI,0,0
p0371,pm059,A1,test,0,0,COLIEE-retrieval,1,0
p0371,pm059,A1,test,0,0,RAG-only,0,0
p0371,pm059,A1,test,0,0,ALERT-flat,1,0
p0371,pm059,A1,test,0,0,ALERT,1,0
p0372,pm060,A2,test,0,0,cosine,0,0
p0372,pm060,A2,test,0,0,LegalBERT-NLI,0,0
p0372,pm060,A2,test,0,0,COLIEE-retrieval,1,0
p0372,pm060,A2,test,0,0,RAG-only,0,0
p0372,pm060,A2,test,0,0,ALERT-flat,0,0
p0372,pm060,A2,test,0,0,ALERT,0,0
p0373,pm061,A3,test,1,0,cosine,0,0
p0373,pm061,A3,test,1,0,LegalBERT-NLI,0,0
p0373,pm061,A3,test,1,0,COLIEE-retrieval,0,0
p0373,pm061,A3,test,1,0,RAG-only,0,0
p0373,pm061,A3,test,1,0,ALERT-flat,0,0
p0373,pm061,A3,test,1,0,ALERT,0,0
p0374,pm062,A4,test,0,1,cosine,1,0
p0374,pm062,A4,test,0,1,LegalBERT-NLI,0,0
p0374,pm062,A4,test,0,1,COLIEE-retrieval,1,0
p0374,pm062,A4,test,0,1,RAG-only,0,0
p0374,pm062,A4,test,0,1,ALERT-flat,1,0
p0374,pm062,A4,test,0,1,ALERT,1,0
p0375,pm063,A0,train,1,0,cosine,1,1
p0375,pm063,A0,train,1,0,LegalBERT-NLI,0,0
p0375,pm063,A0,train,1,0,COLIEE-retrieval,0,0
p0375,pm063,A0,train,1,0,RAG-only,0,0
p0375,pm063,A0,train,1,0,ALERT-flat,1,1
p0375,pm063,A0,train,1,0,ALERT,0,0
p0376,pm064,A1,test,0,0,cosine,0,0
p0376,pm064,A1,test,0,0,LegalBERT-NLI,0,0
p0376,pm064,A1,test,0,0,COLIEE-retrieval,0,0
p0376,pm064,A1,test,0,0,RAG-only,0,0
p0376,pm064,A1,test,0,0,ALERT-flat,0,0
p0376,pm064,A1,test,0,0,ALERT,0,0
p0377,pm065,A2,test,0,1,cosine,0,0
p0377,pm065,A2,test,0,1,LegalBERT-NLI,0,0
p0377,pm065,A2,test,0,1,COLIEE-retrieval,1,0
p0377,pm065,A2,test,0,1,RAG-only,0,0
p0377,pm065,A2,test,0,1,ALERT-flat,1,0
p0377,pm065,A2,test,0,1,ALERT,1,0
p0378,pm066,A3,test,0,0,cosine,0,0
p0378,pm066,A3,test,0,0,LegalBERT-NLI,0,0
p0378,pm066,A3,test,0,0,COLIEE-retrieval,0,0
p0378,pm066,A3,test,0,0,RAG-only,0,0
p0378,pm066,A3,test,0,0,ALERT-flat,0,0
p0378,pm066,A3,test,0,0,ALERT,0,0
p0379,pm067,A4,test,0,0,cosine,0,0
p0379,pm067,A4,test,0,0,LegalBERT-NLI,0,0
p0379,pm067,A4,test,0,0,COLIEE-retrieval,0,0
p0379,pm067,A4,test,0,0,RAG-only,0,0
p0379,pm067,A4,test,0,0,ALERT-flat,0,0
p0379,pm067,A4,test,0,0,ALERT,1,0
p0380,pm068,A0,train,1,0,cosine,0,0
p0380,pm068,A0,train,1,0,LegalBERT-NLI,1,1
p0380,pm068,A0,train,1,0,COLIEE-retrieval,0,0
p0380,pm068,A0,train,1,0,RAG-only,1,1
p0380,pm068,A0,train,1,0,ALERT-flat,0,0
p0380,pm068,A0,train,1,0,ALERT,0,0
p0381,pm069,A1,test,1,0,cosine,0,0
p0381,pm069,A1,test,1,0,LegalBERT-NLI,0,0
p0381,pm069,A1,test,1,0,COLIEE-retrieval,0,0
p0381,pm069,A1,test,1,0,RAG-only,0,0
p0381,pm069,A1,test,1,0,ALERT-flat,0,0
p0381,pm069,A1,test,1,0,ALERT,0,0
p0382,pm070,A2,test,0,0,cosine,0,0
p0382,pm070,A2,test,0,0,LegalBERT-NLI,0,0
p0382,pm070,A2,test,0,0,COLIEE-retrieval,0,0
p0382,pm070,A2,test,0,0,RAG-only,0,0
p0382,pm070,A2,test,0,0,ALERT-flat,0,0
p0382,pm070,A2,test,0,0,ALERT,0,0
p0383,pm071,A3,test,0,1,cosine,0,0
p0383,pm071,A3,test,0,1,LegalBERT-NLI,1,0
p0383,pm071,A3,test,0,1,COLIEE-retrieval,1,0
p0383,pm071,A3,test,0,1,RAG-only,1,0
p0383,pm071,A3,test,0,1,ALERT-flat,1,0
p0383,pm071,A3,test,0,1,ALERT,1,0
p0384,pm072,A4,test,0,0,cosine,1,0
p0384,pm072,A4,test,0,0,LegalBERT-NLI,0,0
p0384,pm072,A4,test,0,0,COLIEE-retrieval,0,0
p0384,pm072,A4,test,0,0,RAG-only,0,0
p0384,pm072,A4,test,0,0,ALERT-flat,1,0
p0384,pm072,A4,test,0,0,ALERT,0,0
p0385,pm073,A0,train,0,0,cosine,0,0
p0385,pm073,A0,train,0,0,LegalBERT-NLI,1,0
p0385,pm073,A0,train,0,0,COLIEE-retrieval,0,0
p0385,pm073,A0,train,0,0,RAG-only,1,0
p0385,pm073,A0,train,0,0,ALERT-flat,0,0
p0385,pm073,A0,train,0,0,ALERT,1,0
p0386,pm074,A1,test,0,0,cosine,0,0
p0386,pm074,A1,test,0,0,LegalBERT-NLI,0,0
p0386,pm074,A1,test,0,0,COLIEE-retrieval,1,0
p0386,pm074,A1,test,0,0,RAG-only,0,0
p0386,pm074,A1,test,0,0,ALERT-flat,0,0
p0386,pm074,A1,test,0,0,ALERT,0,0
p0387,pm075,A2,test,0,0,cosine,0,0
p0387,pm075,A2,test,0,0,LegalBERT-NLI,0,0
p0387,pm075,A2,test,0,0,COLIEE-retrieval,0,0
p0387,pm075,A2,test,0,0,RAG-only,0,0
p0387,pm075,A2,test,0,0,ALERT-flat,0,0
p0387,pm075,A2,test,0,0,ALERT,0,0
p0388,pm076,A3,test,0,0,cosine,0,0
p0388,pm076,A3,test,0,0,LegalBERT-NLI,0,0
p0388,pm076,A3,test,0,0,COLIEE-retrieval,0,0
p0388,pm076,A3,test,0,0,RAG-only,1,0
p0388,pm076,A3,test,0,0,ALERT-flat,0,0
p0388,pm076,A3,test,0,0,ALERT,0,0
p0389,pm077,A4,test,0,1,cosine,0,0
p0389,pm077,A4,test,0,1,LegalBERT-NLI,1,0
p0389,pm077,A4,test,0,1,COLIEE-retrieval,1,0
p0389,pm077,A4,test,0,1,RAG-only,0,0
p0389,pm077,A4,test,0,1,ALERT-flat,1,0
p0389,pm077,A4,test,0,1,ALERT,1,0
p0390,pm078,A0,train,1,0,cosine,0,0
p0390,pm078,A0,train,1,0,LegalBERT-NLI,0,0
p0390,pm078,A0,train,1,0,COLIEE-retrieval,0,0
p0390,pm078,A0,train,1,0,RAG-only,0,0
p0390,pm078,A0,train,1,0,ALERT-flat,1,1
p0390,pm078,A0,train,1,0,ALERT,0,0
p0391,pm079,A1,test,1,0,cosine,0,0
p0391,pm079,A1,test,1,0,LegalBERT-NLI,0,0
p0391,pm079,A1,test,1,0,COLIEE-retrieval,0,0
p0391,pm079,A1,test,1,0,RAG-only,0,0
p0391,pm079,A1,test,1,0,ALERT-flat,0,0
p0391,pm079,A1,test,1,0,ALERT,0,0
p0392,pm080,A2,test,1,0,cosine,1,1
p0392,pm080,A2,test,1,0,LegalBERT-NLI,0,0
p0392,pm080,A2,test,1,0,COLIEE-retrieval,1,1
p0392,pm080,A2,test,1,0,RAG-only,0,0
p0392,pm080,A2,test,1,0,ALERT-flat,1,1
p0392,pm080,A2,test,1,0,ALERT,0,0
p0393,pm081,A3,test,0,0,cosine,0,0
p0393,pm081,A3,test,0,0,LegalBERT-NLI,0,0
p0393,pm081,A3,test,0,0,COLIEE-retrieval,1,0
p0393,pm081,A3,test,0,0,RAG-only,0,0
p0393,pm081,A3,test,0,0,ALERT-flat,0,0
p0393,pm081,A3,test,0,0,ALERT,0,0
p0394,pm082,A4,test,0,1,cosine,1,0
p0394,pm082,A4,test,0,1,LegalBERT-NLI,1,0
p0394,pm082,A4,test,0,1,COLIEE-retrieval,1,0
p0394,pm082,A4,test,0,1,RAG-only,0,0
p0394,pm082,A4,test,0,1,ALERT-flat,1,0
p0394,pm082,A4,test,0,1,ALERT,1,0
p0395,pm083,A0,train,0,1,cosine,1,0
p0395,pm083,A0,train,0,1,LegalBERT-NLI,1,0
p0395,pm083,A0,train,0,1,COLIEE-retrieval,1,0
p0395,pm083,A0,train,0,1,RAG-only,1,0
p0395,pm083,A0,train,0,1,ALERT-flat,1,0
p0395,pm083,A0,train,0,1,ALERT,1,0
p0396,pm084,A1,test,1,0,cosine,0,0
p0396,pm084,A1,test,1,0,LegalBERT-NLI,1,1
p0396,pm084,A1,test,1,0,COLIEE-retrieval,0,0
p0396,pm084,A1,test,1,0,RAG-only,0,0
p0396,pm084,A1,test,1,0,ALERT-flat,0,0
p0396,pm084,A1,test,1,0,ALERT,0,0
p0397,pm085,A2,test,0,1,cosine,1,0
p0397,pm085,A2,test,0,1,LegalBERT-NLI,1,0
p0397,pm085,A2,test,0,1,COLIEE-retrieval,1,0
p0397,pm085,A2,test,0,1,RAG-only,1,0
p0397,pm085,A2,test,0,1,ALERT-flat,1,0
p0397,pm085,A2,test,0,1,ALERT,0,0
p0398,pm086,A3,test,1,0,cosine,0,0
p0398,pm086,A3,test,1,0,LegalBERT-NLI,0,0
p0398,pm086,A3,test,1,0,COLIEE-retrieval,0,0
p0398,pm086,A3,test,1,0,RAG-only,0,0
p0398,pm086,A3,test,1,0,ALERT-flat,1,1
p0398,pm086,A3,test,1,0,ALERT,0,0
p0399,pm087,A4,test,0,0,cosine,1,0
p0399,pm087,A4,test,0,0,LegalBERT-NLI,0,0
p0399,pm087,A4,test,0,0,COLIEE-retrieval,0,0
p0399,pm087,A4,test,0,0,RAG-only,1,0
p0399,pm087,A4,test,0,0,ALERT-flat,0,0
p0399,pm087,A4,test,0,0,ALERT,0,0
p0400,pm088,A0,train,0,0,cosine,1,0
p0400,pm088,A0,train,0,0,LegalBERT-NLI,0,0
p0400,pm088,A0,train,0,0,COLIEE-retrieval,0,0
p0400,pm088,A0,train,0,0,RAG-only,0,0
p0400,pm088,A0,train,0,0,ALERT-flat,0,0
p0400,pm088,A0,train,0,0,ALERT,0,0
p0401,pm089,A1,test,0,1,cosine,0,0
p0401,pm089,A1,test,0,1,LegalBERT-NLI,1,0
p0401,pm089,A1,test,0,1,COLIEE-retrieval,1,0
p0401,pm089,A1,test,0,1,RAG-only,1,0
p0401,pm089,A1,test,0,1,ALERT-flat,1,0
p0401,pm089,A1,test,0,1,ALERT,1,0
p0402,pm090,A2,test,0,1,cosine,0,0
p0402,pm090,A2,test,0,1,LegalBERT-NLI,1,0
p0402,pm090,A2,test,0,1,COLIEE-retrieval,1,0
p0402,pm090,A2,test,0,1,RAG-only,1,0
p0402,pm090,A2,test,0,1,ALERT-flat,1,0
p0402,pm090,A2,test,0,1,ALERT,1,0
p0403,pm091,A3,test,0,0,cosine,0,0
p0403,pm091,A3,test,0,0,LegalBERT-NLI,1,0
p0403,pm091,A3,test,0,0,COLIEE-retrieval,1,0
p0403,pm091,A3,test,0,0,RAG-only,0,0
p0403,pm091,A3,test,0,0,ALERT-flat,0,0
p0403,pm091,A3,test,0,0,ALERT,0,0
p0404,pm092,A4,test,0,0,cosine,1,0
p0404,pm092,A4,test,0,0,LegalBERT-NLI,0,0
p0404,pm092,A4,test,0,0,COLIEE-retrieval,1,0
p0404,pm092,A4,test,0,0,RAG-only,0,0
p0404,pm092,A4,test,0,0,ALERT-flat,0,0
p0404,pm092,A4,test,0,0,ALERT,0,0
p0405,pm093,A0,train,0,1,cosine,1,0
p0405,pm093,A0,train,0,1,LegalBERT-NLI,1,0
p0405,pm093,A0,train,0,1,COLIEE-retrieval,1,0
p0405,pm093,A0,train,0,1,RAG-only,1,0
p0405,pm093,A0,train,0,1,ALERT-flat,1,0
p0405,pm093,A0,train,0,1,ALERT,1,0
p0406,pm094,A1,test,0,0,cosine,0,0
p0406,pm094,A1,test,0,0,LegalBERT-NLI,0,0
p0406,pm094,A1,test,0,0,COLIEE-retrieval,0,0
p0406,pm094,A1,test,0,0,RAG-only,0,0
p0406,pm094,A1,test,0,0,ALERT-flat,0,0
p0406,pm094,A1,test,0,0,ALERT,0,0
p0407,pm095,A2,test,0,1,cosine,1,0
p0407,pm095,A2,test,0,1,LegalBERT-NLI,1,0
p0407,pm095,A2,test,0,1,COLIEE-retrieval,0,0
p0407,pm095,A2,test,0,1,RAG-only,1,0
p0407,pm095,A2,test,0,1,ALERT-flat,0,0
p0407,pm095,A2,test,0,1,ALERT,1,0
p0408,pm096,A3,test,0,0,cosine,0,0
p0408,pm096,A3,test,0,0,LegalBERT-NLI,1,0
p0408,pm096,A3,test,0,0,COLIEE-retrieval,1,0
p0408,pm096,A3,test,0,0,RAG-only,0,0
p0408,pm096,A3,test,0,0,ALERT-flat,1,0
p0408,pm096,A3,test,0,0,ALERT,0,0
p0409,pm097,A4,test,0,1,cosine,1,0
p0409,pm097,A4,test,0,1,LegalBERT-NLI,1,0
p0409,pm097,A4,test,0,1,COLIEE-retrieval,1,0
p0409,pm097,A4,test,0,1,RAG-only,1,0
p0409,pm097,A4,test,0,1,ALERT-flat,1,0
p0409,pm097,A4,test,0,1,ALERT,1,0
p0410,pm098,A0,train,0,0,cosine,0,0
p0410,pm098,A0,train,0,0,LegalBERT-NLI,0,0
p0410,pm098,A0,train,0,0,COLIEE-retrieval,0,0
p0410,pm098,A0,train,0,0,RAG-only,0,0
p0410,pm098,A0,train,0,0,ALERT-flat,1,0
p0410,pm098,A0,train,0,0,ALERT,0,0
p0411,pm099,A1,test,1,0,cosine,0,0
p0411,pm099,A1,test,1,0,LegalBERT-NLI,1,1
p0411,pm099,A1,test,1,0,COLIEE-retrieval,0,0
p0411,pm099,A1,test,1,0,RAG-only,0,0
p0411,pm099,A1,test,1,0,ALERT-flat,0,0
p0411,pm099,A1,test,1,0,ALERT,0,0
p0412,pm100,A2,test,0,0,cosine,0,0
p0412,pm100,A2,test,0,0,LegalBERT-NLI,0,0
p0412,pm100,A2,test,0,0,COLIEE-retrieval,0,0
p0412,pm100,A2,test,0,0,RAG-only,0,0
p0412,pm100,A2,test,0,0,ALERT-flat,1,0
p0412,pm100,A2,test,0,0,ALERT,0,0
p0413,pm101,A3,test,0,0,cosine,1,0
p0413,pm101,A3,test,0,0,LegalBERT-NLI,0,0
p0413,pm101,A3,test,0,0,COLIEE-retrieval,0,0
p0413,pm101,A3,test,0,0,RAG-only,0,0
p0413,pm101,A3,test,0,0,ALERT-flat,0,0
p0413,pm101,A3,test,0,0,ALERT,0,0
p0414,pm102,A4,test,0,0,cosine,1,0
p0414,pm102,A4,test,0,0,LegalBERT-NLI,0,0
p0414,pm102,A4,test,0,0,COLIEE-retrieval,0,0
p0414,pm102,A4,test,0,0,RAG-only,0,0
p0414,pm102,A4,test,0,0,ALERT-flat,1,0
p0414,pm102,A4,test,0,0,ALERT,1,0
p0415,pm103,A0,train,0,1,cosine,1,0
p0415,pm103,A0,train,0,1,LegalBERT-NLI,1,0
p0415,pm103,A0,train,0,1,COLIEE-retrieval,1,0
p0415,pm103,A0,train,0,1,RAG-only,1,0
p0415,pm103,A0,train,0,1,ALERT-flat,1,0
p0415,pm103,A0,train,0,1,ALERT,0,0
p0416,pm104,A1,test,1,0,cosine,0,0
p0416,pm104,A1,test,1,0,LegalBERT-NLI,0,0
p0416,pm104,A1,test,1,0,COLIEE-retrieval,0,0
p0416,pm104,A1,test,1,0,RAG-only,0,0
p0416,pm104,A1,test,1,0,ALERT-flat,1,1
p0416,pm104,A1,test,1,0,ALERT,0,0
p0417,pm105,A2,test,0,1,cosine,0,0
p0417,pm105,A2,test,0,1,LegalBERT-NLI,1,0
p0417,pm105,A2,test,0,1,COLIEE-retrieval,1,0
p0417,pm105,A2,test,0,1,RAG-only,0,0
p0417,pm105,A2,test,0,1,ALERT-flat,1,0
p0417,pm105,A2,test,0,1,ALERT,1,0
p0418,pm106,A3,test,0,0,cosine,1,0
p0418,pm106,A3,test,0,0,LegalBERT-NLI,0,0
p0418,pm106,A3,test,0,0,COLIEE-retrieval,0,0
p0418,pm106,A3,test,0,0,RAG-only,1,0
p0418,pm106,A3,test,0,0,ALERT-flat,0,0
p0418,pm106,A3,test,0,0,ALERT,0,0
p0419,pm107,A4,test,1,0,cosine,0,0
p0419,pm107,A4,test,1,0,LegalBERT-NLI,0,0
p0419,pm107,A4,test,1,0,COLIEE-retrieval,0,0
p0419,pm107,A4,test,1,0,RAG-only,0,0
p0419,pm107,A4,test,1,0,ALERT-flat,0,0
p0419,pm107,A4,test,1,0,ALERT,0,0
p0420,pm108,A0,train,0,0,cosine,0,0
p0420,pm108,A0,train,0,0,LegalBERT-NLI,0,0
p0420,pm108,A0,train,0,0,COLIEE-retrieval,0,0
p0420,pm108,A0,train,0,0,RAG-only,0,0
p0420,pm108,A0,train,0,0,ALERT-flat,1,0
p0420,pm108,A0,train,0,0,ALERT,0,0
p0421,pm109,A1,test,0,0,cosine,0,0
p0421,pm109,A1,test,0,0,LegalBERT-NLI,1,0
p0421,pm109,A1,test,0,0,COLIEE-retrieval,0,0
p0421,pm109,A1,test,0,0,RAG-only,0,0
p0421,pm109,A1,test,0,0,ALERT-flat,0,0
p0421,pm109,A1,test,0,0,ALERT,0,0
p0422,pm110,A2,test,0,1,cosine,0,0
p0422,pm110,A2,test,0,1,LegalBERT-NLI,1,0
p0422,pm110,A2,test,0,1,COLIEE-retrieval,1,0
p0422,pm110,A2,test,0,1,RAG-only,0,0
p0422,pm110,A2,test,0,1,ALERT-flat,0,0
p0422,pm110,A2,test,0,1,ALERT,0,0
p0423,pm111,A3,test,1,0,cosine,0,0
p0423,pm111,A3,test,1,0,LegalBERT-NLI,0,0
p0423,pm111,A3,test,1,0,COLIEE-retrieval,0,0
p0423,pm111,A3,test,1,0,RAG-only,0,0
p0423,pm111,A3,test,1,0,ALERT-flat,0,0
p0423,pm111,A3,test,1,0,ALERT,0,0
p0424,pm112,A4,test,1,0,cosine,0,0
p0424,pm112,A4,test,1,0,LegalBERT-NLI,1,1
p0424,pm112,A4,test,1,0,COLIEE-retrieval,1,1
p0424,pm112,A4,test,1,0,RAG-only,0,0
p0424,pm112,A4,test,1,0,ALERT-flat,0,0
p0424,pm112,A4,test,1,0,ALERT,0,0
p0425,pm113,A0,train,0,0,cosine,0,0
p0425,pm113,A0,train,0,0,LegalBERT-NLI,0,0
p0425,pm113,A0,train,0,0,COLIEE-retrieval,0,0
p0425,pm113,A0,train,0,0,RAG-only,0,0
p0425,pm113,A0,train,0,0,ALERT-flat,0,0
p0425,pm113,A0,train,0,0,ALERT,0,0
p0426,pm114,A1,test,0,0,cosine,1,0
p0426,pm114,A1,test,0,0,LegalBERT-NLI,0,0
p0426,pm114,A1,test,0,0,COLIEE-retrieval,1,0
p0426,pm114,A1,test,0,0,RAG-only,0,0
p0426,pm114,A1,test,0,0,ALERT-flat,0,0
p0426,pm114,A1,test,0,0,ALERT,0,0
p0427,pm115,A2,test,0,1,cosine,1,0
p0427,pm115,A2,test,0,1,LegalBERT-NLI,0,0
p0427,pm115,A2,test,0,1,COLIEE-retrieval,1,0
p0427,pm115,A2,test,0,1,RAG-only,1,0
p0427,pm115,A2,test,0,1,ALERT-flat,1,0
p0427,pm115,A2,test,0,1,ALERT,1,0
p0428,pm116,A3,test,0,1,cosine,1,0
p0428,pm116,A3,test,0,1,LegalBERT-NLI,1,0
p0428,pm116,A3,test,0,1,COLIEE-retrieval,1,0
p0428,pm116,A3,test,0,1,RAG-only,0,0
p0428,pm116,A3,test,0,1,ALERT-flat,1,0
p0428,pm116,A3,test,0,1,ALERT,0,0
p0429,pm117,A4,test,0,1,cosine,1,0
p0429,pm117,A4,test,0,1,LegalBERT-NLI,0,0
p0429,pm117,A4,test,0,1,COLIEE-retrieval,1,0
p0429,pm117,A4,test,0,1,RAG-only,1,0
p0429,pm117,A4,test,0,1,ALERT-flat,1,0
p0429,pm117,A4,test,0,1,ALERT,1,0
p0430,pm118,A0,train,1,0,cosine,0,0
p0430,pm118,A0,train,1,0,LegalBERT-NLI,0,0
p0430,pm118,A0,train,1,0,COLIEE-retrieval,0,0
p0430,pm118,A0,train,1,0,RAG-only,1,1
p0430,pm118,A0,train,1,0,ALERT-flat,0,0
p0430,pm118,A0,train,1,0,ALERT,0,0
p0431,pm119,A1,test,0,1,cosine,1,0
p0431,pm119,A1,test,0,1,LegalBERT-NLI,1,0
p0431,pm119,A1,test,0,1,COLIEE-retrieval,0,0
p0431,pm119,A1,test,0,1,RAG-only,1,0
p0431,pm119,A1,test,0,1,ALERT-flat,1,0
p0431,pm119,A1,test,0,1,ALERT,1,0
p0432,pm120,A2,test,0,1,cosine,1,0
p0432,pm120,A2,test,0,1,LegalBERT-NLI,1,0
p0432,pm120,A2,test,0,1,COLIEE-retrieval,1,0
p0432,pm120,A2,test,0,1,RAG-only,1,0
p0432,pm120,A2,test,0,1,ALERT-flat,0,0
p0432,pm120,A2,test,0,1,ALERT,1,0
p0433,pm121,A3,test,0,1,cosine,1,0
p0433,pm121,A3,test,0,1,LegalBERT-NLI,1,0
p0433,pm121,A3,test,0,1,COLIEE-retrieval,1,0
p0433,pm121,A3,test,0,1,RAG-only,1,0
p0433,pm121,A3,test,0,1,ALERT-flat,1,0
p0433,pm121,A3,test,0,1,ALERT,1,0
p0434,pm122,A4,test,0,0,cosine,0,0
p0434,pm122,A4,test,0,0,LegalBERT-NLI,0,0
p0434,pm122,A4,test,0,0,COLIEE-retrieval,0,0
p0434,pm122,A4,test,0,0,RAG-only,0,0
p0434,pm122,A4,test,0,0,ALERT-flat,0,0
p0434,pm122,A4,test,0,0,ALERT,0,0
p0435,pm123,A0,train,0,0,cosine,1,0
p0435,pm123,A0,train,0,0,LegalBERT-NLI,0,0
p0435,pm123,A0,train,0,0,COLIEE-retrieval,0,0
p0435,pm123,A0,train,0,0,RAG-only,0,0
p0435,pm123,A0,train,0,0,ALERT-flat,0,0
p0435,pm123,A0,train,0,0,ALERT,0,0
p0436,pm124,A1,test,0,0,cosine,0,0
p0436,pm124,A1,test,0,0,LegalBERT-NLI,0,0
p0436,pm124,A1,test,0,0,COLIEE-retrieval,0,0
p0436,pm124,A1,test,0,0,RAG-only,0,0
p0436,pm124,A1,test,0,0,ALERT-flat,0,0
p0436,pm124,A1,test,0,0,ALERT,1,0
p0437,pm125,A2,test,0,0,cosine,0,0
p0437,pm125,A2,test,0,0,LegalBERT-NLI,1,0
p0437,pm125,A2,test,0,0,COLIEE-retrieval,0,0
p0437,pm125,A2,test,0,0,RAG-only,1,0
p0437,pm125,A2,test,0,0,ALERT-flat,0,0
p0437,pm125,A2,test,0,0,ALERT,0,0
p0438,pm126,A3,test,0,0,cosine,0,0
p0438,pm126,A3,test,0,0,LegalBERT-NLI,1,0
p0438,pm126,A3,test,0,0,COLIEE-retrieval,0,0
p0438,pm126,A3,test,0,0,RAG-only,0,0
p0438,pm126,A3,test,0,0,ALERT-flat,0,0
p0438,pm126,A3,test,0,0,ALERT,1,0
p0439,pm127,A4,test,1,0,cosine,0,0
p0439,pm127,A4,test,1,0,LegalBERT-NLI,0,0
p0439,pm127,A4,test,1,0,COLIEE-retrieval,0,0
p0439,pm127,A4,test,1,0,RAG-only,0,0
p0439,pm127,A4,test,1,0,ALERT-flat,1,1
p0439,pm127,A4,test,1,0,ALERT,0,0
p0440,pm128,A0,train,0,0,cosine,0,0
p0440,pm128,A0,train,0,0,LegalBERT-NLI,0,0
p0440,pm128,A0,train,0,0,COLIEE-retrieval,0,0
p0440,pm128,A0,train,0,0,RAG-only,0,0
p0440,pm128,A0,train,0,0,ALERT-flat,0,0
p0440,pm128,A0,train,0,0,ALERT,1,0
p0441,pm129,A1,test,0,0,cosine,0,0
p0441,pm129,A1,test,0,0,LegalBERT-NLI,0,0
p0441,pm129,A1,test,0,0,COLIEE-retrieval,0,0
p0441,pm129,A1,test,0,0,RAG-only,0,0
p0441,pm129,A1,test,0,0,ALERT-flat,0,0
p0441,pm129,A1,test,0,0,ALERT,0,0
p0442,pm130,A2,test,1,0,cosine,0,0
p0442,pm130,A2,test,1,0,LegalBERT-NLI,0,0
p0442,pm130,A2,test,1,0,COLIEE-retrieval,0,0
p0442,pm130,A2,test,1,0,RAG-only,1,1
p0442,pm130,A2,test,1,0,ALERT-flat,0,0
p0442,pm130,A2,test,1,0,ALERT,0,0
p0443,pm131,A3,test,0,0,cosine,0,0
p0443,pm131,A3,test,0,0,LegalBERT-NLI,0,0
p0443,pm131,A3,test,0,0,COLIEE-retrieval,1,0
p0443,pm131,A3,test,0,0,RAG-only,0,0
p0443,pm131,A3,test,0,0,ALERT-flat,0,0
p0443,pm131,A3,test,0,0,ALERT,0,0
p0444,pm132,A4,test,1,0,cosine,0,0
p0444,pm132,A4,test,1,0,LegalBERT-NLI,0,0
p0444,pm132,A4,test,1,0,COLIEE-retrieval,0,0
p0444,pm132,A4,test,1,0,RAG-only,0,0
p0444,pm132,A4,test,1,0,ALERT-flat,0,0
p0444,pm132,A4,test,1,0,ALERT,0,0
p0445,pm133,A0,train,0,0,cosine,0,0
p0445,pm133,A0,train,0,0,LegalBERT-NLI,0,0
p0445,pm133,A0,train,0,0,COLIEE-retrieval,0,0
p0445,pm133,A0,train,0,0,RAG-only,0,0
p0445,pm133,A0,train,0,0,ALERT-flat,0,0
p0445,pm133,A0,train,0,0,ALERT,0,0
p0446,pm134,A1,test,1,0,cosine,1,1
p0446,pm134,A1,test,1,0,LegalBERT-NLI,0,0
p0446,pm134,A1,test,1,0,COLIEE-retrieval,0,0
p0446,pm134,A1,test,1,0,RAG-only,0,0
p0446,pm134,A1,test,1,0,ALERT-flat,0,0
p0446,pm134,A1,test,1,0,ALERT,0,0
p0447,pm135,A2,test,1,0,cosine,0,0
p0447,pm135,A2,test,1,0,LegalBERT-NLI,1,1
p0447,pm135,A2,test,1,0,COLIEE-retrieval,1,1
p0447,pm135,A2,test,1,0,RAG-only,0,0
p0447,pm135,A2,test,1,0,ALERT-flat,1,1
p0447,pm135,A2,test,1,0,ALERT,0,0
p0448,pm136,A3,test,0,1,cosine,1,0
p0448,pm136,A3,test,0,1,LegalBERT-NLI,1,0
p0448,pm136,A3,test,0,1,COLIEE-retrieval,0,0
p0448,pm136,A3,test,0,1,RAG-only,0,0
p0448,pm136,A3,test,0,1,ALERT-flat,0,0
p0448,pm136,A3,test,0,1,ALERT,1,0
p0449,pm137,A4,test,0,0,cosine,0,0
p0449,pm137,A4,test,0,0,LegalBERT-NLI,0,0
p0449,pm137,A4,test,0,0,COLIEE-retrieval,0,0
p0449,pm137,A4,test,0,0,RAG-only,0,0
p0449,pm137,A4,test,0,0,ALERT-flat,1,0
p0449,pm137,A4,test,0,0,ALERT,0,0
p0450,pm138,A0,train,0,1,cosine,1,0
p0450,pm138,A0,train,0,1,LegalBERT-NLI,1,0
p0450,pm138,A0,train,0,1,COLIEE-retrieval,1,0
p0450,pm138,A0,train,0,1,RAG-only,1,0
p0450,pm138,A0,train,0,1,ALERT-flat,1,0
p0450,pm138,A0,train,0,1,ALERT,1,0
p0451,pm139,A1,test,0,0,cosine,0,0
p0451,pm139,A1,test,0,0,LegalBERT-NLI,0,0
p0451,pm139,A1,test,0,0,COLIEE-retrieval,0,0
p0451,pm139,A1,test,0,0,RAG-only,0,0
p0451,pm139,A1,test,0,0,ALERT-flat,0,0
p0451,pm139,A1,test,0,0,ALERT,0,0
p0452,pm140,A2,test,0,1,cosine,0,0
p0452,pm140,A2,test,0,1,LegalBERT-NLI,0,0
p0452,pm140,A2,test,0,1,COLIEE-retrieval,0,0
p0452,pm140,A2,test,0,1,RAG-only,1,0
p0452,pm140,A2,test,0,1,ALERT-flat,0,0
p0452,pm140,A2,test,0,1,ALERT,1,0
p0453,pm141,A3,test,0,0,cosine,0,0
p0453,pm141,A3,test,0,0,LegalBERT-NLI,1,0
p0453,pm141,A3,test,0,0,COLIEE-retrieval,0,0
p0453,pm141,A3,test,0,0,RAG-only,0,0
p0453,pm141,A3,test,0,0,ALERT-flat,0,0
p0453,pm141,A3,test,0,0,ALERT,0,0
p0454,pm142,A4,test,1,0,cosine,1,1
p0454,pm142,A4,test,1,0,LegalBERT-NLI,0,0
p0454,pm142,A4,test,1,0,COLIEE-retrieval,0,0
p0454,pm142,A4,test,1,0,RAG-only,0,0
p0454,pm142,A4,test,1,0,ALERT-flat,0,0
p0454,pm142,A4,test,1,0,ALERT,0,0
p0455,pm143,A0,train,0,0,cosine,0,0
p0455,pm143,A0,train,0,0,LegalBERT-NLI,0,0
p0455,pm143,A0,train,0,0,COLIEE-retrieval,0,0
p0455,pm143,A0,train,0,0,RAG-only,0,0
p0455,pm143,A0,train,0,0,ALERT-flat,1,0
p0455,pm143,A0,train,0,0,ALERT,0,0
p0456,pm144,A1,test,0,0,cosine,0,0
p0456,pm144,A1,test,0,0,LegalBERT-NLI,0,0
p0456,pm144,A1,test,0,0,COLIEE-retrieval,0,0
p0456,pm144,A1,test,0,0,RAG-only,1,0
p0456,pm144,A1,test,0,0,ALERT-flat,1,0
p0456,pm144,A1,test,0,0,ALERT,0,0
p0457,pm145,A2,test,1,0,cosine,0,0
p0457,pm145,A2,test,1,0,LegalBERT-NLI,0,0
p0457,pm145,A2,test,1,0,COLIEE-retrieval,1,1
p0457,pm145,A2,test,1,0,RAG-only,0,0
p0457,pm145,A2,test,1,0,ALERT-flat,0,0
p0457,pm145,A2,test,1,0,ALERT,0,0
p0458,pm146,A3,test,0,0,cosine,0,0
p0458,pm146,A3,test,0,0,LegalBERT-NLI,0,0
p0458,pm146,A3,test,0,0,COLIEE-retrieval,0,0
p0458,pm146,A3,test,0,0,RAG-only,0,0
p0458,pm146,A3,test,0,0,ALERT-flat,0,0
p0458,pm146,A3,test,0,0,ALERT,0,0
p0459,pm147,A4,test,0,0,cosine,0,0
p0459,pm147,A4,test,0,0,LegalBERT-NLI,0,0
p0459,pm147,A4,test,0,0,COLIEE-retrieval,1,0
p0459,pm147,A4,test,0,0,RAG-only,0,0
p0459,pm147,A4,test,0,0,ALERT-flat,0,0
p0459,pm147,A4,test,0,0,ALERT,0,0
p0460,pm148,A0,train,0,1,cosine,0,0
p0460,pm148,A0,train,0,1,LegalBERT-NLI,1,0
p0460,pm148,A0,train,0,1,COLIEE-retrieval,1,0
p0460,pm148,A0,train,0,1,RAG-only,1,0
p0460,pm148,A0,train,0,1,ALERT-flat,1,0
p0460,pm148,A0,train,0,1,ALERT,1,0
p0461,pm149,A1,test,0,1,cosine,1,0
p0461,pm149,A1,test,0,1,LegalBERT-NLI,1,0
p0461,pm149,A1,test,0,1,COLIEE-retrieval,1,0
p0461,pm149,A1,test,0,1,RAG-only,1,0
p0461,pm149,A1,test,0,1,ALERT-flat,1,0
p0461,pm149,A1,test,0,1,ALERT,1,0
p0462,pm150,A2,test,0,0,cosine,0,0
p0462,pm150,A2,test,0,0,LegalBERT-NLI,0,0
p0462,pm150,A2,test,0,0,COLIEE-retrieval,0,0
p0462,pm150,A2,test,0,0,RAG-only,1,0
p0462,pm150,A2,test,0,0,ALERT-flat,0,0
p0462,pm150,A2,test,0,0,ALERT,0,0
p0463,pm151,A3,test,0,1,cosine,1,0
p0463,pm151,A3,test,0,1,LegalBERT-NLI,0,0
p0463,pm151,A3,test,0,1,COLIEE-retrieval,1,0
p0463,pm151,A3,test,0,1,RAG-only,1,0
p0463,pm151,A3,test,0,1,ALERT-flat,1,0
p0463,pm151,A3,test,0,1,ALERT,1,0
p0464,pm152,A4,test,1,0,cosine,0,0
p0464,pm152,A4,test,1,0,LegalBERT-NLI,0,0
p0464,pm152,A4,test,1,0,COLIEE-retrieval,1,1
p0464,pm152,A4,test,1,0,RAG-only,0,0
p0464,pm152,A4,test,1,0,ALERT-flat,1,1
p0464,pm152,A4,test,1,0,ALERT,0,0
p0465,pm153,A0,train,0,0,cosine,1,0
p0465,pm153,A0,train,0,0,LegalBERT-NLI,0,0
p0465,pm153,A0,train,0,0,COLIEE-retrieval,0,0
p0465,pm153,A0,train,0,0,RAG-only,0,0
p0465,pm153,A0,train,0,0,ALERT-flat,1,0
p0465,pm153,A0,train,0,0,ALERT,0,0
p0466,pm154,A1,test,0,0,cosine,0,0
p0466,pm154,A1,test,0,0,LegalBERT-NLI,0,0
p0466,pm154,A1,test,0,0,COLIEE-retrieval,0,0
p0466,pm154,A1,test,0,0,RAG-only,0,0
p0466,pm154,A1,test,0,0,ALERT-flat,0,0
p0466,pm154,A1,test,0,0,ALERT,0,0
p0467,pm155,A2,test,1,0,cosine,0,0
p0467,pm155,A2,test,1,0,LegalBERT-NLI,0,0
p0467,pm155,A2,test,1,0,COLIEE-retrieval,0,0
p0467,pm155,A2,test,1,0,RAG-only,0,0
p0467,pm155,A2,test,1,0,ALERT-flat,0,0
p0467,pm155,A2,test,1,0,ALERT,0,0
p0468,pm156,A3,test,0,1,cosine,1,0
p0468,pm156,A3,test,0,1,LegalBERT-NLI,1,0
p0468,pm156,A3,test,0,1,COLIEE-retrieval,1,0
p0468,pm156,A3,test,0,1,RAG-only,0,0
p0468,pm156,A3,test,0,1,ALERT-flat,1,0
p0468,pm156,A3,test,0,1,ALERT,1,0
p0469,pm157,A4,test,0,1,cosine,1,0
p0469,pm157,A4,test,0,1,LegalBERT-NLI,1,0
p0469,pm157,A4,test,0,1,COLIEE-retrieval,1,0
p0469,pm157,A4,test,0,1,RAG-only,1,0
p0469,pm157,A4,test,0,1,ALERT-flat,1,0
p0469,pm157,A4,test,0,1,ALERT,1,0
p0470,pm158,A0,train,0,0,cosine,0,0
p0470,pm158,A0,train,0,0,LegalBERT-NLI,0,0
p0470,pm158,A0,train,0,0,COLIEE-retrieval,0,0
p0470,pm158,A0,train,0,0,RAG-only,0,0
p0470,pm158,A0,train,0,0,ALERT-flat,0,0
p0470,pm158,A0,train,0,0,ALERT,0,0
p0471,pm159,A1,test,0,0,cosine,0,0
p0471,pm159,A1,test,0,0,LegalBERT-NLI,0,0
p0471,pm159,A1,test,0,0,COLIEE-retrieval,0,0
p0471,pm159,A1,test,0,0,RAG-only,0,0
p0471,pm159,A1,test,0,0,ALERT-flat,0,0
p0471,pm159,A1,test,0,0,ALERT,0,0
p0472,pm160,A2,test,0,0,cosine,0,0
p0472,pm160,A2,test,0,0,LegalBERT-NLI,0,0
p0472,pm160,A2,test,0,0,COLIEE-retrieval,0,0
p0472,pm160,A2,test,0,0,RAG-only,0,0
p0472,pm160,A2,test,0,0,ALERT-flat,0,0
p0472,pm160,A2,test,0,0,ALERT,0,0
p0473,pm161,A3,test,0,1,cosine,0,0
p0473,pm161,A3,test,0,1,LegalBERT-NLI,1,0
p0473,pm161,A3,test,0,1,COLIEE-retrieval,0,0
p0473,pm161,A3,test,0,1,RAG-only,0,0
p0473,pm161,A3,test,0,1,ALERT-flat,1,0
p0473,pm161,A3,test,0,1,ALERT,1,0
p0474,pm162,A4,test,0,0,cosine,1,0
p0474,pm162,A4,test,0,0,LegalBERT-NLI,0,0
p0474,pm162,A4,test,0,0,COLIEE-retrieval,0,0
p0474,pm162,A4,test,0,0,RAG-only,0,0
p0474,pm162,A4,test,0,0,ALERT-flat,0,0
p0474,pm162,A4,test,0,0,ALERT,0,0
p0475,pm163,A0,train,0,0,cosine,0,0
p0475,pm163,A0,train,0,0,LegalBERT-NLI,0,0
p0475,pm163,A0,train,0,0,COLIEE-retrieval,0,0
p0475,pm163,A0,train,0,0,RAG-only,0,0
p0475,pm163,A0,train,0,0,ALERT-flat,0,0
p0475,pm163,A0,train,0,0,ALERT,0,0
p0476,pm164,A1,test,1,0,cosine,1,1
p0476,pm164,A1,test,1,0,LegalBERT-NLI,0,0
p0476,pm164,A1,test,1,0,COLIEE-retrieval,1,1
p0476,pm164,A1,test,1,0,RAG-only,0,0
p0476,pm164,A1,test,1,0,ALERT-flat,0,0
p0476,pm164,A1,test,1,0,ALERT,0,0
p0477,pm165,A2,test,0,0,cosine,0,0
p0477,pm165,A2,test,0,0,LegalBERT-NLI,1,0
p0477,pm165,A2,test,0,0,COLIEE-retrieval,0,0
p0477,pm165,A2,test,0,0,RAG-only,0,0
p0477,pm165,A2,test,0,0,ALERT-flat,0,0
p0477,pm165,A2,test,0,0,ALERT,1,0
p0478,pm166,A3,test,0,0,cosine,0,0
p0478,pm166,A3,test,0,0,LegalBERT-NLI,0,0
p0478,pm166,A3,test,0,0,COLIEE-retrieval,0,0
p0478,pm166,A3,test,0,0,RAG-only,0,0
p0478,pm166,A3,test,0,0,ALERT-flat,1,0
p0478,pm166,A3,test,0,0,ALERT,1,0
p0479,pm167,A4,test,0,1,cosine,0,0
p0479,pm167,A4,test,0,1,LegalBERT-NLI,1,0
p0479,pm167,A4,test,0,1,COLIEE-retrieval,1,0
p0479,pm167,A4,test,0,1,RAG-only,1,0
p0479,pm167,A4,test,0,1,ALERT-flat,1,0
p0479,pm167,A4,test,0,1,ALERT,1,0
p0480,pm168,A0,train,0,1,cosine,1,0
p0480,pm168,A0,train,0,1,LegalBERT-NLI,1,0
p0480,pm168,A0,train,0,1,COLIEE-retrieval,0,0
p0480,pm168,A0,train,0,1,RAG-only,1,0
p0480,pm168,A0,train,0,1,ALERT-flat,0,0
p0480,pm168,A0,train,0,1,ALERT,1,0
p0481,pm169,A1,test,0,1,cosine,0,0
p0481,pm169,A1,test,0,1,LegalBERT-NLI,1,0
p0481,pm169,A1,test,0,1,COLIEE-retrieval,1,0
p0481,pm169,A1,test,0,1,RAG-only,1,0
p0481,pm169,A1,test,0,1,ALERT-flat,1,0
p0481,pm169,A1,test,0,1,ALERT,1,0
p0482,pm170,A2,test,0,0,cosine,0,0
p0482,pm170,A2,test,0,0,LegalBERT-NLI,0,0
p0482,pm170,A2,test,0,0,COLIEE-retrieval,0,0
p0482,pm170,A2,test,0,0,RAG-only,0,0
p0482,pm170,A2,test,0,0,ALERT-flat,0,0
p0482,pm170,A2,test,0,0,ALERT,0,0
p0483,pm171,A3,test,0,1,cosine,1,0
p0483,pm171,A3,test,0,1,LegalBERT-NLI,1,0
p0483,pm171,A3,test,0,1,COLIEE-retrieval,1,0
p0483,pm171,A3,test,0,1,RAG-only,1,0
p0483,pm171,A3,test,0,1,ALERT-flat,0,0
p0483,pm171,A3,test,0,1,ALERT,1,0
p0484,pm172,A4,test,0,0,cosine,0,0
p0484,pm172,A4,test,0,0,LegalBERT-NLI,0,0
p0484,pm172,A4,test,0,0,COLIEE-retrieval,0,0
p0484,pm172,A4,test,0,0,RAG-only,0,0
p0484,pm172,A4,test,0,0,ALERT-flat,0,0
p0484,pm172,A4,test,0,0,ALERT,0,0
p0485,pm173,A0,train,0,1,cosine,0,0
p0485,pm173,A0,train,0,1,LegalBERT-NLI,1,0
p0485,pm173,A0,train,0,1,COLIEE-retrieval,1,0
p0485,pm173,A0,train,0,1,RAG-only,0,0
p0485,pm173,A0,train,0,1,ALERT-flat,1,0
p0485,pm173,A0,train,0,1,ALERT,1,0
p0486,pm174,A1,test,0,0,cosine,0,0
p0486,pm174,A1,test,0,0,LegalBERT-NLI,0,0
p0486,pm174,A1,test,0,0,COLIEE-retrieval,0,0
p0486,pm174,A1,test,0,0,RAG-only,0,0
p0486,pm174,A1,test,0,0,ALERT-flat,0,0
p0486,pm174,A1,test,0,0,ALERT,1,0
p0487,pm175,A2,test,0,0,cosine,0,0
p0487,pm175,A2,test,0,0,LegalBERT-NLI,1,0
p0487,pm175,A2,test,0,0,COLIEE-retrieval,1,0
p0487,pm175,A2,test,0,0,RAG-only,0,0
p0487,pm175,A2,test,0,0,ALERT-flat,1,0
p0487,pm175,A2,test,0,0,ALERT,1,0
p0488,pm176,A3,test,0,0,cosine,1,0
p0488,pm176,A3,test,0,0,LegalBERT-NLI,0,0
p0488,pm176,A3,test,0,0,COLIEE-retrieval,0,0
p0488,pm176,A3,test,0,0,RAG-only,1,0
p0488,pm176,A3,test,0,0,ALERT-flat,0,0
p0488,pm176,A3,test,0,0,ALERT,1,0
p0489,pm177,A4,test,0,1,cosine,1,0
p0489,pm177,A4,test,0,1,LegalBERT-NLI,1,0
p0489,pm177,A4,test,0,1,COLIEE-retrieval,1,0
p0489,pm177,A4,test,0,1,RAG-only,0,0
p0489,pm177,A4,test,0,1,ALERT-flat,1,0
p0489,pm177,A4,test,0,1,ALERT,1,0
p0490,pm178,A0,train,0,0,cosine,0,0
p0490,pm178,A0,train,0,0,LegalBERT-NLI,0,0
p0490,pm178,A0,train,0,0,COLIEE-retrieval,0,0
p0490,pm178,A0,train,0,0,RAG-only,0,0
p0490,pm178,A0,train,0,0,ALERT-flat,1,0
p0490,pm178,A0,train,0,0,ALERT,0,0
p0491,pm179,A1,test,1,0,cosine,0,0
p0491,pm179,A1,test,1,0,LegalBERT-NLI,0,0
p0491,pm179,A1,test,1,0,COLIEE-retrieval,0,0
p0491,pm179,A1,test,1,0,RAG-only,0,0
p0491,pm179,A1,test,1,0,ALERT-flat,0,0
p0491,pm179,A1,test,1,0,ALERT,1,1
p0492,pm180,A2,test,1,0,cosine,0,0
p0492,pm180,A2,test,1,0,LegalBERT-NLI,0,0
p0492,pm180,A2,test,1,0,COLIEE-retrieval,1,1
p0492,pm180,A2,test,1,0,RAG-only,1,1
p0492,pm180,A2,test,1,0,ALERT-flat,0,0
p0492,pm180,A2,test,1,0,ALERT,0,0
p0493,pm181,A3,test,0,1,cosine,0,0
p0493,pm181,A3,test,0,1,LegalBERT-NLI,1,0
p0493,pm181,A3,test,0,1,COLIEE-retrieval,1,0
p0493,pm181,A3,test,0,1,RAG-only,1,0
p0493,pm181,A3,test,0,1,ALERT-flat,1,0
p0493,pm181,A3,test,0,1,ALERT,1,0
p0494,pm182,A4,test,0,0,cosine,0,0
p0494,pm182,A4,test,0,0,LegalBERT-NLI,0,0
p0494,pm182,A4,test,0,0,COLIEE-retrieval,0,0
p0494,pm182,A4,test,0,0,RAG-only,0,0
p0494,pm182,A4,test,0,0,ALERT-flat,0,0
p0494,pm182,A4,test,0,0,ALERT,0,0
p0495,pm183,A0,train,0,0,cosine,0,0
p0495,pm183,A0,train,0,0,LegalBERT-NLI,0,0
p0495,pm183,A0,train,0,0,COLIEE-retrieval,0,0
p0495,pm183,A0,train,0,0,RAG-only,0,0
p0495,pm183,A0,train,0,0,ALERT-flat,0,0
p0495,pm183,A0,train,0,0,ALERT,0,0
p0496,pm184,A1,test,0,0,cosine,0,0
p0496,pm184,A1,test,0,0,LegalBERT-NLI,0,0
p0496,pm184,A1,test,0,0,COLIEE-retrieval,0,0
p0496,pm184,A1,test,0,0,RAG-only,0,0
p0496,pm184,A1,test,0,0,ALERT-flat,0,0
p0496,pm184,A1,test,0,0,ALERT,0,0
p0497,pm185,A2,test,0,0,cosine,0,0
p0497,pm185,A2,test,0,0,LegalBERT-NLI,0,0
p0497,pm185,A2,test,0,0,COLIEE-retrieval,0,0
p0497,pm185,A2,test,0,0,RAG-only,0,0
p0497,pm185,A2,test,0,0,ALERT-flat,0,0
p0497,pm185,A2,test,0,0,ALERT,0,0
p0498,pm186,A3,test,0,1,cosine,1,0
p0498,pm186,A3,test,0,1,LegalBERT-NLI,1,0
p0498,pm186,A3,test,0,1,COLIEE-retrieval,1,0
p0498,pm186,A3,test,0,1,RAG-only,0,0
p0498,pm186,A3,test,0,1,ALERT-flat,1,0
p0498,pm186,A3,test,0,1,ALERT,1,0
p0499,pm187,A4,test,0,1,cosine,1,0
p0499,pm187,A4,test,0,1,LegalBERT-NLI,1,0
p0499,pm187,A4,test,0,1,COLIEE-retrieval,1,0
p0499,pm187,A4,test,0,1,RAG-only,0,0
p0499,pm187,A4,test,0,1,ALERT-flat,1,0
p0499,pm187,A4,test,0,1,ALERT,1,0
p0500,pm188,A0,train,1,0,cosine,0,0
p0500,pm188,A0,train,1,0,LegalBERT-NLI,0,0
p0500,pm188,A0,train,1,0,COLIEE-retrieval,0,0
p0500,pm188,A0,train,1,0,RAG-only,0,0
p0500,pm188,A0,train,1,0,ALERT-flat,0,0
p0500,pm188,A0,train,1,0,ALERT,1,1
p0501,pm189,A1,test,0,0,cosine,1,0
p0501,pm189,A1,test,0,0,LegalBERT-NLI,0,0
p0501,pm189,A1,test,0,0,COLIEE-retrieval,0,0
p0501,pm189,A1,test,0,0,RAG-only,0,0
p0501,pm189,A1,test,0,0,ALERT-flat,0,0
p0501,pm189,A1,test,0,0,ALERT,0,0
p0502,pm190,A2,test,0,0,cosine,0,0
p0502,pm190,A2,test,0,0,LegalBERT-NLI,0,0
p0502,pm190,A2,test,0,0,COLIEE-retrieval,0,0
p0502,pm190,A2,test,0,0,RAG-only,0,0
p0502,pm190,A2,test,0,0,ALERT-flat,1,0
p0502,pm190,A2,test,0,0,ALERT,0,0
p0503,pm191,A3,test,0,0,cosine,0,0
p0503,pm191,A3,test,0,0,LegalBERT-NLI,1,0
p0503,pm191,A3,test,0,0,COLIEE-retrieval,0,0
p0503,pm191,A3,test,0,0,RAG-only,0,0
p0503,pm191,A3,test,0,0,ALERT-flat,0,0
p0503,pm191,A3,test,0,0,ALERT,0,0
p0504,pm192,A4,test,0,1,cosine,1,0
p0504,pm192,A4,test,0,1,LegalBERT-NLI,0,0
p0504,pm192,A4,test,0,1,COLIEE-retrieval,1,0
p0504,pm192,A4,test,0,1,RAG-only,1,0
p0504,pm192,A4,test,0,1,ALERT-flat,1,0
p0504,pm192,A4,test,0,1,ALERT,1,0
p0505,pm193,A0,train,0,0,cosine,1,0
p0505,pm193,A0,train,0,0,LegalBERT-NLI,1,0
p0505,pm193,A0,train,0,0,COLIEE-retrieval,0,0
p0505,pm193,A0,train,0,0,RAG-only,0,0
p0505,pm193,A0,train,0,0,ALERT-flat,1,0
p0505,pm193,A0,train,0,0,ALERT,0,0
p0506,pm194,A1,test,1,0,cosine,1,1
p0506,pm194,A1,test,1,0,LegalBERT-NLI,0,0
p0506,pm194,A1,test,1,0,COLIEE-retrieval,0,0
p0506,pm194,A1,test,1,0,RAG-only,1,1
p0506,pm194,A1,test,1,0,ALERT-flat,0,0
p0506,pm194,A1,test,1,0,ALERT,0,0
p0507,pm195,A2,test,1,0,cosine,0,0
p0507,pm195,A2,test,1,0,LegalBERT-NLI,1,1
p0507,pm195,A2,test,1,0,COLIEE-retrieval,0,0
p0507,pm195,A2,test,1,0,RAG-only,1,1
p0507,pm195,A2,test,1,0,ALERT-flat,0,0
p0507,pm195,A2,test,1,0,ALERT,0,0
p0508,pm196,A3,test,1,0,cosine,0,0
p0508,pm196,A3,test,1,0,LegalBERT-NLI,0,0
p0508,pm196,A3,test,1,0,COLIEE-retrieval,1,1
p0508,pm196,A3,test,1,0,RAG-only,0,0
p0508,pm196,A3,test,1,0,ALERT-flat,0,0
p0508,pm196,A3,test,1,0,ALERT,0,0
p0509,pm197,A4,test,0,0,cosine,0,0
p0509,pm197,A4,test,0,0,LegalBERT-NLI,0,0
p0509,pm197,A4,test,0,0,COLIEE-retrieval,0,0
p0509,pm197,A4,test,0,0,RAG-only,0,0
p0509,pm197,A4,test,0,0,ALERT-flat,0,0
p0509,pm197,A4,test,0,0,ALERT,0,0
p0510,pm198,A0,train,0,1,cosine,0,0
p0510,pm198,A0,train,0,1,LegalBERT-NLI,1,0
p0510,pm198,A0,train,0,1,COLIEE-retrieval,1,0
p0510,pm198,A0,train,0,1,RAG-only,1,0
p0510,pm198,A0,train,0,1,ALERT-flat,1,0
p0510,pm198,A0,train,0,1,ALERT,1,0
p0511,pm199,A1,test,0,1,cosine,1,0
p0511,pm199,A1,test,0,1,LegalBERT-NLI,1,0
p0511,pm199,A1,test,0,1,COLIEE-retrieval,1,0
p0511,pm199,A1,test,0,1,RAG-only,1,0
p0511,pm199,A1,test,0,1,ALERT-flat,1,0
p0511,pm199,A1,test,0,1,ALERT,1,0
p0512,pm200,A2,test,0,1,cosine,1,0
p0512,pm200,A2,test,0,1,LegalBERT-NLI,1,0
p0512,pm200,A2,test,0,1,COLIEE-retrieval,1,0
p0512,pm200,A2,test,0,1,RAG-only,1,0
p0512,pm200,A2,test,0,1,ALERT-flat,1,0
p0512,pm200,A2,test,0,1,ALERT,1,0
p0513,pm201,A3,test,0,0,cosine,0,0
p0513,pm201,A3,test,0,0,LegalBERT-NLI,1,0
p0513,pm201,A3,test,0,0,COLIEE-retrieval,0,0
p0513,pm201,A3,test,0,0,RAG-only,0,0
p0513,pm201,A3,test,0,0,ALERT-flat,0,0
p0513,pm201,A3,test,0,0,ALERT,0,0
p0514,pm202,A4,test,0,0,cosine,0,0
p0514,pm202,A4,test,0,0,LegalBERT-NLI,0,0
p0514,pm202,A4,test,0,0,COLIEE-retrieval,0,0
p0514,pm202,A4,test,0,0,RAG-only,0,0
p0514,pm202,A4,test,0,0,ALERT-flat,0,0
p0514,pm202,A4,test,0,0,ALERT,1,0
p0515,pm203,A0,train,1,0,cosine,0,0
p0515,pm203,A0,train,1,0,LegalBERT-NLI,1,1
p0515,pm203,A0,train,1,0,COLIEE-retrieval,1,1
p0515,pm203,A0,train,1,0,RAG-only,0,0
p0515,pm203,A0,train,1,0,ALERT-flat,0,0
p0515,pm203,A0,train,1,0,ALERT,0,0
p0516,pm204,A1,test,0,0,cosine,0,0
p0516,pm204,A1,test,0,0,LegalBERT-NLI,0,0
p0516,pm204,A1,test,0,0,COLIEE-retrieval,0,0
p0516,pm204,A1,test,0,0,RAG-only,0,0
p0516,pm204,A1,test,0,0,ALERT-flat,0,0
p0516,pm204,A1,test,0,0,ALERT,0,0
p0517,pm205,A2,test,1,0,cosine,0,0
p0517,pm205,A2,test,1,0,LegalBERT-NLI,1,1
p0517,pm205,A2,test,1,0,COLIEE-retrieval,1,1
p0517,pm205,A2,test,1,0,RAG-only,1,1
p0517,pm205,A2,test,1,0,ALERT-flat,1,1
p0517,pm205,A2,test,1,0,ALERT,0,0
p0518,pm206,A3,test,1,0,cosine,1,1
p0518,pm206,A3,test,1,0,LegalBERT-NLI,0,0
p0518,pm206,A3,test,1,0,COLIEE-retrieval,1,1
p0518,pm206,A3,test,1,0,RAG-only,0,0
p0518,pm206,A3,test,1,0,ALERT-flat,0,0
p0518,pm206,A3,test,1,0,ALERT,1,1
p0519,pm207,A4,test,0,0,cosine,0,0
p0519,pm207,A4,test,0,0,LegalBERT-NLI,0,0
p0519,pm207,A4,test,0,0,COLIEE-retrieval,0,0
p0519,pm207,A4,test,0,0,RAG-only,0,0
p0519,pm207,A4,test,0,0,ALERT-flat,0,0
p0519,pm207,A4,test,0,0,ALERT,0,0
p0520,pm208,A0,train,0,0,cosine,0,0
p0520,pm208,A0,train,0,0,LegalBERT-NLI,0,0
p0520,pm208,A0,train,0,0,COLIEE-retrieval,0,0
p0520,pm208,A0,train,0,0,RAG-only,0,0
p0520,pm208,A0,train,0,0,ALERT-flat,1,0
p0520,pm208,A0,train,0,0,ALERT,0,0
p0521,pm209,A1,test,1,0,cosine,1,1
p0521,pm209,A1,test,1,0,LegalBERT-NLI,0,0
p0521,pm209,A1,test,1,0,COLIEE-retrieval,0,0
p0521,pm209,A1,test,1,0,RAG-only,1,1
p0521,pm209,A1,test,1,0,ALERT-flat,0,0
p0521,pm209,A1,test,1,0,ALERT,0,0
p0522,pm210,A2,test,0,1,cosine,1,0
p0522,pm210,A2,test,0,1,LegalBERT-NLI,1,0
p0522,pm210,A2,test,0,1,COLIEE-retrieval,1,0
p0522,pm210,A2,test,0,1,RAG-only,1,0
p0522,pm210,A2,test,0,1,ALERT-flat,1,0
p0522,pm210,A2,test,0,1,ALERT,1,0
p0523,pm211,A3,test,0,0,cosine,0,0
p0523,pm211,A3,test,0,0,LegalBERT-NLI,0,0
p0523,pm211,A3,test,0,0,COLIEE-retrieval,0,0
p0523,pm211,A3,test,0,0,RAG-only,0,0
p0523,pm211,A3,test,0,0,ALERT-flat,0,0
p0523,pm211,A3,test,0,0,ALERT,0,0
p0524,pm212,A4,test,0,0,cosine,1,0
p0524,pm212,A4,test,0,0,LegalBERT-NLI,0,0
p0524,pm212,A4,test,0,0,COLIEE-retrieval,0,0
p0524,pm212,A4,test,0,0,RAG-only,0,0
p0524,pm212,A4,test,0,0,ALERT-flat,0,0
p0524,pm212,A4,test,0,0,ALERT,0,0
p0525,pm213,A0,train,0,0,cosine,0,0
p0525,pm213,A0,train,0,0,LegalBERT-NLI,0,0
p0525,pm213,A0,train,0,0,COLIEE-retrieval,0,0
p0525,pm213,A0,train,0,0,RAG-only,0,0
p0525,pm213,A0,train,0,0,ALERT-flat,0,0
p0525,pm213,A0,train,0,0,ALERT,0,0
p0526,pm214,A1,test,0,0,cosine,0,0
p0526,pm214,A1,test,0,0,LegalBERT-NLI,0,0
p0526,pm214,A1,test,0,0,COLIEE-retrieval,0,0
p0526,pm214,A1,test,0,0,RAG-only,0,0
p0526,pm214,A1,test,0,0,ALERT-flat,1,0
p0526,pm214,A1,test,0,0,ALERT,0,0
p0527,pm215,A2,test,0,0,cosine,0,0
p0527,pm215,A2,test,0,0,LegalBERT-NLI,0,0
p0527,pm215,A2,test,0,0,COLIEE-retrieval,0,0
p0527,pm215,A2,test,0,0,RAG-only,0,0
p0527,pm215,A2,test,0,0,ALERT-flat,0,0
p0527,pm215,A2,test,0,0,ALERT,0,0
p0528,pm216,A3,test,0,1,cosine,1,0
p0528,pm216,A3,test,0,1,LegalBERT-NLI,1,0
p0528,pm216,A3,test,0,1,COLIEE-retrieval,1,0
p0528,pm216,A3,test,0,1,RAG-only,1,0
p0528,pm216,A3,test,0,1,ALERT-flat,1,0
p0528,pm216,A3,test,0,1,ALERT,1,0
p0529,pm217,A4,test,0,0,cosine,1,0
p0529,pm217,A4,test,0,0,LegalBERT-NLI,0,0
p0529,pm217,A4,test,0,0,COLIEE-retrieval,0,0
p0529,pm217,A4,test,0,0,RAG-only,1,0
p0529,pm217,A4,test,0,0,ALERT-flat,0,0
p0529,pm217,A4,test,0,0,ALERT,0,0
p0530,pm218,A0,train,1,0,cosine,0,0
p0530,pm218,A0,train,1,0,LegalBERT-NLI,0,0
p0530,pm218,A0,train,1,0,COLIEE-retrieval,0,0
p0530,pm218,A0,train,1,0,RAG-only,0,0
p0530,pm218,A0,train,1,0,ALERT-flat,1,1
p0530,pm218,A0,train,1,0,ALERT,0,0
p0531,pm219,A1,test,1,0,cosine,0,0
p0531,pm219,A1,test,1,0,LegalBERT-NLI,0,0
p0531,pm219,A1,test,1,0,COLIEE-retrieval,0,0
p0531,pm219,A1,test,1,0,RAG-only,0,0
p0531,pm219,A1,test,1,0,ALERT-flat,0,0
p0531,pm219,A1,test,1,0,ALERT,0,0
p0532,pm220,A2,test,0,0,cosine,0,0
p0532,pm220,A2,test,0,0,LegalBERT-NLI,1,0
p0532,pm220,A2,test,0,0,COLIEE-retrieval,0,0
p0532,pm220,A2,test,0,0,RAG-only,0,0
p0532,pm220,A2,test,0,0,ALERT-flat,0,0
p0532,pm220,A2,test,0,0,ALERT,0,0
p0533,pm221,A3,test,0,0,cosine,0,0
p0533,pm221,A3,test,0,0,LegalBERT-NLI,0,0
p0533,pm221,A3,test,0,0,COLIEE-retrieval,0,0
p0533,pm221,A3,test,0,0,RAG-only,0,0
p0533,pm221,A3,test,0,0,ALERT-flat,0,0
p0533,pm221,A3,test,0,0,ALERT,0,0
p0534,pm222,A4,test,1,0,cosine,1,1
p0534,pm222,A4,test,1,0,LegalBERT-NLI,0,0
p0534,pm222,A4,test,1,0,COLIEE-retrieval,0,0
p0534,pm222,A4,test,1,0,RAG-only,0,0
p0534,pm222,A4,test,1,0,ALERT-flat,0,0
p0534,pm222,A4,test,1,0,ALERT,0,0
p0535,pm223,A0,train,1,0,cosine,1,1
p0535,pm223,A0,train,1,0,LegalBERT-NLI,1,1
p0535,pm223,A0,train,1,0,COLIEE-retrieval,0,0
p0535,pm223,A0,train,1,0,RAG-only,0,0
p0535,pm223,A0,train,1,0,ALERT-flat,0,0
p0535,pm223,A0,train,1,0,ALERT,0,0
p0536,pm224,A1,test,1,0,cosine,0,0
p0536,pm224,A1,test,1,0,LegalBERT-NLI,0,0
p0536,pm224,A1,test,1,0,COLIEE-retrieval,0,0
p0536,pm224,A1,test,1,0,RAG-only,0,0
p0536,pm224,A1,test,1,0,ALERT-flat,1,1
p0536,pm224,A1,test,1,0,ALERT,0,0
p0537,pm225,A2,test,0,1,cosine,1,0
p0537,pm225,A2,test,0,1,LegalBERT-NLI,0,0
p0537,pm225,A2,test,0,1,COLIEE-retrieval,1,0
p0537,pm225,A2,test,0,1,RAG-only,1,0
p0537,pm225,A2,test,0,1,ALERT-flat,1,0
p0537,pm225,A2,test,0,1,ALERT,1,0
p0538,pm226,A3,test,0,0,cosine,0,0
p0538,pm226,A3,test,0,0,LegalBERT-NLI,0,0
p0538,pm226,A3,test,0,0,COLIEE-retrieval,0,0
p0538,pm226,A3,test,0,0,RAG-only,0,0
p0538,pm226,A3,test,0,0,ALERT-flat,0,0
p0538,pm226,A3,test,0,0,ALERT,0,0
p0539,pm227,A4,test,0,0,cosine,0,0
p0539,pm227,A4,test,0,0,LegalBERT-NLI,1,0
p0539,pm227,A4,test,0,0,COLIEE-retrieval,0,0
p0539,pm227,A4,test,0,0,RAG-only,0,0
p0539,pm227,A4,test,0,0,ALERT-flat,0,0
p0539,pm227,A4,test,0,0,ALERT,0,0
p0540,pm228,A0,train,0,0,cosine,0,0
p0540,pm228,A0,train,0,0,LegalBERT-NLI,0,0
p0540,pm228,A0,train,0,0,COLIEE-retrieval,0,0
p0540,pm228,A0,train,0,0,RAG-only,0,0
p0540,pm228,A0,train,0,0,ALERT-flat,0,0
p0540,pm228,A0,train,0,0,ALERT,0,0
p0541,pm229,A1,test,0,0,cosine,1,0
p0541,pm229,A1,test,0,0,LegalBERT-NLI,0,0
p0541,pm229,A1,test,0,0,COLIEE-retrieval,1,0
p0541,pm229,A1,test,0,0,RAG-only,0,0
p0541,pm229,A1,test,0,0,ALERT-flat,0,0
p0541,pm229,A1,test,0,0,ALERT,0,0
p0542,pm230,A2,test,0,0,cosine,0,0
p0542,pm230,A2,test,0,0,LegalBERT-NLI,1,0
p0542,pm230,A2,test,0,0,COLIEE-retrieval,1,0
p0542,pm230,A2,test,0,0,RAG-only,0,0
p0542,pm230,A2,test,0,0,ALERT-flat,0,0
p0542,pm230,A2,test,0,0,ALERT,0,0
p0543,pm231,A3,test,1,0,cosine,0,0
p0543,pm231,A3,test,1,0,LegalBERT-NLI,0,0
p0543,pm231,A3,test,1,0,COLIEE-retrieval,0,0
p0543,pm231,A3,test,1,0,RAG-only,0,0
p0543,pm231,A3,test,1,0,ALERT-flat,0,0
p0543,pm231,A3,test,1,0,ALERT,0,0
p0544,pm232,A4,test,1,0,cosine,0,0
p0544,pm232,A4,test,1,0,LegalBERT-NLI,0,0
p0544,pm232,A4,test,1,0,COLIEE-retrieval,0,0
p0544,pm232,A4,test,1,0,RAG-only,0,0
p0544,pm232,A4,test,1,0,ALERT-flat,0,0
p0544,pm232,A4,test,1,0,ALERT,0,0
p0545,pm233,A0,train,0,0,cosine,1,0
p0545,pm233,A0,train,0,0,LegalBERT-NLI,0,0
p0545,pm233,A0,train,0,0,COLIEE-retrieval,0,0
p0545,pm233,A0,train,0,0,RAG-only,0,0
p0545,pm233,A0,train,0,0,ALERT-flat,0,0
p0545,pm233,A0,train,0,0,ALERT,1,0
p0546,pm234,A1,test,0,0,cosine,0,0
p0546,pm234,A1,test,0,0,LegalBERT-NLI,1,0
p0546,pm234,A1,test,0,0,COLIEE-retrieval,1,0
p0546,pm234,A1,test,0,0,RAG-only,0,0
p0546,pm234,A1,test,0,0,ALERT-flat,0,0
p0546,pm234,A1,test,0,0,ALERT,0,0
p0547,pm235,A2,test,0,1,cosine,1,0
p0547,pm235,A2,test,0,1,LegalBERT-NLI,1,0
p0547,pm235,A2,test,0,1,COLIEE-retrieval,1,0
p0547,pm235,A2,test,0,1,RAG-only,1,0
p0547,pm235,A2,test,0,1,ALERT-flat,1,0
p0547,pm235,A2,test,0,1,ALERT,0,0
p0548,pm236,A3,test,0,1,cosine,1,0
p0548,pm236,A3,test,0,1,LegalBERT-NLI,1,0
p0548,pm236,A3,test,0,1,COLIEE-retrieval,0,0
p0548,pm236,A3,test,0,1,RAG-only,1,0
p0548,pm236,A3,test,0,1,ALERT-flat,1,0
p0548,pm236,A3,test,0,1,ALERT,1,0
p0549,pm237,A4,test,0,1,cosine,1,0
p0549,pm237,A4,test,0,1,LegalBERT-NLI,1,0
p0549,pm237,A4,test,0,1,COLIEE-retrieval,1,0
p0549,pm237,A4,test,0,1,RAG-only,1,0
p0549,pm237,A4,test,0,1,ALERT-flat,1,0
p0549,pm237,A4,test,0,1,ALERT,1,0
p0550,pm238,A0,train,0,0,cosine,1,0
p0550,pm238,A0,train,0,0,LegalBERT-NLI,0,0
p0550,pm238,A0,train,0,0,COLIEE-retrieval,0,0
p0550,pm238,A0,train,0,0,RAG-only,0,0
p0550,pm238,A0,train,0,0,ALERT-flat,0,0
p0550,pm238,A0,train,0,0,ALERT,0,0
p0551,pm239,A1,test,0,1,cosine,0,0
p0551,pm239,A1,test,0,1,LegalBERT-NLI,0,0
p0551,pm239,A1,test,0,1,COLIEE-retrieval,1,0
p0551,pm239,A1,test,0,1,RAG-only,1,0
p0551,pm239,A1,test,0,1,ALERT-flat,0,0
p0551,pm239,A1,test,0,1,ALERT,1,0
p0552,pm240,A2,test,1,0,cosine,1,1
p0552,pm240,A2,test,1,0,LegalBERT-NLI,0,0
p0552,pm240,A2,test,1,0,COLIEE-retrieval,0,0
p0552,pm240,A2,test,1,0,RAG-only,0,0
p0552,pm240,A2,test,1,0,ALERT-flat,0,0
p0552,pm240,A2,test,1,0,ALERT,0,0
p0553,pm241,A3,test,0,0,cosine,0,0
p0553,pm241,A3,test,0,0,LegalBERT-NLI,0,0
p0553,pm241,A3,test,0,0,COLIEE-retrieval,0,0
p0553,pm241,A3,test,0,0,RAG-only,0,0
p0553,pm241,A3,test,0,0,ALERT-flat,0,0
p0553,pm241,A3,test,0,0,ALERT,0,0
p0554,pm242,A4,test,0,0,cosine,1,0
p0554,pm242,A4,test,0,0,LegalBERT-NLI,0,0
p0554,pm242,A4,test,0,0,COLIEE-retrieval,0,0
p0554,pm242,A4,test,0,0,RAG-only,0,0
p0554,pm242,A4,test,0,0,ALERT-flat,0,0
p0554,pm242,A4,test,0,0,ALERT,0,0
p0555,pm243,A0,train,0,0,cosine,1,0
p0555,pm243,A0,train,0,0,LegalBERT-NLI,0,0
p0555,pm243,A0,train,0,0,COLIEE-retrieval,0,0
p0555,pm243,A0,train,0,0,RAG-only,0,0
p0555,pm243,A0,train,0,0,ALERT-flat,1,0
p0555,pm243,A0,train,0,0,ALERT,0,0
p0556,pm244,A1,test,0,0,cosine,1,0
p0556,pm244,A1,test,0,0,LegalBERT-NLI,0,0
p0556,pm244,A1,test,0,0,COLIEE-retrieval,1,0
p0556,pm244,A1,test,0,0,RAG-only,0,0
p0556,pm244,A1,test,0,0,ALERT-flat,0,0
p0556,pm244,A1,test,0,0,ALERT,0,0
p0557,pm245,A2,test,0,0,cosine,0,0
p0557,pm245,A2,test,0,0,LegalBERT-NLI,0,0
p0557,pm245,A2,test,0,0,COLIEE-retrieval,0,0
p0557,pm245,A2,test,0,0,RAG-only,1,0
p0557,pm245,A2,test,0,0,ALERT-flat,0,0
p0557,pm245,A2,test,0,0,ALERT,0,0
p0558,pm246,A3,test,0,1,cosine,1,0
p0558,pm246,A3,test,0,1,LegalBERT-NLI,1,0
p0558,pm246,A3,test,0,1,COLIEE-retrieval,1,0
p0558,pm246,A3,test,0,1,RAG-only,1,0
p0558,pm246,A3,test,0,1,ALERT-flat,1,0
p0558,pm246,A3,test,0,1,ALERT,1,0
p0559,pm247,A4,test,0,1,cosine,1,0
p0559,pm247,A4,test,0,1,LegalBERT-NLI,1,0
p0559,pm247,A4,test,0,1,COLIEE-retrieval,0,0
p0559,pm247,A4,test,0,1,RAG-only,1,0
p0559,pm247,A4,test,0,1,ALERT-flat,1,0
p0559,pm247,A4,test,0,1,ALERT,1,0
p0560,pm248,A0,train,0,0,cosine,0,0
p0560,pm248,A0,train,0,0,LegalBERT-NLI,0,0
p0560,pm248,A0,train,0,0,COLIEE-retrieval,1,0
p0560,pm248,A0,train,0,0,RAG-only,0,0
p0560,pm248,A0,train,0,0,ALERT-flat,0,0
p0560,pm248,A0,train,0,0,ALERT,0,0
p0561,pm249,A1,test,0,0,cosine,0,0
p0561,pm249,A1,test,0,0,LegalBERT-NLI,0,0
p0561,pm249,A1,test,0,0,COLIEE-retrieval,0,0
p0561,pm249,A1,test,0,0,RAG-only,0,0
p0561,pm249,A1,test,0,0,ALERT-flat,0,0
p0561,pm249,A1,test,0,0,ALERT,0,0
p0562,pm250,A2,test,0,0,cosine,0,0
p0562,pm250,A2,test,0,0,LegalBERT-NLI,0,0
p0562,pm250,A2,test,0,0,COLIEE-retrieval,0,0
p0562,pm250,A2,test,0,0,RAG-only,0,0
p0562,pm250,A2,test,0,0,ALERT-flat,1,0
p0562,pm250,A2,test,0,0,ALERT,0,0
p0563,pm251,A3,test,0,0,cosine,0,0
p0563,pm251,A3,test,0,0,LegalBERT-NLI,0,0
p0563,pm251,A3,test,0,0,COLIEE-retrieval,0,0
p0563,pm251,A3,test,0,0,RAG-only,0,0
p0563,pm251,A3,test,0,0,ALERT-flat,1,0
p0563,pm251,A3,test,0,0,ALERT,0,0
p0564,pm252,A4,test,0,1,cosine,1,0
p0564,pm252,A4,test,0,1,LegalBERT-NLI,1,0
p0564,pm252,A4,test,0,1,COLIEE-retrieval,1,0
p0564,pm252,A4,test,0,1,RAG-only,1,0
p0564,pm252,A4,test,0,1,ALERT-flat,0,0
p0564,pm252,A4,test,0,1,ALERT,1,0
p0565,pm253,A0,train,0,0,cosine,1,0
p0565,pm253,A0,train,0,0,LegalBERT-NLI,0,0
p0565,pm253,A0,train,0,0,COLIEE-retrieval,0,0
p0565,pm253,A0,train,0,0,RAG-only,0,0
p0565,pm253,A0,train,0,0,ALERT-flat,0,0
p0565,pm253,A0,train,0,0,ALERT,0,0
p0566,pm254,A1,test,1,0,cosine,0,0
p0566,pm254,A1,test,1,0,LegalBERT-NLI,0,0
p0566,pm254,A1,test,1,0,COLIEE-retrieval,0,0
p0566,pm254,A1,test,1,0,RAG-only,0,0
p0566,pm254,A1,test,1,0,ALERT-flat,0,0
p0566,pm254,A1,test,1,0,ALERT,0,0
p0567,pm255,A2,test,1,0,cosine,1,1
p0567,pm255,A2,test,1,0,LegalBERT-NLI,0,0
p0567,pm255,A2,test,1,0,COLIEE-retrieval,0,0
p0567,pm255,A2,test,1,0,RAG-only,0,0
p0567,pm255,A2,test,1,0,ALERT-flat,0,0
p0567,pm255,A2,test,1,0,ALERT,0,0
p0568,pm256,A3,test,1,0,cosine,0,0
p0568,pm256,A3,test,1,0,LegalBERT-NLI,0,0
p0568,pm256,A3,test,1,0,COLIEE-retrieval,1,1
p0568,pm256,A3,test,1,0,RAG-only,0,0
p0568,pm256,A3,test,1,0,ALERT-flat,1,1
p0568,pm256,A3,test,1,0,ALERT,0,0
p0569,pm257,A4,test,0,0,cosine,0,0
p0569,pm257,A4,test,0,0,LegalBERT-NLI,0,0
p0569,pm257,A4,test,0,0,COLIEE-retrieval,0,0
p0569,pm257,A4,test,0,0,RAG-only,0,0
p0569,pm257,A4,test,0,0,ALERT-flat,0,0
p0569,pm257,A4,test,0,0,ALERT,0,0
p0570,pm258,A0,train,0,1,cosine,1,0
p0570,pm258,A0,train,0,1,LegalBERT-NLI,1,0
p0570,pm258,A0,train,0,1,COLIEE-retrieval,1,0
p0570,pm258,A0,train,0,1,RAG-only,1,0
p0570,pm258,A0,train,0,1,ALERT-flat,1,0
p0570,pm258,A0,train,0,1,ALERT,0,0
p0571,pm259,A1,test,0,1,cosine,1,0
p0571,pm259,A1,test,0,1,LegalBERT-NLI,1,0
p0571,pm259,A1,test,0,1,COLIEE-retrieval,0,0
p0571,pm259,A1,test,0,1,RAG-only,1,0
p0571,pm259,A1,test,0,1,ALERT-flat,1,0
p0571,pm259,A1,test,0,1,ALERT,1,0
p0572,pm260,A2,test,0,0,cosine,0,0
p0572,pm260,A2,test,0,0,LegalBERT-NLI,0,0
p0572,pm260,A2,test,0,0,COLIEE-retrieval,1,0
p0572,pm260,A2,test,0,0,RAG-only,1,0
p0572,pm260,A2,test,0,0,ALERT-flat,0,0
p0572,pm260,A2,test,0,0,ALERT,0,0
p0573,pm261,A3,test,1,0,cosine,0,0
p0573,pm261,A3,test,1,0,LegalBERT-NLI,1,1
p0573,pm261,A3,test,1,0,COLIEE-retrieval,0,0
p0573,pm261,A3,test,1,0,RAG-only,0,0
p0573,pm261,A3,test,1,0,ALERT-flat,0,0
p0573,pm261,A3,test,1,0,ALERT,0,0
p0574,pm262,A4,test,0,0,cosine,0,0
p0574,pm262,A4,test,0,0,LegalBERT-NLI,1,0
p0574,pm262,A4,test,0,0,COLIEE-retrieval,0,0
p0574,pm262,A4,test,0,0,RAG-only,0,0
p0574,pm262,A4,test,0,0,ALERT-flat,0,0
p0574,pm262,A4,test,0,0,ALERT,0,0
p0575,pm263,A0,train,1,0,cosine,1,1
p0575,pm263,A0,train,1,0,LegalBERT-NLI,0,0
p0575,pm263,A0,train,1,0,COLIEE-retrieval,0,0
p0575,pm263,A0,train,1,0,RAG-only,0,0
p0575,pm263,A0,train,1,0,ALERT-flat,0,0
p0575,pm263,A0,train,1,0,ALERT,0,0
p0576,pm264,A1,test,1,0,cosine,0,0
p0576,pm264,A1,test,1,0,LegalBERT-NLI,0,0
p0576,pm264,A1,test,1,0,COLIEE-retrieval,1,1
p0576,pm264,A1,test,1,0,RAG-only,0,0
p0576,pm264,A1,test,1,0,ALERT-flat,1,1
p0576,pm264,A1,test,1,0,ALERT,0,0
p0577,pm265,A2,test,0,0,cosine,0,0
p0577,pm265,A2,test,0,0,LegalBERT-NLI,0,0
p0577,pm265,A2,test,0,0,COLIEE-retrieval,1,0
p0577,pm265,A2,test,0,0,RAG-only,0,0
p0577,pm265,A2,test,0,0,ALERT-flat,0,0
p0577,pm265,A2,test,0,0,ALERT,0,0
p0578,pm266,A3,test,0,0,cosine,0,0
p0578,pm266,A3,test,0,0,LegalBERT-NLI,0,0
p0578,pm266,A3,test,0,0,COLIEE-retrieval,0,0
p0578,pm266,A3,test,0,0,RAG-only,0,0
p0578,pm266,A3,test,0,0,ALERT-flat,0,0
p0578,pm266,A3,test,0,0,ALERT,0,0
p0579,pm267,A4,test,0,0,cosine,0,0
p0579,pm267,A4,test,0,0,LegalBERT-NLI,1,0
p0579,pm267,A4,test,0,0,COLIEE-retrieval,0,0
p0579,pm267,A4,test,0,0,RAG-only,0,0
p0579,pm267,A4,test,0,0,ALERT-flat,0,0
p0579,pm267,A4,test,0,0,ALERT,0,0
p0580,pm268,A0,train,1,0,cosine,0,0
p0580,pm268,A0,train,1,0,LegalBERT-NLI,1,1
p0580,pm268,A0,train,1,0,COLIEE-retrieval,1,1
p0580,pm268,A0,train,1,0,RAG-only,0,0
p0580,pm268,A0,train,1,0,ALERT-flat,0,0
p0580,pm268,A0,train,1,0,ALERT,1,1
p0581,pm269,A1,test,0,0,cosine,0,0
p0581,pm269,A1,test,0,0,LegalBERT-NLI,1,0
p0581,pm269,A1,test,0,0,COLIEE-retrieval,0,0
p0581,pm269,A1,test,0,0,RAG-only,1,0
p0581,pm269,A1,test,0,0,ALERT-flat,0,0
p0581,pm269,A1,test,0,0,ALERT,1,0
p0582,pm270,A2,test,0,0,cosine,0,0
p0582,pm270,A2,test,0,0,LegalBERT-NLI,0,0
p0582,pm270,A2,test,0,0,COLIEE-retrieval,0,0
p0582,pm270,A2,test,0,0,RAG-only,0,0
p0582,pm270,A2,test,0,0,ALERT-flat,0,0
p0582,pm270,A2,test,0,0,ALERT,0,0
p0583,pm271,A3,test,0,1,cosine,1,0
p0583,pm271,A3,test,0,1,LegalBERT-NLI,0,0
p0583,pm271,A3,test,0,1,COLIEE-retrieval,0,0
p0583,pm271,A3,test,0,1,RAG-only,1,0
p0583,pm271,A3,test,0,1,ALERT-flat,1,0
p0583,pm271,A3,test,0,1,ALERT,1,0
p0584,pm272,A4,test,0,1,cosine,1,0
p0584,pm272,A4,test,0,1,LegalBERT-NLI,1,0
p0584,pm272,A4,test,0,1,COLIEE-retrieval,1,0
p0584,pm272,A4,test,0,1,RAG-only,0,0
p0584,pm272,A4,test,0,1,ALERT-flat,1,0
p0584,pm272,A4,test,0,1,ALERT,1,0
p0585,pm273,A0,train,1,0,cosine,0,0
p0585,pm273,A0,train,1,0,LegalBERT-NLI,1,1
p0585,pm273,A0,train,1,0,COLIEE-retrieval,0,0
p0585,pm273,A0,train,1,0,RAG-only,0,0
p0585,pm273,A0,train,1,0,ALERT-flat,1,1
p0585,pm273,A0,train,1,0,ALERT,0,0
p0586,pm274,A1,test,1,0,cosine,0,0
p0586,pm274,A1,test,1,0,LegalBERT-NLI,0,0
p0586,pm274,A1,test,1,0,COLIEE-retrieval,1,1
p0586,pm274,A1,test,1,0,RAG-only,0,0
p0586,pm274,A1,test,1,0,ALERT-flat,0,0
p0586,pm274,A1,test,1,0,ALERT,0,0
p0587,pm275,A2,test,0,0,cosine,0,0
p0587,pm275,A2,test,0,0,LegalBERT-NLI,0,0
p0587,pm275,A2,test,0,0,COLIEE-retrieval,0,0
p0587,pm275,A2,test,0,0,RAG-only,1,0
p0587,pm275,A2,test,0,0,ALERT-flat,0,0
p0587,pm275,A2,test,0,0,ALERT,0,0
p0588,pm276,A3,test,1,0,cosine,1,1
p0588,pm276,A3,test,1,0,LegalBERT-NLI,1,1
p0588,pm276,A3,test,1,0,COLIEE-retrieval,1,1
p0588,pm276,A3,test,1,0,RAG-only,0,0
p0588,pm276,A3,test,1,0,ALERT-flat,0,0
p0588,pm276,A3,test,1,0,ALERT,1,1
p0589,pm277,A4,test,0,0,cosine,1,0
p0589,pm277,A4,test,0,0,LegalBERT-NLI,0,0
p0589,pm277,A4,test,0,0,COLIEE-retrieval,1,0
p0589,pm277,A4,test,0,0,RAG-only,0,0
p0589,pm277,A4,test,0,0,ALERT-flat,0,0
p0589,pm277,A4,test,0,0,ALERT,0,0
p0590,pm278,A0,train,0,0,cosine,0,0
p0590,pm278,A0,train,0,0,LegalBERT-NLI,0,0
p0590,pm278,A0,train,0,0,COLIEE-retrieval,0,0
p0590,pm278,A0,train,0,0,RAG-only,0,0
p0590,pm278,A0,train,0,0,ALERT-flat,0,0
p0590,pm278,A0,train,0,0,ALERT,0,0
p0591,pm279,A1,test,1,0,cosine,0,0
p0591,pm279,A1,test,1,0,LegalBERT-NLI,1,1
p0591,pm279,A1,test,1,0,COLIEE-retrieval,0,0
p0591,pm279,A1,test,1,0,RAG-only,0,0
p0591,pm279,A1,test,1,0,ALERT-flat,0,0
p0591,pm279,A1,test,1,0,ALERT,0,0
p0592,pm280,A2,test,0,0,cosine,1,0
p0592,pm280,A2,test,0,0,LegalBERT-NLI,0,0
p0592,pm280,A2,test,0,0,COLIEE-retrieval,0,0
p0592,pm280,A2,test,0,0,RAG-only,0,0
p0592,pm280,A2,test,0,0,ALERT-flat,0,0
p0592,pm280,A2,test,0,0,ALERT,1,0
p0593,pm281,A3,test,0,0,cosine,0,0
p0593,pm281,A3,test,0,0,LegalBERT-NLI,0,0
p0593,pm281,A3,test,0,0,COLIEE-retrieval,0,0
p0593,pm281,A3,test,0,0,RAG-only,0,0
p0593,pm281,A3,test,0,0,ALERT-flat,0,0
p0593,pm281,A3,test,0,0,ALERT,0,0
p0594,pm282,A4,test,1,0,cosine,0,0
p0594,pm282,A4,test,1,0,LegalBERT-NLI,0,0
p0594,pm282,A4,test,1,0,COLIEE-retrieval,0,0
p0594,pm282,A4,test,1,0,RAG-only,0,0
p0594,pm282,A4,test,1,0,ALERT-flat,0,0
p0594,pm282,A4,test,1,0,ALERT,0,0
p0595,pm283,A0,train,0,0,cosine,0,0
p0595,pm283,A0,train,0,0,LegalBERT-NLI,0,0
p0595,pm283,A0,train,0,0,COLIEE-retrieval,0,0
p0595,pm283,A0,train,0,0,RAG-only,0,0
p0595,pm283,A0,train,0,0,ALERT-flat,0,0
p0595,pm283,A0,train,0,0,ALERT,0,0
p0596,pm284,A1,test,0,0,cosine,0,0
p0596,pm284,A1,test,0,0,LegalBERT-NLI,0,0
p0596,pm284,A1,test,0,0,COLIEE-retrieval,0,0
p0596,pm284,A1,test,0,0,RAG-only,0,0
p0596,pm284,A1,test,0,0,ALERT-flat,0,0
p0596,pm284,A1,test,0,0,ALERT,0,0
p0597,pm285,A2,test,0,0,cosine,0,0
p0597,pm285,A2,test,0,0,LegalBERT-NLI,0,0
p0597,pm285,A2,test,0,0,COLIEE-retrieval,0,0
p0597,pm285,A2,test,0,0,RAG-only,0,0
p0597,pm285,A2,test,0,0,ALERT-flat,1,0
p0597,pm285,A2,test,0,0,ALERT,0,0
p0598,pm286,A3,test,0,0,cosine,0,0
p0598,pm286,A3,test,0,0,LegalBERT-NLI,0,0
p0598,pm286,A3,test,0,0,COLIEE-retrieval,0,0
p0598,pm286,A3,test,0,0,RAG-only,0,0
p0598,pm286,A3,test,0,0,ALERT-flat,1,0
p0598,pm286,A3,test,0,0,ALERT,1,0
p0599,pm287,A4,test,0,0,cosine,0,0
p0599,pm287,A4,test,0,0,LegalBERT-NLI,0,0
p0599,pm287,A4,test,0,0,COLIEE-retrieval,0,0
p0599,pm287,A4,test,0,0,RAG-only,0,0
p0599,pm287,A4,test,0,0,ALERT-flat,0,0
p0599,pm287,A4,test,0,0,ALERT,0,0
p0600,pm288,A0,train,0,0,cosine,0,0
p0600,pm288,A0,train,0,0,LegalBERT-NLI,1,0
p0600,pm288,A0,train,0,0,COLIEE-retrieval,0,0
p0600,pm288,A0,train,0,0,RAG-only,0,0
p0600,pm288,A0,train,0,0,ALERT-flat,0,0
p0600,pm288,A0,train,0,0,ALERT,0,0
p0601,pm289,A1,test,0,0,cosine,1,0
p0601,pm289,A1,test,0,0,LegalBERT-NLI,0,0
p0601,pm289,A1,test,0,0,COLIEE-retrieval,1,0
p0601,pm289,A1,test,0,0,RAG-only,0,0
p0601,pm289,A1,test,0,0,ALERT-flat,0,0
p0601,pm289,A1,test,0,0,ALERT,0,0
p0602,pm290,A2,test,1,0,cosine,0,0
p0602,pm290,A2,test,1,0,LegalBERT-NLI,1,1
p0602,pm290,A2,test,1,0,COLIEE-retrieval,1,1
p0602,pm290,A2,test,1,0,RAG-only,1,1
p0602,pm290,A2,test,1,0,ALERT-flat,1,1
p0602,pm290,A2,test,1,0,ALERT,0,0
p0603,pm291,A3,test,0,0,cosine,1,0
p0603,pm291,A3,test,0,0,LegalBERT-NLI,0,0
p0603,pm291,A3,test,0,0,COLIEE-retrieval,0,0
p0603,pm291,A3,test,0,0,RAG-only,0,0
p0603,pm291,A3,test,0,0,ALERT-flat,1,0
p0603,pm291,A3,test,0,0,ALERT,0,0
p0604,pm292,A4,test,0,1,cosine,1,0
p0604,pm292,A4,test,0,1,LegalBERT-NLI,1,0
p0604,pm292,A4,test,0,1,COLIEE-retrieval,1,0
p0604,pm292,A4,test,0,1,RAG-only,1,0
p0604,pm292,A4,test,0,1,ALERT-flat,0,0
p0604,pm292,A4,test,0,1,ALERT,1,0
p0605,pm293,A0,train,1,0,cosine,0,0
p0605,pm293,A0,train,1,0,LegalBERT-NLI,0,0
p0605,pm293,A0,train,1,0,COLIEE-retrieval,0,0
p0605,pm293,A0,train,1,0,RAG-only,1,1
p0605,pm293,A0,train,1,0,ALERT-flat,0,0
p0605,pm293,A0,train,1,0,ALERT,0,0
p0606,pm294,A1,test,0,1,cosine,1,0
p0606,pm294,A1,test,0,1,LegalBERT-NLI,1,0
p0606,pm294,A1,test,0,1,COLIEE-retrieval,1,0
p0606,pm294,A1,test,0,1,RAG-only,1,0
p0606,pm294,A1,test,0,1,ALERT-flat,0,0
p0606,pm294,A1,test,0,1,ALERT,1,0
p0607,pm295,A2,test,0,0,cosine,0,0
p0607,pm295,A2,test,0,0,LegalBERT-NLI,0,0
p0607,pm295,A2,test,0,0,COLIEE-retrieval,0,0
p0607,pm295,A2,test,0,0,RAG-only,0,0
p0607,pm295,A2,test,0,0,ALERT-flat,0,0
p0607,pm295,A2,test,0,0,ALERT,0,0
p0608,pm296,A3,test,0,0,cosine,0,0
p0608,pm296,A3,test,0,0,LegalBERT-NLI,0,0
p0608,pm296,A3,test,0,0,COLIEE-retrieval,0,0
p0608,pm296,A3,test,0,0,RAG-only,0,0
p0608,pm296,A3,test,0,0,ALERT-flat,0,0
p0608,pm296,A3,test,0,0,ALERT,0,0
p0609,pm297,A4,test,0,0,cosine,1,0
p0609,pm297,A4,test,0,0,LegalBERT-NLI,0,0
p0609,pm297,A4,test,0,0,COLIEE-retrieval,0,0
p0609,pm297,A4,test,0,0,RAG-only,0,0
p0609,pm297,A4,test,0,0,ALERT-flat,0,0
p0609,pm297,A4,test,0,0,ALERT,0,0
p0610,pm298,A0,train,0,0,cosine,0,0
p0610,pm298,A0,train,0,0,LegalBERT-NLI,0,0
p0610,pm298,A0,train,0,0,COLIEE-retrieval,0,0
p0610,pm298,A0,train,0,0,RAG-only,0,0
p0610,pm298,A0,train,0,0,ALERT-flat,0,0
p0610,pm298,A0,train,0,0,ALERT,0,0
p0611,pm299,A1,test,0,0,cosine,0,0
p0611,pm299,A1,test,0,0,LegalBERT-NLI,0,0
p0611,pm299,A1,test,0,0,COLIEE-retrieval,0,0
p0611,pm299,A1,test,0,0,RAG-only,0,0
p0611,pm299,A1,test,0,0,ALERT-flat,0,0
p0611,pm299,A1,test,0,0,ALERT,0,0
p0612,pm300,A2,test,0,0,cosine,0,0
p0612,pm300,A2,test,0,0,LegalBERT-NLI,0,0
p0612,pm300,A2,test,0,0,COLIEE-retrieval,0,0
p0612,pm300,A2,test,0,0,RAG-only,0,0
p0612,pm300,A2,test,0,0,ALERT-flat,0,0
p0612,pm300,A2,test,0,0,ALERT,0,0
p0613,pm301,A3,test,1,0,cosine,0,0
p0613,pm301,A3,test,1,0,LegalBERT-NLI,1,1
p0613,pm301,A3,test,1,0,COLIEE-retrieval,0,0
p0613,pm301,A3,test,1,0,RAG-only,0,0
p0613,pm301,A3,test,1,0,ALERT-flat,0,0
p0613,pm301,A3,test,1,0,ALERT,1,1
p0614,pm302,A4,test,0,0,cosine,0,0
p0614,pm302,A4,test,0,0,LegalBERT-NLI,0,0
p0614,pm302,A4,test,0,0,COLIEE-retrieval,0,0
p0614,pm302,A4,test,0,0,RAG-only,0,0
p0614,pm302,A4,test,0,0,ALERT-flat,1,0
p0614,pm302,A4,test,0,0,ALERT,0,0
p0615,pm303,A0,train,1,0,cosine,0,0
p0615,pm303,A0,train,1,0,LegalBERT-NLI,1,1
p0615,pm303,A0,train,1,0,COLIEE-retrieval,1,1
p0615,pm303,A0,train,1,0,RAG-only,0,0
p0615,pm303,A0,train,1,0,ALERT-flat,0,0
p0615,pm303,A0,train,1,0,ALERT,0,0
p0616,pm304,A1,test,0,1,cosine,1,0
p0616,pm304,A1,test,0,1,LegalBERT-NLI,1,0
p0616,pm304,A1,test,0,1,COLIEE-retrieval,1,0
p0616,pm304,A1,test,0,1,RAG-only,1,0
p0616,pm304,A1,test,0,1,ALERT-flat,1,0
p0616,pm304,A1,test,0,1,ALERT,1,0
p0617,pm305,A2,test,0,1,cosine,1,0
p0617,pm305,A2,test,0,1,LegalBERT-NLI,1,0
p0617,pm305,A2,test,0,1,COLIEE-retrieval,1,0
p0617,pm305,A2,test,0,1,RAG-only,1,0
p0617,pm305,A2,test,0,1,ALERT-flat,1,0
p0617,pm305,A2,test,0,1,ALERT,1,0
p0618,pm306,A3,test,0,1,cosine,1,0
p0618,pm306,A3,test,0,1,LegalBERT-NLI,1,0
p0618,pm306,A3,test,0,1,COLIEE-retrieval,1,0
p0618,pm306,A3,test,0,1,RAG-only,1,0
p0618,pm306,A3,test,0,1,ALERT-flat,1,0
p0618,pm306,A3,test,0,1,ALERT,1,0
p0619,pm307,A4,test,0,1,cosine,1,0
p0619,pm307,A4,test,0,1,LegalBERT-NLI,1,0
p0619,pm307,A4,test,0,1,COLIEE-retrieval,1,0
p0619,pm307,A4,test,0,1,RAG-only,1,0
p0619,pm307,A4,test,0,1,ALERT-flat,1,0
p0619,pm307,A4,test,0,1,ALERT,1,0
p0620,pm308,A0,train,0,1,cosine,1,0
p0620,pm308,A0,train,0,1,LegalBERT-NLI,1,0
p0620,pm308,A0,train,0,1,COLIEE-retrieval,1,0
p0620,pm308,A0,train,0,1,RAG-only,1,0
p0620,pm308,A0,train,0,1,ALERT-flat,0,0
p0620,pm308,A0,train,0,1,ALERT,0,0
p0621,pm309,A1,test,0,1,cosine,1,0
p0621,pm309,A1,test,0,1,LegalBERT-NLI,1,0
p0621,pm309,A1,test,0,1,COLIEE-retrieval,0,0
p0621,pm309,A1,test,0,1,RAG-only,1,0
p0621,pm309,A1,test,0,1,ALERT-flat,1,0
p0621,pm309,A1,test,0,1,ALERT,0,0
p0622,pm310,A2,test,0,1,cosine,1,0
p0622,pm310,A2,test,0,1,LegalBERT-NLI,1,0
p0622,pm310,A2,test,0,1,COLIEE-retrieval,0,0
p0622,pm310,A2,test,0,1,RAG-only,1,0
p0622,pm310,A2,test,0,1,ALERT-flat,1,0
p0622,pm310,A2,test,0,1,ALERT,1,0
p0623,pm311,A3,test,0,1,cosine,1,0
p0623,pm311,A3,test,0,1,LegalBERT-NLI,1,0
p0623,pm311,A3,test,0,1,COLIEE-retrieval,1,0
p0623,pm311,A3,test,0,1,RAG-only,1,0
p0623,pm311,A3,test,0,1,ALERT-flat,1,0
p0623,pm311,A3,test,0,1,ALERT,1,0
p0624,pm000,A4,test,1,0,cosine,0,0
p0624,pm000,A4,test,1,0,LegalBERT-NLI,0,0
p0624,pm000,A4,test,1,0,COLIEE-retrieval,0,0
p0624,pm000,A4,test,1,0,RAG-only,0,0
p0624,pm000,A4,test,1,0,ALERT-flat,0,0
p0624,pm000,A4,test,1,0,ALERT,0,0
p0625,pm001,A0,train,0,1,cosine,1,0
p0625,pm001,A0,train,0,1,LegalBERT-NLI,0,0
p0625,pm001,A0,train,0,1,COLIEE-retrieval,1,0
p0625,pm001,A0,train,0,1,RAG-only,1,0
p0625,pm001,A0,train,0,1,ALERT-flat,1,0
p0625,pm001,A0,train,0,1,ALERT,1,0
p0626,pm002,A1,test,0,0,cosine,0,0
p0626,pm002,A1,test,0,0,LegalBERT-NLI,0,0
p0626,pm002,A1,test,0,0,COLIEE-retrieval,0,0
p0626,pm002,A1,test,0,0,RAG-only,0,0
p0626,pm002,A1,test,0,0,ALERT-flat,0,0
p0626,pm002,A1,test,0,0,ALERT,0,0
p0627,pm003,A2,test,0,1,cosine,1,0
p0627,pm003,A2,test,0,1,LegalBERT-NLI,0,0
p0627,pm003,A2,test,0,1,COLIEE-retrieval,1,0
p0627,pm003,A2,test,0,1,RAG-only,1,0
p0627,pm003,A2,test,0,1,ALERT-flat,1,0
p0627,pm003,A2,test,0,1,ALERT,1,0
p0628,pm004,A3,test,0,0,cosine,1,0
p0628,pm004,A3,test,0,0,LegalBERT-NLI,1,0
p0628,pm004,A3,test,0,0,COLIEE-retrieval,0,0
p0628,pm004,A3,test,0,0,RAG-only,0,0
p0628,pm004,A3,test,0,0,ALERT-flat,1,0
p0628,pm004,A3,test,0,0,ALERT,0,0
p0629,pm005,A4,test,1,0,cosine,1,1
p0629,pm005,A4,test,1,0,LegalBERT-NLI,0,0
p0629,pm005,A4,test,1,0,COLIEE-retrieval,1,1
p0629,pm005,A4,test,1,0,RAG-only,0,0
p0629,pm005,A4,test,1,0,ALERT-flat,0,0
p0629,pm005,A4,test,1,0,ALERT,0,0
p0630,pm006,A0,train,1,0,cosine,0,0
p0630,pm006,A0,train,1,0,LegalBERT-NLI,0,0
p0630,pm006,A0,train,1,0,COLIEE-retrieval,1,1
p0630,pm006,A0,train,1,0,RAG-only,1,1
p0630,pm006,A0,train,1,0,ALERT-flat,1,1
p0630,pm006,A0,train,1,0,ALERT,0,0
p0631,pm007,A1,test,0,0,cosine,0,0
p0631,pm007,A1,test,0,0,LegalBERT-NLI,0,0
p0631,pm007,A1,test,0,0,COLIEE-retrieval,0,0
p0631,pm007,A1,test,0,0,RAG-only,0,0
p0631,pm007,A1,test,0,0,ALERT-flat,0,0
p0631,pm007,A1,test,0,0,ALERT,0,0
p0632,pm008,A2,test,0,1,cosine,1,0
p0632,pm008,A2,test,0,1,LegalBERT-NLI,0,0
p0632,pm008,A2,test,0,1,COLIEE-retrieval,1,0
p0632,pm008,A2,test,0,1,RAG-only,1,0
p0632,pm008,A2,test,0,1,ALERT-flat,1,0
p0632,pm008,A2,test,0,1,ALERT,0,0
p0633,pm009,A3,test,0,0,cosine,0,0
p0633,pm009,A3,test,0,0,LegalBERT-NLI,1,0
p0633,pm009,A3,test,0,0,COLIEE-retrieval,0,0
p0633,pm009,A3,test,0,0,RAG-only,0,0
p0633,pm009,A3,test,0,0,ALERT-flat,0,0
p0633,pm009,A3,test,0,0,ALERT,0,0
p0634,pm010,A4,test,0,0,cosine,1,0
p0634,pm010,A4,test,0,0,LegalBERT-NLI,1,0
p0634,pm010,A4,test,0,0,COLIEE-retrieval,1,0
p0634,pm010,A4,test,0,0,RAG-only,0,0
p0634,pm010,A4,test,0,0,ALERT-flat,1,0
p0634,pm010,A4,test,0,0,ALERT,0,0
p0635,pm011,A0,train,0,0,cosine,1,0
p0635,pm011,A0,train,0,0,LegalBERT-NLI,0,0
p0635,pm011,A0,train,0,0,COLIEE-retrieval,0,0
p0635,pm011,A0,train,0,0,RAG-only,0,0
p0635,pm011,A0,train,0,0,ALERT-flat,0,0
p0635,pm011,A0,train,0,0,ALERT,0,0
p0636,pm012,A1,test,0,0,cosine,1,0
p0636,pm012,A1,test,0,0,LegalBERT-NLI,0,0
p0636,pm012,A1,test,0,0,COLIEE-retrieval,0,0
p0636,pm012,A1,test,0,0,RAG-only,0,0
p0636,pm012,A1,test,0,0,ALERT-flat,0,0
p0636,pm012,A1,test,0,0,ALERT,0,0
p0637,pm013,A2,test,0,1,cosine,1,0
p0637,pm013,A2,test,0,1,LegalBERT-NLI,1,0
p0637,pm013,A2,test,0,1,COLIEE-retrieval,1,0
p0637,pm013,A2,test,0,1,RAG-only,0,0
p0637,pm013,A2,test,0,1,ALERT-flat,1,0
p0637,pm013,A2,test,0,1,ALERT,1,0
p0638,pm014,A3,test,0,0,cosine,0,0
p0638,pm014,A3,test,0,0,LegalBERT-NLI,0,0
p0638,pm014,A3,test,0,0,COLIEE-retrieval,0,0
p0638,pm014,A3,test,0,0,RAG-only,0,0
p0638,pm014,A3,test,0,0,ALERT-flat,1,0
p0638,pm014,A3,test,0,0,ALERT,0,0
p0639,pm015,A4,test,1,0,cosine,0,0
p0639,pm015,A4,test,1,0,LegalBERT-NLI,0,0
p0639,pm015,A4,test,1,0,COLIEE-retrieval,1,1
p0639,pm015,A4,test,1,0,RAG-only,0,0
p0639,pm015,A4,test,1,0,ALERT-flat,1,1
p0639,pm015,A4,test,1,0,ALERT,0,0
p0640,pm016,A0,train,0,0,cosine,0,0
p0640,pm016,A0,train,0,0,LegalBERT-NLI,0,0
p0640,pm016,A0,train,0,0,COLIEE-retrieval,0,0
p0640,pm016,A0,train,0,0,RAG-only,0,0
p0640,pm016,A0,train,0,0,ALERT-flat,0,0
p0640,pm016,A0,train,0,0,ALERT,0,0
p0641,pm017,A1,test,0,0,cosine,1,0
p0641,pm017,A1,test,0,0,LegalBERT-NLI,0,0
p0641,pm017,A1,test,0,0,COLIEE-retrieval,0,0
p0641,pm017,A1,test,0,0,RAG-only,0,0
p0641,pm017,A1,test,0,0,ALERT-flat,0,0
p0641,pm017,A1,test,0,0,ALERT,0,0
p0642,pm018,A2,test,1,0,cosine,0,0
p0642,pm018,A2,test,1,0,LegalBERT-NLI,0,0
p0642,pm018,A2,test,1,0,COLIEE-retrieval,0,0
p0642,pm018,A2,test,1,0,RAG-only,0,0
p0642,pm018,A2,test,1,0,ALERT-flat,1,1
p0642,pm018,A2,test,1,0,ALERT,0,0
p0643,pm019,A3,test,0,0,cosine,1,0
p0643,pm019,A3,test,0,0,LegalBERT-NLI,0,0
p0643,pm019,A3,test,0,0,COLIEE-retrieval,0,0
p0643,pm019,A3,test,0,0,RAG-only,0,0
p0643,pm019,A3,test,0,0,ALERT-flat,0,0
p0643,pm019,A3,test,0,0,ALERT,0,0
p0644,pm020,A4,test,0,0,cosine,0,0
p0644,pm020,A4,test,0,0,LegalBERT-NLI,0,0
p0644,pm020,A4,test,0,0,COLIEE-retrieval,0,0
p0644,pm020,A4,test,0,0,RAG-only,0,0
p0644,pm020,A4,test,0,0,ALERT-flat,1,0
p0644,pm020,A4,test,0,0,ALERT,0,0
p0645,pm021,A0,train,0,1,cosine,1,0
p0645,pm021,A0,train,0,1,LegalBERT-NLI,1,0
p0645,pm021,A0,train,0,1,COLIEE-retrieval,0,0
p0645,pm021,A0,train,0,1,RAG-only,1,0
p0645,pm021,A0,train,0,1,ALERT-flat,0,0
p0645,pm021,A0,train,0,1,ALERT,1,0
p0646,pm022,A1,test,0,1,cosine,0,0
p0646,pm022,A1,test,0,1,LegalBERT-NLI,1,0
p0646,pm022,A1,test,0,1,COLIEE-retrieval,1,0
p0646,pm022,A1,test,0,1,RAG-only,1,0
p0646,pm022,A1,test,0,1,ALERT-flat,1,0
p0646,pm022,A1,test,0,1,ALERT,1,0
p0647,pm023,A2,test,0,0,cosine,1,0
p0647,pm023,A2,test,0,0,LegalBERT-NLI,0,0
p0647,pm023,A2,test,0,0,COLIEE-retrieval,1,0
p0647,pm023,A2,test,0,0,RAG-only,0,0
p0647,pm023,A2,test,0,0,ALERT-flat,0,0
p0647,pm023,A2,test,0,0,ALERT,0,0
p0648,pm024,A3,test,0,0,cosine,0,0
p0648,pm024,A3,test,0,0,LegalBERT-NLI,1,0
p0648,pm024,A3,test,0,0,COLIEE-retrieval,0,0
p0648,pm024,A3,test,0,0,RAG-only,0,0
p0648,pm024,A3,test,0,0,ALERT-flat,0,0
p0648,pm024,A3,test,0,0,ALERT,0,0
p0649,pm025,A4,test,0,0,cosine,0,0
p0649,pm025,A4,test,0,0,LegalBERT-NLI,0,0
p0649,pm025,A4,test,0,0,COLIEE-retrieval,0,0
p0649,pm025,A4,test,0,0,RAG-only,0,0
p0649,pm025,A4,test,0,0,ALERT-flat,0,0
p0649,pm025,A4,test,0,0,ALERT,0,0
p0650,pm026,A0,train,0,0,cosine,0,0
p0650,pm026,A0,train,0,0,LegalBERT-NLI,0,0
p0650,pm026,A0,train,0,0,COLIEE-retrieval,0,0
p0650,pm026,A0,train,0,0,RAG-only,0,0
p0650,pm026,A0,train,0,0,ALERT-flat,0,0
p0650,pm026,A0,train,0,0,ALERT,0,0
p0651,pm027,A1,test,0,0,cosine,0,0
p0651,pm027,A1,test,0,0,LegalBERT-NLI,0,0
p0651,pm027,A1,test,0,0,COLIEE-retrieval,0,0
p0651,pm027,A1,test,0,0,RAG-only,0,0
p0651,pm027,A1,test,0,0,ALERT-flat,0,0
p0651,pm027,A1,test,0,0,ALERT,0,0
p0652,pm028,A2,test,0,1,cosine,0,0
p0652,pm028,A2,test,0,1,LegalBERT-NLI,0,0
p0652,pm028,A2,test,0,1,COLIEE-retrieval,0,0
p0652,pm028,A2,test,0,1,RAG-only,1,0
p0652,pm028,A2,test,0,1,ALERT-flat,1,0
p0652,pm028,A2,test,0,1,ALERT,1,0
p0653,pm029,A3,test,0,1,cosine,0,0
p0653,pm029,A3,test,0,1,LegalBERT-NLI,0,0
p0653,pm029,A3,test,0,1,COLIEE-retrieval,1,0
p0653,pm029,A3,test,0,1,RAG-only,1,0
p0653,pm029,A3,test,0,1,ALERT-flat,1,0
p0653,pm029,A3,test,0,1,ALERT,1,0
p0654,pm030,A4,test,0,0,cosine,0,0
p0654,pm030,A4,test,0,0,LegalBERT-NLI,0,0
p0654,pm030,A4,test,0,0,COLIEE-retrieval,1,0
p0654,pm030,A4,test,0,0,RAG-only,0,0
p0654,pm030,A4,test,0,0,ALERT-flat,0,0
p0654,pm030,A4,test,0,0,ALERT,0,0
p0655,pm031,A0,train,0,0,cosine,1,0
p0655,pm031,A0,train,0,0,LegalBERT-NLI,0,0
p0655,pm031,A0,train,0,0,COLIEE-retrieval,0,0
p0655,pm031,A0,train,0,0,RAG-only,0,0
p0655,pm031,A0,train,0,0,ALERT-flat,0,0
p0655,pm031,A0,train,0,0,ALERT,0,0
p0656,pm032,A1,test,0,0,cosine,0,0
p0656,pm032,A1,test,0,0,LegalBERT-NLI,0,0
p0656,pm032,A1,test,0,0,COLIEE-retrieval,0,0
p0656,pm032,A1,test,0,0,RAG-only,1,0
p0656,pm032,A1,test,0,0,ALERT-flat,0,0
p0656,pm032,A1,test,0,0,ALERT,0,0
p0657,pm033,A2,test,0,0,cosine,0,0
p0657,pm033,A2,test,0,0,LegalBERT-NLI,0,0
p0657,pm033,A2,test,0,0,COLIEE-retrieval,0,0
p0657,pm033,A2,test,0,0,RAG-only,0,0
p0657,pm033,A2,test,0,0,ALERT-flat,0,0
p0657,pm033,A2,test,0,0,ALERT,0,0
p0658,pm034,A3,test,0,1,cosine,1,0
p0658,pm034,A3,test,0,1,LegalBERT-NLI,1,0
p0658,pm034,A3,test,0,1,COLIEE-retrieval,1,0
p0658,pm034,A3,test,0,1,RAG-only,1,0
p0658,pm034,A3,test,0,1,ALERT-flat,0,0
p0658,pm034,A3,test,0,1,ALERT,1,0
p0659,pm035,A4,test,0,0,cosine,0,0
p0659,pm035,A4,test,0,0,LegalBERT-NLI,0,0
p0659,pm035,A4,test,0,0,COLIEE-retrieval,0,0
p0659,pm035,A4,test,0,0,RAG-only,0,0
p0659,pm035,A4,test,0,0,ALERT-flat,0,0
p0659,pm035,A4,test,0,0,ALERT,0,0
p0660,pm036,A0,train,0,0,cosine,0,0
p0660,pm036,A0,train,0,0,LegalBERT-NLI,0,0
p0660,pm036,A0,train,0,0,COLIEE-retrieval,0,0
p0660,pm036,A0,train,0,0,RAG-only,0,0
p0660,pm036,A0,train,0,0,ALERT-flat,0,0
p0660,pm036,A0,train,0,0,ALERT,0,0
p0661,pm037,A1,test,0,0,cosine,0,0
p0661,pm037,A1,test,0,0,LegalBERT-NLI,0,0
p0661,pm037,A1,test,0,0,COLIEE-retrieval,0,0
p0661,pm037,A1,test,0,0,RAG-only,0,0
p0661,pm037,A1,test,0,0,ALERT-flat,0,0
p0661,pm037,A1,test,0,0,ALERT,0,0
p0662,pm038,A2,test,0,1,cosine,0,0
p0662,pm038,A2,test,0,1,LegalBERT-NLI,0,0
p0662,pm038,A2,test,0,1,COLIEE-retrieval,1,0
p0662,pm038,A2,test,0,1,RAG-only,1,0
p0662,pm038,A2,test,0,1,ALERT-flat,1,0
p0662,pm038,A2,test,0,1,ALERT,1,0
p0663,pm039,A3,test,0,0,cosine,1,0
p0663,pm039,A3,test,0,0,LegalBERT-NLI,0,0
p0663,pm039,A3,test,0,0,COLIEE-retrieval,0,0
p0663,pm039,A3,test,0,0,RAG-only,0,0
p0663,pm039,A3,test,0,0,ALERT-flat,0,0
p0663,pm039,A3,test,0,0,ALERT,0,0
p0664,pm040,A4,test,0,1,cosine,1,0
p0664,pm040,A4,test,0,1,LegalBERT-NLI,1,0
p0664,pm040,A4,test,0,1,COLIEE-retrieval,1,0
p0664,pm040,A4,test,0,1,RAG-only,1,0
p0664,pm040,A4,test,0,1,ALERT-flat,0,0
p0664,pm040,A4,test,0,1,ALERT,1,0
p0665,pm041,A0,train,0,0,cosine,1,0
p0665,pm041,A0,train,0,0,LegalBERT-NLI,0,0
p0665,pm041,A0,train,0,0,COLIEE-retrieval,0,0
p0665,pm041,A0,train,0,0,RAG-only,0,0
p0665,pm041,A0,train,0,0,ALERT-flat,0,0
p0665,pm041,A0,train,0,0,ALERT,0,0
p0666,pm042,A1,test,0,0,cosine,0,0
p0666,pm042,A1,test,0,0,LegalBERT-NLI,1,0
p0666,pm042,A1,test,0,0,COLIEE-retrieval,1,0
p0666,pm042,A1,test,0,0,RAG-only,0,0
p0666,pm042,A1,test,0,0,ALERT-flat,0,0
p0666,pm042,A1,test,0,0,ALERT,0,0
p0667,pm043,A2,test,0,1,cosine,1,0
p0667,pm043,A2,test,0,1,LegalBERT-NLI,1,0
p0667,pm043,A2,test,0,1,COLIEE-retrieval,0,0
p0667,pm043,A2,test,0,1,RAG-only,1,0
p0667,pm043,A2,test,0,1,ALERT-flat,1,0
p0667,pm043,A2,test,0,1,ALERT,1,0
p0668,pm044,A3,test,1,0,cosine,0,0
p0668,pm044,A3,test,1,0,LegalBERT-NLI,1,1
p0668,pm044,A3,test,1,0,COLIEE-retrieval,0,0
p0668,pm044,A3,test,1,0,RAG-only,0,0
p0668,pm044,A3,test,1,0,ALERT-flat,0,0
p0668,pm044,A3,test,1,0,ALERT,0,0
p0669,pm045,A4,test,0,0,cosine,0,0
p0669,pm045,A4,test,0,0,LegalBERT-NLI,0,0
p0669,pm045,A4,test,0,0,COLIEE-retrieval,0,0
p0669,pm045,A4,test,0,0,RAG-only,1,0
p0669,pm045,A4,test,0,0,ALERT-flat,0,0
p0669,pm045,A4,test,0,0,ALERT,0,0
p0670,pm046,A0,train,0,1,cosine,1,0
p0670,pm046,A0,train,0,1,LegalBERT-NLI,1,0
p0670,pm046,A0,train,0,1,COLIEE-retrieval,1,0
p0670,pm046,A0,train,0,1,RAG-only,1,0
p0670,pm046,A0,train,0,1,ALERT-flat,1,0
p0670,pm046,A0,train,0,1,ALERT,1,0
p0671,pm047,A1,test,0,0,cosine,0,0
p0671,pm047,A1,test,0,0,LegalBERT-NLI,0,0
p0671,pm047,A1,test,0,0,COLIEE-retrieval,0,0
p0671,pm047,A1,test,0,0,RAG-only,0,0
p0671,pm047,A1,test,0,0,ALERT-flat,0,0
p0671,pm047,A1,test,0,0,ALERT,0,0
p0672,pm048,A2,test,0,0,cosine,0,0
p0672,pm048,A2,test,0,0,LegalBERT-NLI,1,0
p0672,pm048,A2,test,0,0,COLIEE-retrieval,0,0
p0672,pm048,A2,test,0,0,RAG-only,1,0
p0672,pm048,A2,test,0,0,ALERT-flat,0,0
p0672,pm048,A2,test,0,0,ALERT,0,0
p0673,pm049,A3,test,0,0,cosine,1,0
p0673,pm049,A3,test,0,0,LegalBERT-NLI,1,0
p0673,pm049,A3,test,0,0,COLIEE-retrieval,0,0
p0673,pm049,A3,test,0,0,RAG-only,0,0
p0673,pm049,A3,test,0,0,ALERT-flat,0,0
p0673,pm049,A3,test,0,0,ALERT,0,0
p0674,pm050,A4,test,0,1,cosine,0,0
p0674,pm050,A4,test,0,1,LegalBERT-NLI,1,0
p0674,pm050,A4,test,0,1,COLIEE-retrieval,1,0
p0674,pm050,A4,test,0,1,RAG-only,1,0
p0674,pm050,A4,test,0,1,ALERT-flat,1,0
p0674,pm050,A4,test,0,1,ALERT,1,0
p0675,pm051,A0,train,0,1,cosine,0,0
p0675,pm051,A0,train,0,1,LegalBERT-NLI,1,0
p0675,pm051,A0,train,0,1,COLIEE-retrieval,1,0
p0675,pm051,A0,train,0,1,RAG-only,0,0
p0675,pm051,A0,train,0,1,ALERT-flat,0,0
p0675,pm051,A0,train,0,1,ALERT,0,0
p0676,pm052,A1,test,0,0,cosine,1,0
p0676,pm052,A1,test,0,0,LegalBERT-NLI,0,0
p0676,pm052,A1,test,0,0,COLIEE-retrieval,1,0
p0676,pm052,A1,test,0,0,RAG-only,0,0
p0676,pm052,A1,test,0,0,ALERT-flat,0,0
p0676,pm052,A1,test,0,0,ALERT,0,0
p0677,pm053,A2,test,0,1,cosine,1,0
p0677,pm053,A2,test,0,1,LegalBERT-NLI,1,0
p0677,pm053,A2,test,0,1,COLIEE-retrieval,1,0
p0677,pm053,A2,test,0,1,RAG-only,1,0
p0677,pm053,A2,test,0,1,ALERT-flat,1,0
p0677,pm053,A2,test,0,1,ALERT,1,0
p0678,pm054,A3,test,1,0,cosine,1,1
p0678,pm054,A3,test,1,0,LegalBERT-NLI,0,0
p0678,pm054,A3,test,1,0,COLIEE-retrieval,0,0
p0678,pm054,A3,test,1,0,RAG-only,0,0
p0678,pm054,A3,test,1,0,ALERT-flat,0,0
p0678,pm054,A3,test,1,0,ALERT,0,0
p0679,pm055,A4,test,0,1,cosine,1,0
p0679,pm055,A4,test,0,1,LegalBERT-NLI,1,0
p0679,pm055,A4,test,0,1,COLIEE-retrieval,1,0
p0679,pm055,A4,test,0,1,RAG-only,1,0
p0679,pm055,A4,test,0,1,ALERT-flat,1,0
p0679,pm055,A4,test,0,1,ALERT,1,0
p0680,pm056,A0,train,1,0,cosine,0,0
p0680,pm056,A0,train,1,0,LegalBERT-NLI,0,0
p0680,pm056,A0,train,1,0,COLIEE-retrieval,0,0
p0680,pm056,A0,train,1,0,RAG-only,0,0
p0680,pm056,A0,train,1,0,ALERT-flat,0,0
p0680,pm056,A0,train,1,0,ALERT,0,0
p0681,pm057,A1,test,0,1,cosine,0,0
p0681,pm057,A1,test,0,1,LegalBERT-NLI,1,0
p0681,pm057,A1,test,0,1,COLIEE-retrieval,0,0
p0681,pm057,A1,test,0,1,RAG-only,0,0
p0681,pm057,A1,test,0,1,ALERT-flat,1,0
p0681,pm057,A1,test,0,1,ALERT,1,0
p0682,pm058,A2,test,0,1,cosine,1,0
p0682,pm058,A2,test,0,1,LegalBERT-NLI,1,0
p0682,pm058,A2,test,0,1,COLIEE-retrieval,1,0
p0682,pm058,A2,test,0,1,RAG-only,1,0
p0682,pm058,A2,test,0,1,ALERT-flat,1,0
p0682,pm058,A2,test,0,1,ALERT,1,0
p0683,pm059,A3,test,0,0,cosine,0,0
p0683,pm059,A3,test,0,0,LegalBERT-NLI,0,0
p0683,pm059,A3,test,0,0,COLIEE-retrieval,0,0
p0683,pm059,A3,test,0,0,RAG-only,0,0
p0683,pm059,A3,test,0,0,ALERT-flat,0,0
p0683,pm059,A3,test,0,0,ALERT,0,0
p0684,pm060,A4,test,0,0,cosine,0,0
p0684,pm060,A4,test,0,0,LegalBERT-NLI,1,0
p0684,pm060,A4,test,0,0,COLIEE-retrieval,0,0
p0684,pm060,A4,test,0,0,RAG-only,0,0
p0684,pm060,A4,test,0,0,ALERT-flat,0,0
p0684,pm060,A4,test,0,0,ALERT,0,0
p0685,pm061,A0,train,1,0,cosine,1,1
p0685,pm061,A0,train,1,0,LegalBERT-NLI,1,1
p0685,pm061,A0,train,1,0,COLIEE-retrieval,1,1
p0685,pm061,A0,train,1,0,RAG-only,0,0
p0685,pm061,A0,train,1,0,ALERT-flat,1,1
p0685,pm061,A0,train,1,0,ALERT,0,0
p0686,pm062,A1,test,1,0,cosine,0,0
p0686,pm062,A1,test,1,0,LegalBERT-NLI,0,0
p0686,pm062,A1,test,1,0,COLIEE-retrieval,1,1
p0686,pm062,A1,test,1,0,RAG-only,0,0
p0686,pm062,A1,test,1,0,ALERT-flat,0,0
p0686,pm062,A1,test,1,0,ALERT,0,0
p0687,pm063,A2,test,0,1,cosine,1,0
p0687,pm063,A2,test,0,1,LegalBERT-NLI,1,0
p0687,pm063,A2,test,0,1,COLIEE-retrieval,1,0
p0687,pm063,A2,test,0,1,RAG-only,1,0
p0687,pm063,A2,test,0,1,ALERT-flat,1,0
p0687,pm063,A2,test,0,1,ALERT,1,0
p0688,pm064,A3,test,0,1,cosine,1,0
p0688,pm064,A3,test,0,1,LegalBERT-NLI,1,0
p0688,pm064,A3,test,0,1,COLIEE-retrieval,0,0
p0688,pm064,A3,test,0,1,RAG-only,0,0
p0688,pm064,A3,test,0,1,ALERT-flat,1,0
p0688,pm064,A3,test,0,1,ALERT,1,0
p0689,pm065,A4,test,0,1,cosine,1,0
p0689,pm065,A4,test,0,1,LegalBERT-NLI,0,0
p0689,pm065,A4,test,0,1,COLIEE-retrieval,1,0
p0689,pm065,A4,test,0,1,RAG-only,1,0
p0689,pm065,A4,test,0,1,ALERT-flat,1,0
p0689,pm065,A4,test,0,1,ALERT,1,0
p0690,pm066,A0,train,0,0,cosine,0,0
p0690,pm066,A0,train,0,0,LegalBERT-NLI,0,0
p0690,pm066,A0,train,0,0,COLIEE-retrieval,0,0
p0690,pm066,A0,train,0,0,RAG-only,0,0
p0690,pm066,A0,train,0,0,ALERT-flat,1,0
p0690,pm066,A0,train,0,0,ALERT,0,0
p0691,pm067,A1,test,0,0,cosine,0,0
p0691,pm067,A1,test,0,0,LegalBERT-NLI,0,0
p0691,pm067,A1,test,0,0,COLIEE-retrieval,0,0
p0691,pm067,A1,test,0,0,RAG-only,1,0
p0691,pm067,A1,test,0,0,ALERT-flat,0,0
p0691,pm067,A1,test,0,0,ALERT,0,0
p0692,pm068,A2,test,1,0,cosine,0,0
p0692,pm068,A2,test,1,0,LegalBERT-NLI,0,0
p0692,pm068,A2,test,1,0,COLIEE-retrieval,0,0
p0692,pm068,A2,test,1,0,RAG-only,0,0
p0692,pm068,A2,test,1,0,ALERT-flat,0,0
p0692,pm068,A2,test,1,0,ALERT,1,1
p0693,pm069,A3,test,1,0,cosine,0,0
p0693,pm069,A3,test,1,0,LegalBERT-NLI,0,0
p0693,pm069,A3,test,1,0,COLIEE-retrieval,1,1
p0693,pm069,A3,test,1,0,RAG-only,0,0
p0693,pm069,A3,test,1,0,ALERT-flat,1,1
p0693,pm069,A3,test,1,0,ALERT,0,0
p0694,pm070,A4,test,1,0,cosine,0,0
p0694,pm070,A4,test,1,0,LegalBERT-NLI,0,0
p0694,pm070,A4,test,1,0,COLIEE-retrieval,0,0
p0694,pm070,A4,test,1,0,RAG-only,0,0
p0694,pm070,A4,test,1,0,ALERT-flat,0,0
p0694,pm070,A4,test,1,0,ALERT,0,0
p0695,pm071,A0,train,1,0,cosine,1,1
p0695,pm071,A0,train,1,0,LegalBERT-NLI,0,0
p0695,pm071,A0,train,1,0,COLIEE-retrieval,0,0
p0695,pm071,A0,train,1,0,RAG-only,0,0
p0695,pm071,A0,train,1,0,ALERT-flat,1,1
p0695,pm071,A0,train,1,0,ALERT,0,0
p0696,pm072,A1,test,0,0,cosine,0,0
p0696,pm072,A1,test,0,0,LegalBERT-NLI,0,0
p0696,pm072,A1,test,0,0,COLIEE-retrieval,1,0
p0696,pm072,A1,test,0,0,RAG-only,0,0
p0696,pm072,A1,test,0,0,ALERT-flat,0,0
p0696,pm072,A1,test,0,0,ALERT,0,0
p0697,pm073,A2,test,0,1,cosine,1,0
p0697,pm073,A2,test,0,1,LegalBERT-NLI,1,0
p0697,pm073,A2,test,0,1,COLIEE-retrieval,1,0
p0697,pm073,A2,test,0,1,RAG-only,0,0
p0697,pm073,A2,test,0,1,ALERT-flat,1,0
p0697,pm073,A2,test,0,1,ALERT,1,0
p0698,pm074,A3,test,1,0,cosine,0,0
p0698,pm074,A3,test,1,0,LegalBERT-NLI,0,0
p0698,pm074,A3,test,1,0,COLIEE-retrieval,0,0
p0698,pm074,A3,test,1,0,RAG-only,0,0
p0698,pm074,A3,test,1,0,ALERT-flat,0,0
p0698,pm074,A3,test,1,0,ALERT,0,0
p0699,pm075,A4,test,0,0,cosine,1,0
p0699,pm075,A4,test,0,0,LegalBERT-NLI,1,0
p0699,pm075,A4,test,0,0,COLIEE-retrieval,0,0
p0699,pm075,A4,test,0,0,RAG-only,0,0
p0699,pm075,A4,test,0,0,ALERT-flat,0,0
p0699,pm075,A4,test,0,0,ALERT,0,0
p0700,pm076,A0,train,0,1,cosine,1,0
p0700,pm076,A0,train,0,1,LegalBERT-NLI,1,0
p0700,pm076,A0,train,0,1,COLIEE-retrieval,1,0
p0700,pm076,A0,train,0,1,RAG-only,1,0
p0700,pm076,A0,train,0,1,ALERT-flat,1,0
p0700,pm076,A0,train,0,1,ALERT,1,0
p0701,pm077,A1,test,0,0,cosine,0,0
p0701,pm077,A1,test,0,0,LegalBERT-NLI,1,0
p0701,pm077,A1,test,0,0,COLIEE-retrieval,0,0
p0701,pm077,A1,test,0,0,RAG-only,0,0
p0701,pm077,A1,test,0,0,ALERT-flat,0,0
p0701,pm077,A1,test,0,0,ALERT,0,0
p0702,pm078,A2,test,0,0,cosine,0,0
p0702,pm078,A2,test,0,0,LegalBERT-NLI,0,0
p0702,pm078,A2,test,0,0,COLIEE-retrieval,0,0
p0702,pm078,A2,test,0,0,RAG-only,0,0
p0702,pm078,A2,test,0,0,ALERT-flat,1,0
p0702,pm078,A2,test,0,0,ALERT,1,0
p0703,pm079,A3,test,0,0,cosine,0,0
p0703,pm079,A3,test,0,0,LegalBERT-NLI,1,0
p0703,pm079,A3,test,0,0,COLIEE-retrieval,1,0
p0703,pm079,A3,test,0,0,RAG-only,0,0
p0703,pm079,A3,test,0,0,ALERT-flat,0,0
p0703,pm079,A3,test,0,0,ALERT,0,0
p0704,pm080,A4,test,0,0,cosine,0,0
p0704,pm080,A4,test,0,0,LegalBERT-NLI,0,0
p0704,pm080,A4,test,0,0,COLIEE-retrieval,0,0
p0704,pm080,A4,test,0,0,RAG-only,0,0
p0704,pm080,A4,test,0,0,ALERT-flat,0,0
p0704,pm080,A4,test,0,0,ALERT,0,0
p0705,pm081,A0,train,0,0,cosine,0,0
p0705,pm081,A0,train,0,0,LegalBERT-NLI,0,0
p0705,pm081,A0,train,0,0,COLIEE-retrieval,0,0
p0705,pm081,A0,train,0,0,RAG-only,0,0
p0705,pm081,A0,train,0,0,ALERT-flat,1,0
p0705,pm081,A0,train,0,0,ALERT,0,0
p0706,pm082,A1,test,0,1,cosine,1,0
p0706,pm082,A1,test,0,1,LegalBERT-NLI,1,0
p0706,pm082,A1,test,0,1,COLIEE-retrieval,1,0
p0706,pm082,A1,test,0,1,RAG-only,1,0
p0706,pm082,A1,test,0,1,ALERT-flat,1,0
p0706,pm082,A1,test,0,1,ALERT,1,0
p0707,pm083,A2,test,0,0,cosine,1,0
p0707,pm083,A2,test,0,0,LegalBERT-NLI,0,0
p0707,pm083,A2,test,0,0,COLIEE-retrieval,0,0
p0707,pm083,A2,test,0,0,RAG-only,0,0
p0707,pm083,A2,test,0,0,ALERT-flat,0,0
p0707,pm083,A2,test,0,0,ALERT,0,0
p0708,pm084,A3,test,1,0,cosine,0,0
p0708,pm084,A3,test,1,0,LegalBERT-NLI,0,0
p0708,pm084,A3,test,1,0,COLIEE-retrieval,1,1
p0708,pm084,A3,test,1,0,RAG-only,0,0
p0708,pm084,A3,test,1,0,ALERT-flat,0,0
p0708,pm084,A3,test,1,0,ALERT,0,0
p0709,pm085,A4,test,0,1,cosine,1,0
p0709,pm085,A4,test,0,1,LegalBERT-NLI,1,0
p0709,pm085,A4,test,0,1,COLIEE-retrieval,1,0
p0709,pm085,A4,test,0,1,RAG-only,0,0
p0709,pm085,A4,test,0,1,ALERT-flat,1,0
p0709,pm085,A4,test,0,1,ALERT,1,0
p0710,pm086,A0,train,1,0,cosine,1,1
p0710,pm086,A0,train,1,0,LegalBERT-NLI,0,0
p0710,pm086,A0,train,1,0,COLIEE-retrieval,0,0
p0710,pm086,A0,train,1,0,RAG-only,0,0
p0710,pm086,A0,train,1,0,ALERT-flat,0,0
p0710,pm086,A0,train,1,0,ALERT,0,0
p0711,pm087,A1,test,0,0,cosine,1,0
p0711,pm087,A1,test,0,0,LegalBERT-NLI,0,0
p0711,pm087,A1,test,0,0,COLIEE-retrieval,0,0
p0711,pm087,A1,test,0,0,RAG-only,0,0
p0711,pm087,A1,test,0,0,ALERT-flat,0,0
p0711,pm087,A1,test,0,0,ALERT,1,0
p0712,pm088,A2,test,0,1,cosine,1,0
p0712,pm088,A2,test,0,1,LegalBERT-NLI,1,0
p0712,pm088,A2,test,0,1,COLIEE-retrieval,1,0
p0712,pm088,A2,test,0,1,RAG-only,1,0
p0712,pm088,A2,test,0,1,ALERT-flat,1,0
p0712,pm088,A2,test,0,1,ALERT,1,0
p0713,pm089,A3,test,0,1,cosine,0,0
p0713,pm089,A3,test,0,1,LegalBERT-NLI,1,0
p0713,pm089,A3,test,0,1,COLIEE-retrieval,1,0
p0713,pm089,A3,test,0,1,RAG-only,0,0
p0713,pm089,A3,test,0,1,ALERT-flat,1,0
p0713,pm089,A3,test,0,1,ALERT,1,0
p0714,pm090,A4,test,0,0,cosine,1,0
p0714,pm090,A4,test,0,0,LegalBERT-NLI,1,0
p0714,pm090,A4,test,0,0,COLIEE-retrieval,0,0
p0714,pm090,A4,test,0,0,RAG-only,0,0
p0714,pm090,A4,test,0,0,ALERT-flat,0,0
p0714,pm090,A4,test,0,0,ALERT,0,0
p0715,pm091,A0,train,0,0,cosine,0,0
p0715,pm091,A0,train,0,0,LegalBERT-NLI,0,0
p0715,pm091,A0,train,0,0,COLIEE-retrieval,0,0
p0715,pm091,A0,train,0,0,RAG-only,0,0
p0715,pm091,A0,train,0,0,ALERT-flat,0,0
p0715,pm091,A0,train,0,0,ALERT,0,0
p0716,pm092,A1,test,0,1,cosine,1,0
p0716,pm092,A1,test,0,1,LegalBERT-NLI,1,0
p0716,pm092,A1,test,0,1,COLIEE-retrieval,1,0
p0716,pm092,A1,test,0,1,RAG-only,1,0
p0716,pm092,A1,test,0,1,ALERT-flat,0,0
p0716,pm092,A1,test,0,1,ALERT,1,0
p0717,pm093,A2,test,0,1,cosine,1,0
p0717,pm093,A2,test,0,1,LegalBERT-NLI,0,0
p0717,pm093,A2,test,0,1,COLIEE-retrieval,1,0
p0717,pm093,A2,test,0,1,RAG-only,1,0
p0717,pm093,A2,test,0,1,ALERT-flat,1,0
p0717,pm093,A2,test,0,1,ALERT,1,0
p0718,pm094,A3,test,0,1,cosine,1,0
p0718,pm094,A3,test,0,1,LegalBERT-NLI,1,0
p0718,pm094,A3,test,0,1,COLIEE-retrieval,1,0
p0718,pm094,A3,test,0,1,RAG-only,1,0
p0718,pm094,A3,test,0,1,ALERT-flat,0,0
p0718,pm094,A3,test,0,1,ALERT,1,0
p0719,pm095,A4,test,0,1,cosine,0,0
p0719,pm095,A4,test,0,1,LegalBERT-NLI,1,0
p0719,pm095,A4,test,0,1,COLIEE-retrieval,0,0
p0719,pm095,A4,test,0,1,RAG-only,1,0
p0719,pm095,A4,test,0,1,ALERT-flat,1,0
p0719,pm095,A4,test,0,1,ALERT,1,0
p0720,pm096,A0,train,0,0,cosine,0,0
p0720,pm096,A0,train,0,0,LegalBERT-NLI,0,0
p0720,pm096,A0,train,0,0,COLIEE-retrieval,0,0
p0720,pm096,A0,train,0,0,RAG-only,0,0
p0720,pm096,A0,train,0,0,ALERT-flat,0,0
p0720,pm096,A0,train,0,0,ALERT,1,0
p0721,pm097,A1,test,1,0,cosine,0,0
p0721,pm097,A1,test,1,0,LegalBERT-NLI,0,0
p0721,pm097,A1,test,1,0,COLIEE-retrieval,0,0
p0721,pm097,A1,test,1,0,RAG-only,0,0
p0721,pm097,A1,test,1,0,ALERT-flat,0,0
p0721,pm097,A1,test,1,0,ALERT,0,0
p0722,pm098,A2,test,0,1,cosine,1,0
p0722,pm098,A2,test,0,1,LegalBERT-NLI,0,0
p0722,pm098,A2,test,0,1,COLIEE-retrieval,1,0
p0722,pm098,A2,test,0,1,RAG-only,1,0
p0722,pm098,A2,test,0,1,ALERT-flat,0,0
p0722,pm098,A2,test,0,1,ALERT,1,0
p0723,pm099,A3,test,0,0,cosine,1,0
p0723,pm099,A3,test,0,0,LegalBERT-NLI,0,0
p0723,pm099,A3,test,0,0,COLIEE-retrieval,0,0
p0723,pm099,A3,test,0,0,RAG-only,1,0
p0723,pm099,A3,test,0,0,ALERT-flat,0,0
p0723,pm099,A3,test,0,0,ALERT,0,0
p0724,pm100,A4,test,0,1,cosine,1,0
p0724,pm100,A4,test,0,1,LegalBERT-NLI,0,0
p0724,pm100,A4,test,0,1,COLIEE-retrieval,1,0
p0724,pm100,A4,test,0,1,RAG-only,1,0
p0724,pm100,A4,test,0,1,ALERT-flat,1,0
p0724,pm100,A4,test,0,1,ALERT,1,0
p0725,pm101,A0,train,0,0,cosine,0,0
p0725,pm101,A0,train,0,0,LegalBERT-NLI,0,0
p0725,pm101,A0,train,0,0,COLIEE-retrieval,1,0
p0725,pm101,A0,train,0,0,RAG-only,0,0
p0725,pm101,A0,train,0,0,ALERT-flat,0,0
p0725,pm101,A0,train,0,0,ALERT,1,0
p0726,pm102,A1,test,0,0,cosine,1,0
p0726,pm102,A1,test,0,0,LegalBERT-NLI,1,0
p0726,pm102,A1,test,0,0,COLIEE-retrieval,0,0
p0726,pm102,A1,test,0,0,RAG-only,0,0
p0726,pm102,A1,test,0,0,ALERT-flat,0,0
p0726,pm102,A1,test,0,0,ALERT,0,0
p0727,pm103,A2,test,0,0,cosine,0,0
p0727,pm103,A2,test,0,0,LegalBERT-NLI,1,0
p0727,pm103,A2,test,0,0,COLIEE-retrieval,1,0
p0727,pm103,A2,test,0,0,RAG-only,1,0
p0727,pm103,A2,test,0,0,ALERT-flat,0,0
p0727,pm103,A2,test,0,0,ALERT,0,0
p0728,pm104,A3,test,1,0,cosine,0,0
p0728,pm104,A3,test,1,0,LegalBERT-NLI,1,1
p0728,pm104,A3,test,1,0,COLIEE-retrieval,0,0
p0728,pm104,A3,test,1,0,RAG-only,1,1
p0728,pm104,A3,test,1,0,ALERT-flat,0,0
p0728,pm104,A3,test,1,0,ALERT,0,0
p0729,pm105,A4,test,1,0,cosine,0,0
p0729,pm105,A4,test,1,0,LegalBERT-NLI,0,0
p0729,pm105,A4,test,1,0,COLIEE-retrieval,0,0
p0729,pm105,A4,test,1,0,RAG-only,0,0
p0729,pm105,A4,test,1,0,ALERT-flat,0,0
p0729,pm105,A4,test,1,0,ALERT,0,0
p0730,pm106,A0,train,0,0,cosine,0,0
p0730,pm106,A0,train,0,0,LegalBERT-NLI,1,0
p0730,pm106,A0,train,0,0,COLIEE-retrieval,0,0
p0730,pm106,A0,train,0,0,RAG-only,0,0
p0730,pm106,A0,train,0,0,ALERT-flat,0,0
p0730,pm106,A0,train,0,0,ALERT,0,0
p0731,pm107,A1,test,0,0,cosine,0,0
p0731,pm107,A1,test,0,0,LegalBERT-NLI,0,0
p0731,pm107,A1,test,0,0,COLIEE-retrieval,0,0
p0731,pm107,A1,test,0,0,RAG-only,0,0
p0731,pm107,A1,test,0,0,ALERT-flat,0,0
p0731,pm107,A1,test,0,0,ALERT,0,0
p0732,pm108,A2,test,0,0,cosine,0,0
p0732,pm108,A2,test,0,0,LegalBERT-NLI,0,0
p0732,pm108,A2,test,0,0,COLIEE-retrieval,0,0
p0732,pm108,A2,test,0,0,RAG-only,0,0
p0732,pm108,A2,test,0,0,ALERT-flat,0,0
p0732,pm108,A2,test,0,0,ALERT,1,0
p0733,pm109,A3,test,0,0,cosine,0,0
p0733,pm109,A3,test,0,0,LegalBERT-NLI,0,0
p0733,pm109,A3,test,0,0,COLIEE-retrieval,1,0
p0733,pm109,A3,test,0,0,RAG-only,0,0
p0733,pm109,A3,test,0,0,ALERT-flat,0,0
p0733,pm109,A3,test,0,0,ALERT,0,0
p0734,pm110,A4,test,0,1,cosine,0,0
p0734,pm110,A4,test,0,1,LegalBERT-NLI,1,0
p0734,pm110,A4,test,0,1,COLIEE-retrieval,1,0
p0734,pm110,A4,test,0,1,RAG-only,1,0
p0734,pm110,A4,test,0,1,ALERT-flat,0,0
p0734,pm110,A4,test,0,1,ALERT,1,0
p0735,pm111,A0,train,0,0,cosine,0,0
p0735,pm111,A0,train,0,0,LegalBERT-NLI,0,0
p0735,pm111,A0,train,0,0,COLIEE-retrieval,0,0
p0735,pm111,A0,train,0,0,RAG-only,0,0
p0735,pm111,A0,train,0,0,ALERT-flat,0,0
p0735,pm111,A0,train,0,0,ALERT,0,0
p0736,pm112,A1,test,0,0,cosine,1,0
p0736,pm112,A1,test,0,0,LegalBERT-NLI,0,0
p0736,pm112,A1,test,0,0,COLIEE-retrieval,0,0
p0736,pm112,A1,test,0,0,RAG-only,0,0
p0736,pm112,A1,test,0,0,ALERT-flat,0,0
p0736,pm112,A1,test,0,0,ALERT,0,0
p0737,pm113,A2,test,0,0,cosine,1,0
p0737,pm113,A2,test,0,0,LegalBERT-NLI,1,0
p0737,pm113,A2,test,0,0,COLIEE-retrieval,0,0
p0737,pm113,A2,test,0,0,RAG-only,0,0
p0737,pm113,A2,test,0,0,ALERT-flat,1,0
p0737,pm113,A2,test,0,0,ALERT,0,0
p0738,pm114,A3,test,0,1,cosine,1,0
p0738,pm114,A3,test,0,1,LegalBERT-NLI,1,0
p0738,pm114,A3,test,0,1,COLIEE-retrieval,0,0
p0738,pm114,A3,test,0,1,RAG-only,1,0
p0738,pm114,A3,test,0,1,ALERT-flat,1,0
p0738,pm114,A3,test,0,1,ALERT,1,0
p0739,pm115,A4,test,0,1,cosine,1,0
p0739,pm115,A4,test,0,1,LegalBERT-NLI,0,0
p0739,pm115,A4,test,0,1,COLIEE-retrieval,1,0
p0739,pm115,A4,test,0,1,RAG-only,1,0
p0739,pm115,A4,test,0,1,ALERT-flat,0,0
p0739,pm115,A4,test,0,1,ALERT,1,0
p0740,pm116,A0,train,0,0,cosine,0,0
p0740,pm116,A0,train,0,0,LegalBERT-NLI,1,0
p0740,pm116,A0,train,0,0,COLIEE-retrieval,0,0
p0740,pm116,A0,train,0,0,RAG-only,0,0
p0740,pm116,A0,train,0,0,ALERT-flat,0,0
p0740,pm116,A0,train,0,0,ALERT,0,0
p0741,pm117,A1,test,0,0,cosine,0,0
p0741,pm117,A1,test,0,0,LegalBERT-NLI,0,0
p0741,pm117,A1,test,0,0,COLIEE-retrieval,0,0
p0741,pm117,A1,test,0,0,RAG-only,0,0
p0741,pm117,A1,test,0,0,ALERT-flat,1,0
p0741,pm117,A1,test,0,0,ALERT,0,0
p0742,pm118,A2,test,0,1,cosine,1,0
p0742,pm118,A2,test,0,1,LegalBERT-NLI,1,0
p0742,pm118,A2,test,0,1,COLIEE-retrieval,1,0
p0742,pm118,A2,test,0,1,RAG-only,1,0
p0742,pm118,A2,test,0,1,ALERT-flat,1,0
p0742,pm118,A2,test,0,1,ALERT,1,0
p0743,pm119,A3,test,0,1,cosine,1,0
p0743,pm119,A3,test,0,1,LegalBERT-NLI,1,0
p0743,pm119,A3,test,0,1,COLIEE-retrieval,0,0
p0743,pm119,A3,test,0,1,RAG-only,1,0
p0743,pm119,A3,test,0,1,ALERT-flat,1,0
p0743,pm119,A3,test,0,1,ALERT,1,0
p0744,pm120,A4,test,1,0,cosine,0,0
p0744,pm120,A4,test,1,0,LegalBERT-NLI,0,0
p0744,pm120,A4,test,1,0,COLIEE-retrieval,0,0
p0744,pm120,A4,test,1,0,RAG-only,0,0
p0744,pm120,A4,test,1,0,ALERT-flat,0,0
p0744,pm120,A4,test,1,0,ALERT,0,0
p0745,pm121,A0,train,0,0,cosine,1,0
p0745,pm121,A0,train,0,0,LegalBERT-NLI,0,0
p0745,pm121,A0,train,0,0,COLIEE-retrieval,0,0
p0745,pm121,A0,train,0,0,RAG-only,0,0
p0745,pm121,A0,train,0,0,ALERT-flat,1,0
p0745,pm121,A0,train,0,0,ALERT,0,0
p0746,pm122,A1,test,0,1,cosine,1,0
p0746,pm122,A1,test,0,1,LegalBERT-NLI,1,0
p0746,pm122,A1,test,0,1,COLIEE-retrieval,1,0
p0746,pm122,A1,test,0,1,RAG-only,1,0
p0746,pm122,A1,test,0,1,ALERT-flat,1,0
p0746,pm122,A1,test,0,1,ALERT,1,0
p0747,pm123,A2,test,0,0,cosine,1,0
p0747,pm123,A2,test,0,0,LegalBERT-NLI,0,0
p0747,pm123,A2,test,0,0,COLIEE-retrieval,0,0
p0747,pm123,A2,test,0,0,RAG-only,1,0
p0747,pm123,A2,test,0,0,ALERT-flat,1,0
p0747,pm123,A2,test,0,0,ALERT,0,0
p0748,pm124,A3,test,0,1,cosine,0,0
p0748,pm124,A3,test,0,1,LegalBERT-NLI,1,0
p0748,pm124,A3,test,0,1,COLIEE-retrieval,1,0
p0748,pm124,A3,test,0,1,RAG-only,1,0
p0748,pm124,A3,test,0,1,ALERT-flat,1,0
p0748,pm124,A3,test,0,1,ALERT,0,0
p0749,pm125,A4,test,0,0,cosine,0,0
p0749,pm125,A4,test,0,0,LegalBERT-NLI,0,0
p0749,pm125,A4,test,0,0,COLIEE-retrieval,0,0
p0749,pm125,A4,test,0,0,RAG-only,1,0
p0749,pm125,A4,test,0,0,ALERT-flat,0,0
p0749,pm125,A4,test,0,0,ALERT,0,0
p0750,pm126,A0,train,0,1,cosine,0,0
p0750,pm126,A0,train,0,1,LegalBERT-NLI,0,0
p0750,pm126,A0,train,0,1,COLIEE-retrieval,1,0
p0750,pm126,A0,train,0,1,RAG-only,1,0
p0750,pm126,A0,train,0,1,ALERT-flat,1,0
p0750,pm126,A0,train,0,1,ALERT,1,0
p0751,pm127,A1,test,0,0,cosine,0,0
p0751,pm127,A1,test,0,0,LegalBERT-NLI,0,0
p0751,pm127,A1,test,0,0,COLIEE-retrieval,0,0
p0751,pm127,A1,test,0,0,RAG-only,0,0
p0751,pm127,A1,test,0,0,ALERT-flat,0,0
p0751,pm127,A1,test,0,0,ALERT,0,0
p0752,pm128,A2,test,0,1,cosine,1,0
p0752,pm128,A2,test,0,1,LegalBERT-NLI,1,0
p0752,pm128,A2,test,0,1,COLIEE-retrieval,0,0
p0752,pm128,A2,test,0,1,RAG-only,1,0
p0752,pm128,A2,test,0,1,ALERT-flat,1,0
p0752,pm128,A2,test,0,1,ALERT,1,0
p0753,pm129,A3,test,0,1,cosine,0,0
p0753,pm129,A3,test,0,1,LegalBERT-NLI,1,0
p0753,pm129,A3,test,0,1,COLIEE-retrieval,1,0
p0753,pm129,A3,test,0,1,RAG-only,1,0
p0753,pm129,A3,test,0,1,ALERT-flat,0,0
p0753,pm129,A3,test,0,1,ALERT,1,0
p0754,pm130,A4,test,0,0,cosine,0,0
p0754,pm130,A4,test,0,0,LegalBERT-NLI,0,0
p0754,pm130,A4,test,0,0,COLIEE-retrieval,0,0
p0754,pm130,A4,test,0,0,RAG-only,0,0
p0754,pm130,A4,test,0,0,ALERT-flat,1,0
p0754,pm130,A4,test,0,0,ALERT,0,0
p0755,pm131,A0,train,0,0,cosine,0,0
p0755,pm131,A0,train,0,0,LegalBERT-NLI,0,0
p0755,pm131,A0,train,0,0,COLIEE-retrieval,0,0
p0755,pm131,A0,train,0,0,RAG-only,0,0
p0755,pm131,A0,train,0,0,ALERT-flat,0,0
p0755,pm131,A0,train,0,0,ALERT,0,0
p0756,pm132,A1,test,0,0,cosine,0,0
p0756,pm132,A1,test,0,0,LegalBERT-NLI,1,0
p0756,pm132,A1,test,0,0,COLIEE-retrieval,0,0
p0756,pm132,A1,test,0,0,RAG-only,0,0
p0756,pm132,A1,test,0,0,ALERT-flat,0,0
p0756,pm132,A1,test,0,0,ALERT,0,0
p0757,pm133,A2,test,0,0,cosine,1,0
p0757,pm133,A2,test,0,0,LegalBERT-NLI,0,0
p0757,pm133,A2,test,0,0,COLIEE-retrieval,0,0
p0757,pm133,A2,test,0,0,RAG-only,0,0
p0757,pm133,A2,test,0,0,ALERT-flat,0,0
p0757,pm133,A2,test,0,0,ALERT,0,0
p0758,pm134,A3,test,0,0,cosine,1,0
p0758,pm134,A3,test,0,0,LegalBERT-NLI,1,0
p0758,pm134,A3,test,0,0,COLIEE-retrieval,0,0
p0758,pm134,A3,test,0,0,RAG-only,0,0
p0758,pm134,A3,test,0,0,ALERT-flat,1,0
p0758,pm134,A3,test,0,0,ALERT,0,0
p0759,pm135,A4,test,0,1,cosine,1,0
p0759,pm135,A4,test,0,1,LegalBERT-NLI,0,0
p0759,pm135,A4,test,0,1,COLIEE-retrieval,1,0
p0759,pm135,A4,test,0,1,RAG-only,0,0
p0759,pm135,A4,test,0,1,ALERT-flat,1,0
p0759,pm135,A4,test,0,1,ALERT,1,0
p0760,pm136,A0,train,0,0,cosine,1,0
p0760,pm136,A0,train,0,0,LegalBERT-NLI,0,0
p0760,pm136,A0,train,0,0,COLIEE-retrieval,0,0
p0760,pm136,A0,train,0,0,RAG-only,0,0
p0760,pm136,A0,train,0,0,ALERT-flat,0,0
p0760,pm136,A0,train,0,0,ALERT,0,0
p0761,pm137,A1,test,0,0,cosine,0,0
p0761,pm137,A1,test,0,0,LegalBERT-NLI,0,0
p0761,pm137,A1,test,0,0,COLIEE-retrieval,0,0
p0761,pm137,A1,test,0,0,RAG-only,0,0
p0761,pm137,A1,test,0,0,ALERT-flat,0,0
p0761,pm137,A1,test,0,0,ALERT,0,0
p0762,pm138,A2,test,0,0,cosine,0,0
p0762,pm138,A2,test,0,0,LegalBERT-NLI,0,0
p0762,pm138,A2,test,0,0,COLIEE-retrieval,0,0
p0762,pm138,A2,test,0,0,RAG-only,1,0
p0762,pm138,A2,test,0,0,ALERT-flat,0,0
p0762,pm138,A2,test,0,0,ALERT,0,0
p0763,pm139,A3,test,1,0,cosine,1,1
p0763,pm139,A3,test,1,0,LegalBERT-NLI,0,0
p0763,pm139,A3,test,1,0,COLIEE-retrieval,0,0
p0763,pm139,A3,test,1,0,RAG-only,0,0
p0763,pm139,A3,test,1,0,ALERT-flat,0,0
p0763,pm139,A3,test,1,0,ALERT,1,1
p0764,pm140,A4,test,0,1,cosine,1,0
p0764,pm140,A4,test,0,1,LegalBERT-NLI,1,0
p0764,pm140,A4,test,0,1,COLIEE-retrieval,1,0
p0764,pm140,A4,test,0,1,RAG-only,1,0
p0764,pm140,A4,test,0,1,ALERT-flat,1,0
p0764,pm140,A4,test,0,1,ALERT,1,0
p0765,pm141,A0,train,0,0,cosine,0,0
p0765,pm141,A0,train,0,0,LegalBERT-NLI,0,0
p0765,pm141,A0,train,0,0,COLIEE-retrieval,0,0
p0765,pm141,A0,train,0,0,RAG-only,1,0
p0765,pm141,A0,train,0,0,ALERT-flat,1,0
p0765,pm141,A0,train,0,0,ALERT,0,0
p0766,pm142,A1,test,1,0,cosine,0,0
p0766,pm142,A1,test,1,0,LegalBERT-NLI,0,0
p0766,pm142,A1,test,1,0,COLIEE-retrieval,1,1
p0766,pm142,A1,test,1,0,RAG-only,0,0
p0766,pm142,A1,test,1,0,ALERT-flat,0,0
p0766,pm142,A1,test,1,0,ALERT,0,0
p0767,pm143,A2,test,0,0,cosine,0,0
p0767,pm143,A2,test,0,0,LegalBERT-NLI,1,0
p0767,pm143,A2,test,0,0,COLIEE-retrieval,0,0
p0767,pm143,A2,test,0,0,RAG-only,0,0
p0767,pm143,A2,test,0,0,ALERT-flat,1,0
p0767,pm143,A2,test,0,0,ALERT,1,0
p0768,pm144,A3,test,0,0,cosine,0,0
p0768,pm144,A3,test,0,0,LegalBERT-NLI,0,0
p0768,pm144,A3,test,0,0,COLIEE-retrieval,0,0
p0768,pm144,A3,test,0,0,RAG-only,0,0
p0768,pm144,A3,test,0,0,ALERT-flat,0,0
p0768,pm144,A3,test,0,0,ALERT,0,0
p0769,pm145,A4,test,0,0,cosine,0,0
p0769,pm145,A4,test,0,0,LegalBERT-NLI,0,0
p0769,pm145,A4,test,0,0,COLIEE-retrieval,0,0
p0769,pm145,A4,test,0,0,RAG-only,0,0
p0769,pm145,A4,test,0,0,ALERT-flat,0,0
p0769,pm145,A4,test,0,0,ALERT,1,0
p0770,pm146,A0,train,0,1,cosine,0,0
p0770,pm146,A0,train,0,1,LegalBERT-NLI,1,0
p0770,pm146,A0,train,0,1,COLIEE-retrieval,1,0
p0770,pm146,A0,train,0,1,RAG-only,1,0
p0770,pm146,A0,train,0,1,ALERT-flat,1,0
p0770,pm146,A0,train,0,1,ALERT,1,0
p0771,pm147,A1,test,0,0,cosine,1,0
p0771,pm147,A1,test,0,0,LegalBERT-NLI,0,0
p0771,pm147,A1,test,0,0,COLIEE-retrieval,0,0
p0771,pm147,A1,test,0,0,RAG-only,1,0
p0771,pm147,A1,test,0,0,ALERT-flat,0,0
p0771,pm147,A1,test,0,0,ALERT,0,0
p0772,pm148,A2,test,1,0,cosine,0,0
p0772,pm148,A2,test,1,0,LegalBERT-NLI,0,0
p0772,pm148,A2,test,1,0,COLIEE-retrieval,1,1
p0772,pm148,A2,test,1,0,RAG-only,0,0
p0772,pm148,A2,test,1,0,ALERT-flat,0,0
p0772,pm148,A2,test,1,0,ALERT,0,0
p0773,pm149,A3,test,0,1,cosine,1,0
p0773,pm149,A3,test,0,1,LegalBERT-NLI,0,0
p0773,pm149,A3,test,0,1,COLIEE-retrieval,1,0
p0773,pm149,A3,test,0,1,RAG-only,0,0
p0773,pm149,A3,test,0,1,ALERT-flat,1,0
p0773,pm149,A3,test,0,1,ALERT,0,0
p0774,pm150,A4,test,0,0,cosine,0,0
p0774,pm150,A4,test,0,0,LegalBERT-NLI,0,0
p0774,pm150,A4,test,0,0,COLIEE-retrieval,0,0
p0774,pm150,A4,test,0,0,RAG-only,0,0
p0774,pm150,A4,test,0,0,ALERT-flat,0,0
p0774,pm150,A4,test,0,0,ALERT,0,0
p0775,pm151,A0,train,0,0,cosine,0,0
p0775,pm151,A0,train,0,0,LegalBERT-NLI,0,0
p0775,pm151,A0,train,0,0,COLIEE-retrieval,1,0
p0775,pm151,A0,train,0,0,RAG-only,0,0
p0775,pm151,A0,train,0,0,ALERT-flat,0,0
p0775,pm151,A0,train,0,0,ALERT,0,0
p0776,pm152,A1,test,0,0,cosine,0,0
p0776,pm152,A1,test,0,0,LegalBERT-NLI,0,0
p0776,pm152,A1,test,0,0,COLIEE-retrieval,0,0
p0776,pm152,A1,test,0,0,RAG-only,0,0
p0776,pm152,A1,test,0,0,ALERT-flat,1,0
p0776,pm152,A1,test,0,0,ALERT,1,0
p0777,pm153,A2,test,0,1,cosine,0,0
p0777,pm153,A2,test,0,1,LegalBERT-NLI,1,0
p0777,pm153,A2,test,0,1,COLIEE-retrieval,1,0
p0777,pm153,A2,test,0,1,RAG-only,1,0
p0777,pm153,A2,test,0,1,ALERT-flat,0,0
p0777,pm153,A2,test,0,1,ALERT,1,0
p0778,pm154,A3,test,0,0,cosine,1,0
p0778,pm154,A3,test,0,0,LegalBERT-NLI,0,0
p0778,pm154,A3,test,0,0,COLIEE-retrieval,1,0
p0778,pm154,A3,test,0,0,RAG-only,0,0
p0778,pm154,A3,test,0,0,ALERT-flat,0,0
p0778,pm154,A3,test,0,0,ALERT,0,0
p0779,pm155,A4,test,0,0,cosine,0,0
p0779,pm155,A4,test,0,0,LegalBERT-NLI,0,0
p0779,pm155,A4,test,0,0,COLIEE-retrieval,0,0
p0779,pm155,A4,test,0,0,RAG-only,0,0
p0779,pm155,A4,test,0,0,ALERT-flat,0,0
p0779,pm155,A4,test,0,0,ALERT,0,0
p0780,pm156,A0,train,0,0,cosine,0,0
p0780,pm156,A0,train,0,0,LegalBERT-NLI,1,0
p0780,pm156,A0,train,0,0,COLIEE-retrieval,0,0
p0780,pm156,A0,train,0,0,RAG-only,0,0
p0780,pm156,A0,train,0,0,ALERT-flat,0,0
p0780,pm156,A0,train,0,0,ALERT,0,0
p0781,pm157,A1,test,0,1,cosine,1,0
p0781,pm157,A1,test,0,1,LegalBERT-NLI,1,0
p0781,pm157,A1,test,0,1,COLIEE-retrieval,0,0
p0781,pm157,A1,test,0,1,RAG-only,1,0
p0781,pm157,A1,test,0,1,ALERT-flat,0,0
p0781,pm157,A1,test,0,1,ALERT,1,0
p0782,pm158,A2,test,0,0,cosine,0,0
p0782,pm158,A2,test,0,0,LegalBERT-NLI,0,0
p0782,pm158,A2,test,0,0,COLIEE-retrieval,0,0
p0782,pm158,A2,test,0,0,RAG-only,0,0
p0782,pm158,A2,test,0,0,ALERT-flat,0,0
p0782,pm158,A2,test,0,0,ALERT,0,0
p0783,pm159,A3,test,0,0,cosine,0,0
p0783,pm159,A3,test,0,0,LegalBERT-NLI,1,0
p0783,pm159,A3,test,0,0,COLIEE-retrieval,0,0
p0783,pm159,A3,test,0,0,RAG-only,0,0
p0783,pm159,A3,test,0,0,ALERT-flat,0,0
p0783,pm159,A3,test,0,0,ALERT,0,0
p0784,pm160,A4,test,0,1,cosine,1,0
p0784,pm160,A4,test,0,1,LegalBERT-NLI,1,0
p0784,pm160,A4,test,0,1,COLIEE-retrieval,1,0
p0784,pm160,A4,test,0,1,RAG-only,1,0
p0784,pm160,A4,test,0,1,ALERT-flat,1,0
p0784,pm160,A4,test,0,1,ALERT,1,0
p0785,pm161,A0,train,0,1,cosine,1,0
p0785,pm161,A0,train,0,1,LegalBERT-NLI,0,0
p0785,pm161,A0,train,0,1,COLIEE-retrieval,0,0
p0785,pm161,A0,train,0,1,RAG-only,1,0
p0785,pm161,A0,train,0,1,ALERT-flat,1,0
p0785,pm161,A0,train,0,1,ALERT,1,0
p0786,pm162,A1,test,0,0,cosine,0,0
p0786,pm162,A1,test,0,0,LegalBERT-NLI,0,0
p0786,pm162,A1,test,0,0,COLIEE-retrieval,0,0
p0786,pm162,A1,test,0,0,RAG-only,0,0
p0786,pm162,A1,test,0,0,ALERT-flat,0,0
p0786,pm162,A1,test,0,0,ALERT,0,0
p0787,pm163,A2,test,0,0,cosine,1,0
p0787,pm163,A2,test,0,0,LegalBERT-NLI,1,0
p0787,pm163,A2,test,0,0,COLIEE-retrieval,1,0
p0787,pm163,A2,test,0,0,RAG-only,0,0
p0787,pm163,A2,test,0,0,ALERT-flat,0,0
p0787,pm163,A2,test,0,0,ALERT,0,0
p0788,pm164,A3,test,0,0,cosine,1,0
p0788,pm164,A3,test,0,0,LegalBERT-NLI,0,0
p0788,pm164,A3,test,0,0,COLIEE-retrieval,0,0
p0788,pm164,A3,test,0,0,RAG-only,0,0
p0788,pm164,A3,test,0,0,ALERT-flat,0,0
p0788,pm164,A3,test,0,0,ALERT,0,0
p0789,pm165,A4,test,0,0,cosine,0,0
p0789,pm165,A4,test,0,0,LegalBERT-NLI,1,0
p0789,pm165,A4,test,0,0,COLIEE-retrieval,0,0
p0789,pm165,A4,test,0,0,RAG-only,1,0
p0789,pm165,A4,test,0,0,ALERT-flat,0,0
p0789,pm165,A4,test,0,0,ALERT,0,0
p0790,pm166,A0,train,0,1,cosine,1,0
p0790,pm166,A0,train,0,1,LegalBERT-NLI,1,0
p0790,pm166,A0,train,0,1,COLIEE-retrieval,1,0
p0790,pm166,A0,train,0,1,RAG-only,1,0
p0790,pm166,A0,train,0,1,ALERT-flat,1,0
p0790,pm166,A0,train,0,1,ALERT,0,0
p0791,pm167,A1,test,0,0,cosine,0,0
p0791,pm167,A1,test,0,0,LegalBERT-NLI,1,0
p0791,pm167,A1,test,0,0,COLIEE-retrieval,0,0
p0791,pm167,A1,test,0,0,RAG-only,0,0
p0791,pm167,A1,test,0,0,ALERT-flat,0,0
p0791,pm167,A1,test,0,0,ALERT,1,0
p0792,pm168,A2,test,0,1,cosine,1,0
p0792,pm168,A2,test,0,1,LegalBERT-NLI,1,0
p0792,pm168,A2,test,0,1,COLIEE-retrieval,1,0
p0792,pm168,A2,test,0,1,RAG-only,1,0
p0792,pm168,A2,test,0,1,ALERT-flat,1,0
p0792,pm168,A2,test,0,1,ALERT,1,0
p0793,pm169,A3,test,0,0,cosine,0,0
p0793,pm169,A3,test,0,0,LegalBERT-NLI,0,0
p0793,pm169,A3,test,0,0,COLIEE-retrieval,0,0
p0793,pm169,A3,test,0,0,RAG-only,0,0
p0793,pm169,A3,test,0,0,ALERT-flat,0,0
p0793,pm169,A3,test,0,0,ALERT,0,0
p0794,pm170,A4,test,0,1,cosine,0,0
p0794,pm170,A4,test,0,1,LegalBERT-NLI,1,0
p0794,pm170,A4,test,0,1,COLIEE-retrieval,1,0
p0794,pm170,A4,test,0,1,RAG-only,1,0
p0794,pm170,A4,test,0,1,ALERT-flat,1,0
p0794,pm170,A4,test,0,1,ALERT,1,0
p0795,pm171,A0,train,0,0,cosine,0,0
p0795,pm171,A0,train,0,0,LegalBERT-NLI,0,0
p0795,pm171,A0,train,0,0,COLIEE-retrieval,0,0
p0795,pm171,A0,train,0,0,RAG-only,0,0
p0795,pm171,A0,train,0,0,ALERT-flat,1,0
p0795,pm171,A0,train,0,0,ALERT,0,0
p0796,pm172,A1,test,1,0,cosine,0,0
p0796,pm172,A1,test,1,0,LegalBERT-NLI,0,0
p0796,pm172,A1,test,1,0,COLIEE-retrieval,0,0
p0796,pm172,A1,test,1,0,RAG-only,0,0
p0796,pm172,A1,test,1,0,ALERT-flat,0,0
p0796,pm172,A1,test,1,0,ALERT,0,0
p0797,pm173,A2,test,1,0,cosine,0,0
p0797,pm173,A2,test,1,0,LegalBERT-NLI,0,0
p0797,pm173,A2,test,1,0,COLIEE-retrieval,0,0
p0797,pm173,A2,test,1,0,RAG-only,1,1
p0797,pm173,A2,test,1,0,ALERT-flat,0,0
p0797,pm173,A2,test,1,0,ALERT,0,0
p0798,pm174,A3,test,0,0,cosine,1,0
p0798,pm174,A3,test,0,0,LegalBERT-NLI,1,0
p0798,pm174,A3,test,0,0,COLIEE-retrieval,0,0
p0798,pm174,A3,test,0,0,RAG-only,0,0
p0798,pm174,A3,test,0,0,ALERT-flat,0,0
p0798,pm174,A3,test,0,0,ALERT,0,0
p0799,pm175,A4,test,0,1,cosine,1,0
p0799,pm175,A4,test,0,1,LegalBERT-NLI,1,0
p0799,pm175,A4,test,0,1,COLIEE-retrieval,1,0
p0799,pm175,A4,test,0,1,RAG-only,0,0
p0799,pm175,A4,test,0,1,ALERT-flat,0,0
p0799,pm175,A4,test,0,1,ALERT,1,0
p0800,pm176,A0,train,0,1,cosine,1,0
p0800,pm176,A0,train,0,1,LegalBERT-NLI,1,0
p0800,pm176,A0,train,0,1,COLIEE-retrieval,1,0
p0800,pm176,A0,train,0,1,RAG-only,0,0
p0800,pm176,A0,train,0,1,ALERT-flat,1,0
p0800,pm176,A0,train,0,1,ALERT,1,0
p0801,pm177,A1,test,0,1,cosine,1,0
p0801,pm177,A1,test,0,1,LegalBERT-NLI,1,0
p0801,pm177,A1,test,0,1,COLIEE-retrieval,1,0
p0801,pm177,A1,test,0,1,RAG-only,1,0
p0801,pm177,A1,test,0,1,ALERT-flat,1,0
p0801,pm177,A1,test,0,1,ALERT,1,0
p0802,pm178,A2,test,0,0,cosine,0,0
p0802,pm178,A2,test,0,0,LegalBERT-NLI,1,0
p0802,pm178,A2,test,0,0,COLIEE-retrieval,0,0
p0802,pm178,A2,test,0,0,RAG-only,0,0
p0802,pm178,A2,test,0,0,ALERT-flat,0,0
p0802,pm178,A2,test,0,0,ALERT,0,0
p0803,pm179,A3,test,0,1,cosine,1,0
p0803,pm179,A3,test,0,1,LegalBERT-NLI,0,0
p0803,pm179,A3,test,0,1,COLIEE-retrieval,1,0
p0803,pm179,A3,test,0,1,RAG-only,1,0
p0803,pm179,A3,test,0,1,ALERT-flat,1,0
p0803,pm179,A3,test,0,1,ALERT,0,0
p0804,pm180,A4,test,0,0,cosine,0,0
p0804,pm180,A4,test,0,0,LegalBERT-NLI,1,0
p0804,pm180,A4,test,0,0,COLIEE-retrieval,0,0
p0804,pm180,A4,test,0,0,RAG-only,0,0
p0804,pm180,A4,test,0,0,ALERT-flat,0,0
p0804,pm180,A4,test,0,0,ALERT,0,0
p0805,pm181,A0,train,1,0,cosine,1,1
p0805,pm181,A0,train,1,0,LegalBERT-NLI,0,0
p0805,pm181,A0,train,1,0,COLIEE-retrieval,1,1
p0805,pm181,A0,train,1,0,RAG-only,0,0
p0805,pm181,A0,train,1,0,ALERT-flat,0,0
p0805,pm181,A0,train,1,0,ALERT,0,0
p0806,pm182,A1,test,0,0,cosine,0,0
p0806,pm182,A1,test,0,0,LegalBERT-NLI,1,0
p0806,pm182,A1,test,0,0,COLIEE-retrieval,0,0
p0806,pm182,A1,test,0,0,RAG-only,1,0
p0806,pm182,A1,test,0,0,ALERT-flat,0,0
p0806,pm182,A1,test,0,0,ALERT,0,0
p0807,pm183,A2,test,0,0,cosine,1,0
p0807,pm183,A2,test,0,0,LegalBERT-NLI,0,0
p0807,pm183,A2,test,0,0,COLIEE-retrieval,0,0
p0807,pm183,A2,test,0,0,RAG-only,0,0
p0807,pm183,A2,test,0,0,ALERT-flat,0,0
p0807,pm183,A2,test,0,0,ALERT,0,0
p0808,pm184,A3,test,0,1,cosine,0,0
p0808,pm184,A3,test,0,1,LegalBERT-NLI,1,0
p0808,pm184,A3,test,0,1,COLIEE-retrieval,1,0
p0808,pm184,A3,test,0,1,RAG-only,1,0
p0808,pm184,A3,test,0,1,ALERT-flat,1,0
p0808,pm184,A3,test,0,1,ALERT,1,0
p0809,pm185,A4,test,0,0,cosine,0,0
p0809,pm185,A4,test,0,0,LegalBERT-NLI,0,0
p0809,pm185,A4,test,0,0,COLIEE-retrieval,0,0
p0809,pm185,A4,test,0,0,RAG-only,0,0
p0809,pm185,A4,test,0,0,ALERT-flat,0,0
p0809,pm185,A4,test,0,0,ALERT,0,0
p0810,pm186,A0,train,0,0,cosine,0,0
p0810,pm186,A0,train,0,0,LegalBERT-NLI,0,0
p0810,pm186,A0,train,0,0,COLIEE-retrieval,1,0
p0810,pm186,A0,train,0,0,RAG-only,0,0
p0810,pm186,A0,train,0,0,ALERT-flat,1,0
p0810,pm186,A0,train,0,0,ALERT,0,0
p0811,pm187,A1,test,0,0,cosine,0,0
p0811,pm187,A1,test,0,0,LegalBERT-NLI,0,0
p0811,pm187,A1,test,0,0,COLIEE-retrieval,1,0
p0811,pm187,A1,test,0,0,RAG-only,0,0
p0811,pm187,A1,test,0,0,ALERT-flat,0,0
p0811,pm187,A1,test,0,0,ALERT,0,0
p0812,pm188,A2,test,0,0,cosine,0,0
p0812,pm188,A2,test,0,0,LegalBERT-NLI,0,0
p0812,pm188,A2,test,0,0,COLIEE-retrieval,0,0
p0812,pm188,A2,test,0,0,RAG-only,0,0
p0812,pm188,A2,test,0,0,ALERT-flat,0,0
p0812,pm188,A2,test,0,0,ALERT,1,0
p0813,pm189,A3,test,0,1,cosine,1,0
p0813,pm189,A3,test,0,1,LegalBERT-NLI,1,0
p0813,pm189,A3,test,0,1,COLIEE-retrieval,1,0
p0813,pm189,A3,test,0,1,RAG-only,1,0
p0813,pm189,A3,test,0,1,ALERT-flat,1,0
p0813,pm189,A3,test,0,1,ALERT,1,0
p0814,pm190,A4,test,0,1,cosine,1,0
p0814,pm190,A4,test,0,1,LegalBERT-NLI,1,0
p0814,pm190,A4,test,0,1,COLIEE-retrieval,1,0
p0814,pm190,A4,test,0,1,RAG-only,1,0
p0814,pm190,A4,test,0,1,ALERT-flat,1,0
p0814,pm190,A4,test,0,1,ALERT,0,0
p0815,pm191,A0,train,0,0,cosine,0,0
p0815,pm191,A0,train,0,0,LegalBERT-NLI,0,0
p0815,pm191,A0,train,0,0,COLIEE-retrieval,0,0
p0815,pm191,A0,train,0,0,RAG-only,0,0
p0815,pm191,A0,train,0,0,ALERT-flat,0,0
p0815,pm191,A0,train,0,0,ALERT,0,0
p0816,pm192,A1,test,0,0,cosine,0,0
p0816,pm192,A1,test,0,0,LegalBERT-NLI,0,0
p0816,pm192,A1,test,0,0,COLIEE-retrieval,0,0
p0816,pm192,A1,test,0,0,RAG-only,0,0
p0816,pm192,A1,test,0,0,ALERT-flat,0,0
p0816,pm192,A1,test,0,0,ALERT,0,0
p0817,pm193,A2,test,0,1,cosine,1,0
p0817,pm193,A2,test,0,1,LegalBERT-NLI,1,0
p0817,pm193,A2,test,0,1,COLIEE-retrieval,1,0
p0817,pm193,A2,test,0,1,RAG-only,0,0
p0817,pm193,A2,test,0,1,ALERT-flat,1,0
p0817,pm193,A2,test,0,1,ALERT,1,0
p0818,pm194,A3,test,1,0,cosine,0,0
p0818,pm194,A3,test,1,0,LegalBERT-NLI,1,1
p0818,pm194,A3,test,1,0,COLIEE-retrieval,0,0
p0818,pm194,A3,test,1,0,RAG-only,0,0
p0818,pm194,A3,test,1,0,ALERT-flat,0,0
p0818,pm194,A3,test,1,0,ALERT,0,0
p0819,pm195,A4,test,0,0,cosine,0,0
p0819,pm195,A4,test,0,0,LegalBERT-NLI,0,0
p0819,pm195,A4,test,0,0,COLIEE-retrieval,0,0
p0819,pm195,A4,test,0,0,RAG-only,0,0
p0819,pm195,A4,test,0,0,ALERT-flat,0,0
p0819,pm195,A4,test,0,0,ALERT,0,0
p0820,pm196,A0,train,0,0,cosine,0,0
p0820,pm196,A0,train,0,0,LegalBERT-NLI,1,0
p0820,pm196,A0,train,0,0,COLIEE-retrieval,0,0
p0820,pm196,A0,train,0,0,RAG-only,0,0
p0820,pm196,A0,train,0,0,ALERT-flat,0,0
p0820,pm196,A0,train,0,0,ALERT,0,0
p0821,pm197,A1,test,0,0,cosine,0,0
p0821,pm197,A1,test,0,0,LegalBERT-NLI,1,0
p0821,pm197,A1,test,0,0,COLIEE-retrieval,0,0
p0821,pm197,A1,test,0,0,RAG-only,0,0
p0821,pm197,A1,test,0,0,ALERT-flat,0,0
p0821,pm197,A1,test,0,0,ALERT,0,0
p0822,pm198,A2,test,0,0,cosine,0,0
p0822,pm198,A2,test,0,0,LegalBERT-NLI,0,0
p0822,pm198,A2,test,0,0,COLIEE-retrieval,0,0
p0822,pm198,A2,test,0,0,RAG-only,0,0
p0822,pm198,A2,test,0,0,ALERT-flat,0,0
p0822,pm198,A2,test,0,0,ALERT,0,0
p0823,pm199,A3,test,1,0,cosine,0,0
p0823,pm199,A3,test,1,0,LegalBERT-NLI,0,0
p0823,pm199,A3,test,1,0,COLIEE-retrieval,0,0
p0823,pm199,A3,test,1,0,RAG-only,0,0
p0823,pm199,A3,test,1,0,ALERT-flat,0,0
p0823,pm199,A3,test,1,0,ALERT,0,0
p0824,pm200,A4,test,0,0,cosine,0,0
p0824,pm200,A4,test,0,0,LegalBERT-NLI,0,0
p0824,pm200,A4,test,0,0,COLIEE-retrieval,0,0
p0824,pm200,A4,test,0,0,RAG-only,1,0
p0824,pm200,A4,test,0,0,ALERT-flat,0,0
p0824,pm200,A4,test,0,0,ALERT,0,0
p0825,pm201,A0,train,0,1,cosine,1,0
p0825,pm201,A0,train,0,1,LegalBERT-NLI,1,0
p0825,pm201,A0,train,0,1,COLIEE-retrieval,1,0
p0825,pm201,A0,train,0,1,RAG-only,0,0
p0825,pm201,A0,train,0,1,ALERT-flat,1,0
p0825,pm201,A0,train,0,1,ALERT,1,0
p0826,pm202,A1,test,1,0,cosine,0,0
p0826,pm202,A1,test,1,0,LegalBERT-NLI,0,0
p0826,pm202,A1,test,1,0,COLIEE-retrieval,0,0
p0826,pm202,A1,test,1,0,RAG-only,1,1
p0826,pm202,A1,test,1,0,ALERT-flat,0,0
p0826,pm202,A1,test,1,0,ALERT,0,0
p0827,pm203,A2,test,0,0,cosine,0,0
p0827,pm203,A2,test,0,0,LegalBERT-NLI,1,0
p0827,pm203,A2,test,0,0,COLIEE-retrieval,0,0
p0827,pm203,A2,test,0,0,RAG-only,0,0
p0827,pm203,A2,test,0,0,ALERT-flat,0,0
p0827,pm203,A2,test,0,0,ALERT,1,0
p0828,pm204,A3,test,0,1,cosine,1,0
p0828,pm204,A3,test,0,1,LegalBERT-NLI,0,0
p0828,pm204,A3,test,0,1,COLIEE-retrieval,1,0
p0828,pm204,A3,test,0,1,RAG-only,1,0
p0828,pm204,A3,test,0,1,ALERT-flat,1,0
p0828,pm204,A3,test,0,1,ALERT,1,0
p0829,pm205,A4,test,0,0,cosine,0,0
p0829,pm205,A4,test,0,0,LegalBERT-NLI,0,0
p0829,pm205,A4,test,0,0,COLIEE-retrieval,0,0
p0829,pm205,A4,test,0,0,RAG-only,0,0
p0829,pm205,A4,test,0,0,ALERT-flat,0,0
p0829,pm205,A4,test,0,0,ALERT,0,0
p0830,pm206,A0,train,0,1,cosine,1,0
p0830,pm206,A0,train,0,1,LegalBERT-NLI,1,0
p0830,pm206,A0,train,0,1,COLIEE-retrieval,0,0
p0830,pm206,A0,train,0,1,RAG-only,1,0
p0830,pm206,A0,train,0,1,ALERT-flat,1,0
p0830,pm206,A0,train,0,1,ALERT,0,0
p0831,pm207,A1,test,0,0,cosine,1,0
p0831,pm207,A1,test,0,0,LegalBERT-NLI,1,0
p0831,pm207,A1,test,0,0,COLIEE-retrieval,0,0
p0831,pm207,A1,test,0,0,RAG-only,1,0
p0831,pm207,A1,test,0,0,ALERT-flat,0,0
p0831,pm207,A1,test,0,0,ALERT,0,0
p0832,pm208,A2,test,1,0,cosine,0,0
p0832,pm208,A2,test,1,0,LegalBERT-NLI,0,0
p0832,pm208,A2,test,1,0,COLIEE-retrieval,0,0
p0832,pm208,A2,test,1,0,RAG-only,0,0
p0832,pm208,A2,test,1,0,ALERT-flat,0,0
p0832,pm208,A2,test,1,0,ALERT,0,0
p0833,pm209,A3,test,0,0,cosine,0,0
p0833,pm209,A3,test,0,0,LegalBERT-NLI,0,0
p0833,pm209,A3,test,0,0,COLIEE-retrieval,0,0
p0833,pm209,A3,test,0,0,RAG-only,0,0
p0833,pm209,A3,test,0,0,ALERT-flat,0,0
p0833,pm209,A3,test,0,0,ALERT,0,0
p0834,pm210,A4,test,1,0,cosine,1,1
p0834,pm210,A4,test,1,0,LegalBERT-NLI,0,0
p0834,pm210,A4,test,1,0,COLIEE-retrieval,0,0
p0834,pm210,A4,test,1,0,RAG-only,0,0
p0834,pm210,A4,test,1,0,ALERT-flat,0,0
p0834,pm210,A4,test,1,0,ALERT,0,0
p0835,pm211,A0,train,0,0,cosine,0,0
p0835,pm211,A0,train,0,0,LegalBERT-NLI,0,0
p0835,pm211,A0,train,0,0,COLIEE-retrieval,0,0
p0835,pm211,A0,train,0,0,RAG-only,1,0
p0835,pm211,A0,train,0,0,ALERT-flat,0,0
p0835,pm211,A0,train,0,0,ALERT,0,0
p0836,pm212,A1,test,0,0,cosine,0,0
p0836,pm212,A1,test,0,0,LegalBERT-NLI,1,0
p0836,pm212,A1,test,0,0,COLIEE-retrieval,0,0
p0836,pm212,A1,test,0,0,RAG-only,0,0
p0836,pm212,A1,test,0,0,ALERT-flat,0,0
p0836,pm212,A1,test,0,0,ALERT,0,0
p0837,pm213,A2,test,0,0,cosine,0,0
p0837,pm213,A2,test,0,0,LegalBERT-NLI,1,0
p0837,pm213,A2,test,0,0,COLIEE-retrieval,0,0
p0837,pm213,A2,test,0,0,RAG-only,0,0
p0837,pm213,A2,test,0,0,ALERT-flat,0,0
p0837,pm213,A2,test,0,0,ALERT,0,0
p0838,pm214,A3,test,1,0,cosine,0,0
p0838,pm214,A3,test,1,0,LegalBERT-NLI,0,0
p0838,pm214,A3,test,1,0,COLIEE-retrieval,0,0
p0838,pm214,A3,test,1,0,RAG-only,0,0
p0838,pm214,A3,test,1,0,ALERT-flat,0,0
p0838,pm214,A3,test,1,0,ALERT,0,0
p0839,pm215,A4,test,0,0,cosine,0,0
p0839,pm215,A4,test,0,0,LegalBERT-NLI,0,0
p0839,pm215,A4,test,0,0,COLIEE-retrieval,0,0
p0839,pm215,A4,test,0,0,RAG-only,0,0
p0839,pm215,A4,test,0,0,ALERT-flat,0,0
p0839,pm215,A4,test,0,0,ALERT,0,0
p0840,pm216,A0,train,0,0,cosine,0,0
p0840,pm216,A0,train,0,0,LegalBERT-NLI,0,0
p0840,pm216,A0,train,0,0,COLIEE-retrieval,1,0
p0840,pm216,A0,train,0,0,RAG-only,0,0
p0840,pm216,A0,train,0,0,ALERT-flat,0,0
p0840,pm216,A0,train,0,0,ALERT,0,0
p0841,pm217,A1,test,0,0,cosine,0,0
p0841,pm217,A1,test,0,0,LegalBERT-NLI,0,0
p0841,pm217,A1,test,0,0,COLIEE-retrieval,0,0
p0841,pm217,A1,test,0,0,RAG-only,0,0
p0841,pm217,A1,test,0,0,ALERT-flat,0,0
p0841,pm217,A1,test,0,0,ALERT,0,0
p0842,pm218,A2,test,1,0,cosine,1,1
p0842,pm218,A2,test,1,0,LegalBERT-NLI,0,0
p0842,pm218,A2,test,1,0,COLIEE-retrieval,0,0
p0842,pm218,A2,test,1,0,RAG-only,1,1
p0842,pm218,A2,test,1,0,ALERT-flat,0,0
p0842,pm218,A2,test,1,0,ALERT,0,0
p0843,pm219,A3,test,0,0,cosine,0,0
p0843,pm219,A3,test,0,0,LegalBERT-NLI,1,0
p0843,pm219,A3,test,0,0,COLIEE-retrieval,1,0
p0843,pm219,A3,test,0,0,RAG-only,0,0
p0843,pm219,A3,test,0,0,ALERT-flat,1,0
p0843,pm219,A3,test,0,0,ALERT,0,0
p0844,pm220,A4,test,0,0,cosine,0,0
p0844,pm220,A4,test,0,0,LegalBERT-NLI,0,0
p0844,pm220,A4,test,0,0,COLIEE-retrieval,1,0
p0844,pm220,A4,test,0,0,RAG-only,0,0
p0844,pm220,A4,test,0,0,ALERT-flat,0,0
p0844,pm220,A4,test,0,0,ALERT,0,0
p0845,pm221,A0,train,1,0,cosine,0,0
p0845,pm221,A0,train,1,0,LegalBERT-NLI,0,0
p0845,pm221,A0,train,1,0,COLIEE-retrieval,0,0
p0845,pm221,A0,train,1,0,RAG-only,1,1
p0845,pm221,A0,train,1,0,ALERT-flat,0,0
p0845,pm221,A0,train,1,0,ALERT,0,0
p0846,pm222,A1,test,1,0,cosine,1,1
p0846,pm222,A1,test,1,0,LegalBERT-NLI,0,0
p0846,pm222,A1,test,1,0,COLIEE-retrieval,0,0
p0846,pm222,A1,test,1,0,RAG-only,1,1
p0846,pm222,A1,test,1,0,ALERT-flat,0,0
p0846,pm222,A1,test,1,0,ALERT,0,0
p0847,pm223,A2,test,1,0,cosine,0,0
p0847,pm223,A2,test,1,0,LegalBERT-NLI,1,1
p0847,pm223,A2,test,1,0,COLIEE-retrieval,0,0
p0847,pm223,A2,test,1,0,RAG-only,1,1
p0847,pm223,A2,test,1,0,ALERT-flat,1,1
p0847,pm223,A2,test,1,0,ALERT,0,0
p0848,pm224,A3,test,0,1,cosine,1,0
p0848,pm224,A3,test,0,1,LegalBERT-NLI,1,0
p0848,pm224,A3,test,0,1,COLIEE-retrieval,0,0
p0848,pm224,A3,test,0,1,RAG-only,0,0
p0848,pm224,A3,test,0,1,ALERT-flat,1,0
p0848,pm224,A3,test,0,1,ALERT,1,0
p0849,pm225,A4,test,0,0,cosine,0,0
p0849,pm225,A4,test,0,0,LegalBERT-NLI,0,0
p0849,pm225,A4,test,0,0,COLIEE-retrieval,0,0
p0849,pm225,A4,test,0,0,RAG-only,0,0
p0849,pm225,A4,test,0,0,ALERT-flat,0,0
p0849,pm225,A4,test,0,0,ALERT,0,0
p0850,pm226,A0,train,1,0,cosine,0,0
p0850,pm226,A0,train,1,0,LegalBERT-NLI,1,1
p0850,pm226,A0,train,1,0,COLIEE-retrieval,0,0
p0850,pm226,A0,train,1,0,RAG-only,0,0
p0850,pm226,A0,train,1,0,ALERT-flat,1,1
p0850,pm226,A0,train,1,0,ALERT,0,0
p0851,pm227,A1,test,0,1,cosine,1,0
p0851,pm227,A1,test,0,1,LegalBERT-NLI,1,0
p0851,pm227,A1,test,0,1,COLIEE-retrieval,1,0
p0851,pm227,A1,test,0,1,RAG-only,1,0
p0851,pm227,A1,test,0,1,ALERT-flat,1,0
p0851,pm227,A1,test,0,1,ALERT,1,0
p0852,pm228,A2,test,0,1,cosine,1,0
p0852,pm228,A2,test,0,1,LegalBERT-NLI,1,0
p0852,pm228,A2,test,0,1,COLIEE-retrieval,1,0
p0852,pm228,A2,test,0,1,RAG-only,1,0
p0852,pm228,A2,test,0,1,ALERT-flat,0,0
p0852,pm228,A2,test,0,1,ALERT,1,0
p0853,pm229,A3,test,0,0,cosine,1,0
p0853,pm229,A3,test,0,0,LegalBERT-NLI,0,0
p0853,pm229,A3,test,0,0,COLIEE-retrieval,0,0
p0853,pm229,A3,test,0,0,RAG-only,1,0
p0853,pm229,A3,test,0,0,ALERT-flat,0,0
p0853,pm229,A3,test,0,0,ALERT,0,0
p0854,pm230,A4,test,1,0,cosine,1,1
p0854,pm230,A4,test,1,0,LegalBERT-NLI,0,0
p0854,pm230,A4,test,1,0,COLIEE-retrieval,0,0
p0854,pm230,A4,test,1,0,RAG-only,0,0
p0854,pm230,A4,test,1,0,ALERT-flat,1,1
p0854,pm230,A4,test,1,0,ALERT,0,0
p0855,pm231,A0,train,0,0,cosine,0,0
p0855,pm231,A0,train,0,0,LegalBERT-NLI,0,0
p0855,pm231,A0,train,0,0,COLIEE-retrieval,0,0
p0855,pm231,A0,train,0,0,RAG-only,1,0
p0855,pm231,A0,train,0,0,ALERT-flat,0,0
p0855,pm231,A0,train,0,0,ALERT,0,0
p0856,pm232,A1,test,1,0,cosine,0,0
p0856,pm232,A1,test,1,0,LegalBERT-NLI,0,0
p0856,pm232,A1,test,1,0,COLIEE-retrieval,0,0
p0856,pm232,A1,test,1,0,RAG-only,0,0
p0856,pm232,A1,test,1,0,ALERT-flat,0,0
p0856,pm232,A1,test,1,0,ALERT,0,0
p0857,pm233,A2,test,0,1,cosine,1,0
p0857,pm233,A2,test,0,1,LegalBERT-NLI,1,0
p0857,pm233,A2,test,0,1,COLIEE-retrieval,0,0
p0857,pm233,A2,test,0,1,RAG-only,1,0
p0857,pm233,A2,test,0,1,ALERT-flat,1,0
p0857,pm233,A2,test,0,1,ALERT,1,0
p0858,pm234,A3,test,0,0,cosine,0,0
p0858,pm234,A3,test,0,0,LegalBERT-NLI,0,0
p0858,pm234,A3,test,0,0,COLIEE-retrieval,0,0
p0858,pm234,A3,test,0,0,RAG-only,0,0
p0858,pm234,A3,test,0,0,ALERT-flat,0,0
p0858,pm234,A3,test,0,0,ALERT,0,0
p0859,pm235,A4,test,0,1,cosine,1,0
p0859,pm235,A4,test,0,1,LegalBERT-NLI,0,0
p0859,pm235,A4,test,0,1,COLIEE-retrieval,1,0
p0859,pm235,A4,test,0,1,RAG-only,1,0
p0859,pm235,A4,test,0,1,ALERT-flat,1,0
p0859,pm235,A4,test,0,1,ALERT,1,0
p0860,pm236,A0,train,0,1,cosine,1,0
p0860,pm236,A0,train,0,1,LegalBERT-NLI,1,0
p0860,pm236,A0,train,0,1,COLIEE-retrieval,0,0
p0860,pm236,A0,train,0,1,RAG-only,1,0
p0860,pm236,A0,train,0,1,ALERT-flat,1,0
p0860,pm236,A0,train,0,1,ALERT,1,0
p0861,pm237,A1,test,0,0,cosine,0,0
p0861,pm237,A1,test,0,0,LegalBERT-NLI,1,0
p0861,pm237,A1,test,0,0,COLIEE-retrieval,0,0
p0861,pm237,A1,test,0,0,RAG-only,0,0
p0861,pm237,A1,test,0,0,ALERT-flat,1,0
p0861,pm237,A1,test,0,0,ALERT,0,0
p0862,pm238,A2,test,1,0,cosine,0,0
p0862,pm238,A2,test,1,0,LegalBERT-NLI,0,0
p0862,pm238,A2,test,1,0,COLIEE-retrieval,0,0
p0862,pm238,A2,test,1,0,RAG-only,0,0
p0862,pm238,A2,test,1,0,ALERT-flat,0,0
p0862,pm238,A2,test,1,0,ALERT,0,0
p0863,pm239,A3,test,0,0,cosine,0,0
p0863,pm239,A3,test,0,0,LegalBERT-NLI,1,0
p0863,pm239,A3,test,0,0,COLIEE-retrieval,0,0
p0863,pm239,A3,test,0,0,RAG-only,0,0
p0863,pm239,A3,test,0,0,ALERT-flat,0,0
p0863,pm239,A3,test,0,0,ALERT,0,0
p0864,pm240,A4,test,0,0,cosine,0,0
p0864,pm240,A4,test,0,0,LegalBERT-NLI,1,0
p0864,pm240,A4,test,0,0,COLIEE-retrieval,0,0
p0864,pm240,A4,test,0,0,RAG-only,0,0
p0864,pm240,A4,test,0,0,ALERT-flat,0,0
p0864,pm240,A4,test,0,0,ALERT,0,0
p0865,pm241,A0,train,0,0,cosine,0,0
p0865,pm241,A0,train,0,0,LegalBERT-NLI,0,0
p0865,pm241,A0,train,0,0,COLIEE-retrieval,0,0
p0865,pm241,A0,train,0,0,RAG-only,0,0
p0865,pm241,A0,train,0,0,ALERT-flat,0,0
p0865,pm241,A0,train,0,0,ALERT,0,0
p0866,pm242,A1,test,0,0,cosine,0,0
p0866,pm242,A1,test,0,0,LegalBERT-NLI,0,0
p0866,pm242,A1,test,0,0,COLIEE-retrieval,1,0
p0866,pm242,A1,test,0,0,RAG-only,1,0
p0866,pm242,A1,test,0,0,ALERT-flat,1,0
p0866,pm242,A1,test,0,0,ALERT,0,0
p0867,pm243,A2,test,1,0,cosine,0,0
p0867,pm243,A2,test,1,0,LegalBERT-NLI,0,0
p0867,pm243,A2,test,1,0,COLIEE-retrieval,0,0
p0867,pm243,A2,test,1,0,RAG-only,0,0
p0867,pm243,A2,test,1,0,ALERT-flat,0,0
p0867,pm243,A2,test,1,0,ALERT,0,0
p0868,pm244,A3,test,0,0,cosine,0,0
p0868,pm244,A3,test,0,0,LegalBERT-NLI,0,0
p0868,pm244,A3,test,0,0,COLIEE-retrieval,1,0
p0868,pm244,A3,test,0,0,RAG-only,0,0
p0868,pm244,A3,test,0,0,ALERT-flat,1,0
p0868,pm244,A3,test,0,0,ALERT,0,0
p0869,pm245,A4,test,0,0,cosine,0,0
p0869,pm245,A4,test,0,0,LegalBERT-NLI,1,0
p0869,pm245,A4,test,0,0,COLIEE-retrieval,1,0
p0869,pm245,A4,test,0,0,RAG-only,0,0
p0869,pm245,A4,test,0,0,ALERT-flat,0,0
p0869,pm245,A4,test,0,0,ALERT,0,0
p0870,pm246,A0,train,0,0,cosine,0,0
p0870,pm246,A0,train,0,0,LegalBERT-NLI,0,0
p0870,pm246,A0,train,0,0,COLIEE-retrieval,0,0
p0870,pm246,A0,train,0,0,RAG-only,1,0
p0870,pm246,A0,train,0,0,ALERT-flat,0,0
p0870,pm246,A0,train,0,0,ALERT,1,0
p0871,pm247,A1,test,1,0,cosine,1,1
p0871,pm247,A1,test,1,0,LegalBERT-NLI,0,0
p0871,pm247,A1,test,1,0,COLIEE-retrieval,0,0
p0871,pm247,A1,test,1,0,RAG-only,0,0
p0871,pm247,A1,test,1,0,ALERT-flat,1,1
p0871,pm247,A1,test,1,0,ALERT,0,0
p0872,pm248,A2,test,0,0,cosine,0,0
p0872,pm248,A2,test,0,0,LegalBERT-NLI,0,0
p0872,pm248,A2,test,0,0,COLIEE-retrieval,0,0
p0872,pm248,A2,test,0,0,RAG-only,0,0
p0872,pm248,A2,test,0,0,ALERT-flat,0,0
p0872,pm248,A2,test,0,0,ALERT,0,0
p0873,pm249,A3,test,0,0,cosine,0,0
p0873,pm249,A3,test,0,0,LegalBERT-NLI,0,0
p0873,pm249,A3,test,0,0,COLIEE-retrieval,0,0
p0873,pm249,A3,test,0,0,RAG-only,0,0
p0873,pm249,A3,test,0,0,ALERT-flat,0,0
p0873,pm249,A3,test,0,0,ALERT,0,0
p0874,pm250,A4,test,1,0,cosine,0,0
p0874,pm250,A4,test,1,0,LegalBERT-NLI,0,0
p0874,pm250,A4,test,1,0,COLIEE-retrieval,0,0
p0874,pm250,A4,test,1,0,RAG-only,0,0
p0874,pm250,A4,test,1,0,ALERT-flat,1,1
p0874,pm250,A4,test,1,0,ALERT,0,0
p0875,pm251,A0,train,0,1,cosine,1,0
p0875,pm251,A0,train,0,1,LegalBERT-NLI,1,0
p0875,pm251,A0,train,0,1,COLIEE-retrieval,1,0
p0875,pm251,A0,train,0,1,RAG-only,1,0
p0875,pm251,A0,train,0,1,ALERT-flat,1,0
p0875,pm251,A0,train,0,1,ALERT,1,0
p0876,pm252,A1,test,0,0,cosine,0,0
p0876,pm252,A1,test,0,0,LegalBERT-NLI,0,0
p0876,pm252,A1,test,0,0,COLIEE-retrieval,1,0
p0876,pm252,A1,test,0,0,RAG-only,1,0
p0876,pm252,A1,test,0,0,ALERT-flat,0,0
p0876,pm252,A1,test,0,0,ALERT,0,0
p0877,pm253,A2,test,0,0,cosine,0,0
p0877,pm253,A2,test,0,0,LegalBERT-NLI,0,0
p0877,pm253,A2,test,0,0,COLIEE-retrieval,0,0
p0877,pm253,A2,test,0,0,RAG-only,0,0
p0877,pm253,A2,test,0,0,ALERT-flat,0,0
p0877,pm253,A2,test,0,0,ALERT,0,0
p0878,pm254,A3,test,0,0,cosine,1,0
p0878,pm254,A3,test,0,0,LegalBERT-NLI,0,0
p0878,pm254,A3,test,0,0,COLIEE-retrieval,0,0
p0878,pm254,A3,test,0,0,RAG-only,0,0
p0878,pm254,A3,test,0,0,ALERT-flat,0,0
p0878,pm254,A3,test,0,0,ALERT,0,0
p0879,pm255,A4,test,0,0,cosine,0,0
p0879,pm255,A4,test,0,0,LegalBERT-NLI,0,0
p0879,pm255,A4,test,0,0,COLIEE-retrieval,0,0
p0879,pm255,A4,test,0,0,RAG-only,0,0
p0879,pm255,A4,test,0,0,ALERT-flat,0,0
p0879,pm255,A4,test,0,0,ALERT,1,0
p0880,pm256,A0,train,0,1,cosine,1,0
p0880,pm256,A0,train,0,1,LegalBERT-NLI,1,0
p0880,pm256,A0,train,0,1,COLIEE-retrieval,1,0
p0880,pm256,A0,train,0,1,RAG-only,1,0
p0880,pm256,A0,train,0,1,ALERT-flat,1,0
p0880,pm256,A0,train,0,1,ALERT,1,0
p0881,pm257,A1,test,0,0,cosine,0,0
p0881,pm257,A1,test,0,0,LegalBERT-NLI,0,0
p0881,pm257,A1,test,0,0,COLIEE-retrieval,0,0
p0881,pm257,A1,test,0,0,RAG-only,0,0
p0881,pm257,A1,test,0,0,ALERT-flat,0,0
p0881,pm257,A1,test,0,0,ALERT,0,0
p0882,pm258,A2,test,0,0,cosine,0,0
p0882,pm258,A2,test,0,0,LegalBERT-NLI,0,0
p0882,pm258,A2,test,0,0,COLIEE-retrieval,0,0
p0882,pm258,A2,test,0,0,RAG-only,0,0
p0882,pm258,A2,test,0,0,ALERT-flat,0,0
p0882,pm258,A2,test,0,0,ALERT,0,0
p0883,pm259,A3,test,0,0,cosine,0,0
p0883,pm259,A3,test,0,0,LegalBERT-NLI,0,0
p0883,pm259,A3,test,0,0,COLIEE-retrieval,0,0
p0883,pm259,A3,test,0,0,RAG-only,1,0
p0883,pm259,A3,test,0,0,ALERT-flat,1,0
p0883,pm259,A3,test,0,0,ALERT,0,0
p0884,pm260,A4,test,1,0,cosine,1,1
p0884,pm260,A4,test,1,0,LegalBERT-NLI,0,0
p0884,pm260,A4,test,1,0,COLIEE-retrieval,0,0
p0884,pm260,A4,test,1,0,RAG-only,0,0
p0884,pm260,A4,test,1,0,ALERT-flat,0,0
p0884,pm260,A4,test,1,0,ALERT,0,0
p0885,pm261,A0,train,0,1,cosine,0,0
p0885,pm261,A0,train,0,1,LegalBERT-NLI,1,0
p0885,pm261,A0,train,0,1,COLIEE-retrieval,1,0
p0885,pm261,A0,train,0,1,RAG-only,1,0
p0885,pm261,A0,train,0,1,ALERT-flat,0,0
p0885,pm261,A0,train,0,1,ALERT,0,0
p0886,pm262,A1,test,0,1,cosine,0,0
p0886,pm262,A1,test,0,1,LegalBERT-NLI,1,0
p0886,pm262,A1,test,0,1,COLIEE-retrieval,1,0
p0886,pm262,A1,test,0,1,RAG-only,1,0
p0886,pm262,A1,test,0,1,ALERT-flat,1,0
p0886,pm262,A1,test,0,1,ALERT,1,0
p0887,pm263,A2,test,0,0,cosine,0,0
p0887,pm263,A2,test,0,0,LegalBERT-NLI,0,0
p0887,pm263,A2,test,0,0,COLIEE-retrieval,1,0
p0887,pm263,A2,test,0,0,RAG-only,0,0
p0887,pm263,A2,test,0,0,ALERT-flat,0,0
p0887,pm263,A2,test,0,0,ALERT,0,0
p0888,pm264,A3,test,0,0,cosine,0,0
p0888,pm264,A3,test,0,0,LegalBERT-NLI,0,0
p0888,pm264,A3,test,0,0,COLIEE-retrieval,0,0
p0888,pm264,A3,test,0,0,RAG-only,0,0
p0888,pm264,A3,test,0,0,ALERT-flat,0,0
p0888,pm264,A3,test,0,0,ALERT,0,0
p0889,pm265,A4,test,0,0,cosine,0,0
p0889,pm265,A4,test,0,0,LegalBERT-NLI,0,0
p0889,pm265,A4,test,0,0,COLIEE-retrieval,0,0
p0889,pm265,A4,test,0,0,RAG-only,1,0
p0889,pm265,A4,test,0,0,ALERT-flat,0,0
p0889,pm265,A4,test,0,0,ALERT,0,0
p0890,pm266,A0,train,1,0,cosine,0,0
p0890,pm266,A0,train,1,0,LegalBERT-NLI,0,0
p0890,pm266,A0,train,1,0,COLIEE-retrieval,0,0
p0890,pm266,A0,train,1,0,RAG-only,1,1
p0890,pm266,A0,train,1,0,ALERT-flat,0,0
p0890,pm266,A0,train,1,0,ALERT,0,0
p0891,pm267,A1,test,0,0,cosine,0,0
p0891,pm267,A1,test,0,0,LegalBERT-NLI,0,0
p0891,pm267,A1,test,0,0,COLIEE-retrieval,0,0
p0891,pm267,A1,test,0,0,RAG-only,0,0
p0891,pm267,A1,test,0,0,ALERT-flat,0,0
p0891,pm267,A1,test,0,0,ALERT,0,0
p0892,pm268,A2,test,0,0,cosine,0,0
p0892,pm268,A2,test,0,0,LegalBERT-NLI,0,0
p0892,pm268,A2,test,0,0,COLIEE-retrieval,0,0
p0892,pm268,A2,test,0,0,RAG-only,0,0
p0892,pm268,A2,test,0,0,ALERT-flat,0,0
p0892,pm268,A2,test,0,0,ALERT,0,0
p0893,pm269,A3,test,0,1,cosine,1,0
p0893,pm269,A3,test,0,1,LegalBERT-NLI,1,0
p0893,pm269,A3,test,0,1,COLIEE-retrieval,0,0
p0893,pm269,A3,test,0,1,RAG-only,1,0
p0893,pm269,A3,test,0,1,ALERT-flat,1,0
p0893,pm269,A3,test,0,1,ALERT,1,0
p0894,pm270,A4,test,0,0,cosine,0,0
p0894,pm270,A4,test,0,0,LegalBERT-NLI,0,0
p0894,pm270,A4,test,0,0,COLIEE-retrieval,1,0
p0894,pm270,A4,test,0,0,RAG-only,0,0
p0894,pm270,A4,test,0,0,ALERT-flat,1,0
p0894,pm270,A4,test,0,0,ALERT,0,0
p0895,pm271,A0,train,0,0,cosine,0,0
p0895,pm271,A0,train,0,0,LegalBERT-NLI,0,0
p0895,pm271,A0,train,0,0,COLIEE-retrieval,0,0
p0895,pm271,A0,train,0,0,RAG-only,0,0
p0895,pm271,A0,train,0,0,ALERT-flat,0,0
p0895,pm271,A0,train,0,0,ALERT,1,0
p0896,pm272,A1,test,0,0,cosine,0,0
p0896,pm272,A1,test,0,0,LegalBERT-NLI,0,0
p0896,pm272,A1,test,0,0,COLIEE-retrieval,0,0
p0896,pm272,A1,test,0,0,RAG-only,1,0
p0896,pm272,A1,test,0,0,ALERT-flat,0,0
p0896,pm272,A1,test,0,0,ALERT,0,0
p0897,pm273,A2,test,1,0,cosine,0,0
p0897,pm273,A2,test,1,0,LegalBERT-NLI,0,0
p0897,pm273,A2,test,1,0,COLIEE-retrieval,0,0
p0897,pm273,A2,test,1,0,RAG-only,0,0
p0897,pm273,A2,test,1,0,ALERT-flat,0,0
p0897,pm273,A2,test,1,0,ALERT,0,0
p0898,pm274,A3,test,0,0,cosine,0,0
p0898,pm274,A3,test,0,0,LegalBERT-NLI,0,0
p0898,pm274,A3,test,0,0,COLIEE-retrieval,0,0
p0898,pm274,A3,test,0,0,RAG-only,1,0
p0898,pm274,A3,test,0,0,ALERT-flat,1,0
p0898,pm274,A3,test,0,0,ALERT,1,0
p0899,pm275,A4,test,1,0,cosine,0,0
p0899,pm275,A4,test,1,0,LegalBERT-NLI,0,0
p0899,pm275,A4,test,1,0,COLIEE-retrieval,0,0
p0899,pm275,A4,test,1,0,RAG-only,1,1
p0899,pm275,A4,test,1,0,ALERT-flat,0,0
p0899,pm275,A4,test,1,0,ALERT,0,0
p0900,pm276,A0,train,0,1,cosine,1,0
p0900,pm276,A0,train,0,1,LegalBERT-NLI,0,0
p0900,pm276,A0,train,0,1,COLIEE-retrieval,1,0
p0900,pm276,A0,train,0,1,RAG-only,1,0
p0900,pm276,A0,train,0,1,ALERT-flat,1,0
p0900,pm276,A0,train,0,1,ALERT,1,0
p0901,pm277,A1,test,0,0,cosine,0,0
p0901,pm277,A1,test,0,0,LegalBERT-NLI,0,0
p0901,pm277,A1,test,0,0,COLIEE-retrieval,0,0
p0901,pm277,A1,test,0,0,RAG-only,0,0
p0901,pm277,A1,test,0,0,ALERT-flat,0,0
p0901,pm277,A1,test,0,0,ALERT,0,0
p0902,pm278,A2,test,0,1,cosine,1,0
p0902,pm278,A2,test,0,1,LegalBERT-NLI,0,0
p0902,pm278,A2,test,0,1,COLIEE-retrieval,1,0
p0902,pm278,A2,test,0,1,RAG-only,1,0
p0902,pm278,A2,test,0,1,ALERT-flat,0,0
p0902,pm278,A2,test,0,1,ALERT,1,0
p0903,pm279,A3,test,0,0,cosine,0,0
p0903,pm279,A3,test,0,0,LegalBERT-NLI,0,0
p0903,pm279,A3,test,0,0,COLIEE-retrieval,0,0
p0903,pm279,A3,test,0,0,RAG-only,0,0
p0903,pm279,A3,test,0,0,ALERT-flat,0,0
p0903,pm279,A3,test,0,0,ALERT,0,0
p0904,pm280,A4,test,0,0,cosine,1,0
p0904,pm280,A4,test,0,0,LegalBERT-NLI,0,0
p0904,pm280,A4,test,0,0,COLIEE-retrieval,0,0
p0904,pm280,A4,test,0,0,RAG-only,0,0
p0904,pm280,A4,test,0,0,ALERT-flat,0,0
p0904,pm280,A4,test,0,0,ALERT,0,0
p0905,pm281,A0,train,1,0,cosine,1,1
p0905,pm281,A0,train,1,0,LegalBERT-NLI,0,0
p0905,pm281,A0,train,1,0,COLIEE-retrieval,0,0
p0905,pm281,A0,train,1,0,RAG-only,1,1
p0905,pm281,A0,train,1,0,ALERT-flat,0,0
p0905,pm281,A0,train,1,0,ALERT,0,0
p0906,pm282,A1,test,0,0,cosine,0,0
p0906,pm282,A1,test,0,0,LegalBERT-NLI,1,0
p0906,pm282,A1,test,0,0,COLIEE-retrieval,0,0
p0906,pm282,A1,test,0,0,RAG-only,0,0
p0906,pm282,A1,test,0,0,ALERT-flat,0,0
p0906,pm282,A1,test,0,0,ALERT,0,0
p0907,pm283,A2,test,1,0,cosine,1,1
p0907,pm283,A2,test,1,0,LegalBERT-NLI,0,0
p0907,pm283,A2,test,1,0,COLIEE-retrieval,0,0
p0907,pm283,A2,test,1,0,RAG-only,0,0
p0907,pm283,A2,test,1,0,ALERT-flat,0,0
p0907,pm283,A2,test,1,0,ALERT,0,0
p0908,pm284,A3,test,0,0,cosine,0,0
p0908,pm284,A3,test,0,0,LegalBERT-NLI,0,0
p0908,pm284,A3,test,0,0,COLIEE-retrieval,0,0
p0908,pm284,A3,test,0,0,RAG-only,0,0
p0908,pm284,A3,test,0,0,ALERT-flat,0,0
p0908,pm284,A3,test,0,0,ALERT,0,0
p0909,pm285,A4,test,0,0,cosine,0,0
p0909,pm285,A4,test,0,0,LegalBERT-NLI,1,0
p0909,pm285,A4,test,0,0,COLIEE-retrieval,1,0
p0909,pm285,A4,test,0,0,RAG-only,0,0
p0909,pm285,A4,test,0,0,ALERT-flat,0,0
p0909,pm285,A4,test,0,0,ALERT,0,0
p0910,pm286,A0,train,0,0,cosine,0,0
p0910,pm286,A0,train,0,0,LegalBERT-NLI,0,0
p0910,pm286,A0,train,0,0,COLIEE-retrieval,0,0
p0910,pm286,A0,train,0,0,RAG-only,0,0
p0910,pm286,A0,train,0,0,ALERT-flat,0,0
p0910,pm286,A0,train,0,0,ALERT,0,0
p0911,pm287,A1,test,0,0,cosine,0,0
p0911,pm287,A1,test,0,0,LegalBERT-NLI,0,0
p0911,pm287,A1,test,0,0,COLIEE-retrieval,0,0
p0911,pm287,A1,test,0,0,RAG-only,1,0
p0911,pm287,A1,test,0,0,ALERT-flat,0,0
p0911,pm287,A1,test,0,0,ALERT,0,0
p0912,pm288,A2,test,0,0,cosine,0,0
p0912,pm288,A2,test,0,0,LegalBERT-NLI,0,0
p0912,pm288,A2,test,0,0,COLIEE-retrieval,1,0
p0912,pm288,A2,test,0,0,RAG-only,1,0
p0912,pm288,A2,test,0,0,ALERT-flat,0,0
p0912,pm288,A2,test,0,0,ALERT,0,0
p0913,pm289,A3,test,0,1,cosine,1,0
p0913,pm289,A3,test,0,1,LegalBERT-NLI,1,0
p0913,pm289,A3,test,0,1,COLIEE-retrieval,1,0
p0913,pm289,A3,test,0,1,RAG-only,1,0
p0913,pm289,A3,test,0,1,ALERT-flat,1,0
p0913,pm289,A3,test,0,1,ALERT,1,0
p0914,pm290,A4,test,0,1,cosine,1,0
p0914,pm290,A4,test,0,1,LegalBERT-NLI,1,0
p0914,pm290,A4,test,0,1,COLIEE-retrieval,1,0
p0914,pm290,A4,test,0,1,RAG-only,1,0
p0914,pm290,A4,test,0,1,ALERT-flat,0,0
p0914,pm290,A4,test,0,1,ALERT,0,0
p0915,pm291,A0,train,0,0,cosine,0,0
p0915,pm291,A0,train,0,0,LegalBERT-NLI,1,0
p0915,pm291,A0,train,0,0,COLIEE-retrieval,1,0
p0915,pm291,A0,train,0,0,RAG-only,0,0
p0915,pm291,A0,train,0,0,ALERT-flat,0,0
p0915,pm291,A0,train,0,0,ALERT,0,0
p0916,pm292,A1,test,0,1,cosine,1,0
p0916,pm292,A1,test,0,1,LegalBERT-NLI,1,0
p0916,pm292,A1,test,0,1,COLIEE-retrieval,1,0
p0916,pm292,A1,test,0,1,RAG-only,1,0
p0916,pm292,A1,test,0,1,ALERT-flat,1,0
p0916,pm292,A1,test,0,1,ALERT,1,0
p0917,pm293,A2,test,0,0,cosine,0,0
p0917,pm293,A2,test,0,0,LegalBERT-NLI,0,0
p0917,pm293,A2,test,0,0,COLIEE-retrieval,0,0
p0917,pm293,A2,test,0,0,RAG-only,0,0
p0917,pm293,A2,test,0,0,ALERT-flat,1,0
p0917,pm293,A2,test,0,0,ALERT,0,0
p0918,pm294,A3,test,0,1,cosine,1,0
p0918,pm294,A3,test,0,1,LegalBERT-NLI,1,0
p0918,pm294,A3,test,0,1,COLIEE-retrieval,0,0
p0918,pm294,A3,test,0,1,RAG-only,1,0
p0918,pm294,A3,test,0,1,ALERT-flat,1,0
p0918,pm294,A3,test,0,1,ALERT,1,0
p0919,pm295,A4,test,0,1,cosine,1,0
p0919,pm295,A4,test,0,1,LegalBERT-NLI,1,0
p0919,pm295,A4,test,0,1,COLIEE-retrieval,1,0
p0919,pm295,A4,test,0,1,RAG-only,1,0
p0919,pm295,A4,test,0,1,ALERT-flat,1,0
p0919,pm295,A4,test,0,1,ALERT,1,0
p0920,pm296,A0,train,0,0,cosine,0,0
p0920,pm296,A0,train,0,0,LegalBERT-NLI,1,0
p0920,pm296,A0,train,0,0,COLIEE-retrieval,0,0
p0920,pm296,A0,train,0,0,RAG-only,0,0
p0920,pm296,A0,train,0,0,ALERT-flat,0,0
p0920,pm296,A0,train,0,0,ALERT,0,0
p0921,pm297,A1,test,0,0,cosine,1,0
p0921,pm297,A1,test,0,0,LegalBERT-NLI,0,0
p0921,pm297,A1,test,0,0,COLIEE-retrieval,0,0
p0921,pm297,A1,test,0,0,RAG-only,0,0
p0921,pm297,A1,test,0,0,ALERT-flat,0,0
p0921,pm297,A1,test,0,0,ALERT,0,0
p0922,pm298,A2,test,0,1,cosine,1,0
p0922,pm298,A2,test,0,1,LegalBERT-NLI,1,0
p0922,pm298,A2,test,0,1,COLIEE-retrieval,1,0
p0922,pm298,A2,test,0,1,RAG-only,0,0
p0922,pm298,A2,test,0,1,ALERT-flat,1,0
p0922,pm298,A2,test,0,1,ALERT,1,0
p0923,pm299,A3,test,0,0,cosine,1,0
p0923,pm299,A3,test,0,0,LegalBERT-NLI,0,0
p0923,pm299,A3,test,0,0,COLIEE-retrieval,0,0
p0923,pm299,A3,test,0,0,RAG-only,0,0
p0923,pm299,A3,test,0,0,ALERT-flat,0,0
p0923,pm299,A3,test,0,0,ALERT,0,0
p0924,pm300,A4,test,0,0,cosine,0,0
p0924,pm300,A4,test,0,0,LegalBERT-NLI,0,0
p0924,pm300,A4,test,0,0,COLIEE-retrieval,0,0
p0924,pm300,A4,test,0,0,RAG-only,0,0
p0924,pm300,A4,test,0,0,ALERT-flat,0,0
p0924,pm300,A4,test,0,0,ALERT,0,0
p0925,pm301,A0,train,1,0,cosine,0,0
p0925,pm301,A0,train,1,0,LegalBERT-NLI,0,0
p0925,pm301,A0,train,1,0,COLIEE-retrieval,0,0
p0925,pm301,A0,train,1,0,RAG-only,0,0
p0925,pm301,A0,train,1,0,ALERT-flat,0,0
p0925,pm301,A0,train,1,0,ALERT,0,0
p0926,pm302,A1,test,0,0,cosine,0,0
p0926,pm302,A1,test,0,0,LegalBERT-NLI,0,0
p0926,pm302,A1,test,0,0,COLIEE-retrieval,1,0
p0926,pm302,A1,test,0,0,RAG-only,0,0
p0926,pm302,A1,test,0,0,ALERT-flat,0,0
p0926,pm302,A1,test,0,0,ALERT,0,0
p0927,pm303,A2,test,0,0,cosine,0,0
p0927,pm303,A2,test,0,0,LegalBERT-NLI,0,0
p0927,pm303,A2,test,0,0,COLIEE-retrieval,1,0
p0927,pm303,A2,test,0,0,RAG-only,0,0
p0927,pm303,A2,test,0,0,ALERT-flat,0,0
p0927,pm303,A2,test,0,0,ALERT,1,0
p0928,pm304,A3,test,0,0,cosine,0,0
p0928,pm304,A3,test,0,0,LegalBERT-NLI,0,0
p0928,pm304,A3,test,0,0,COLIEE-retrieval,1,0
p0928,pm304,A3,test,0,0,RAG-only,1,0
p0928,pm304,A3,test,0,0,ALERT-flat,0,0
p0928,pm304,A3,test,0,0,ALERT,0,0
p0929,pm305,A4,test,0,0,cosine,1,0
p0929,pm305,A4,test,0,0,LegalBERT-NLI,0,0
p0929,pm305,A4,test,0,0,COLIEE-retrieval,0,0
p0929,pm305,A4,test,0,0,RAG-only,0,0
p0929,pm305,A4,test,0,0,ALERT-flat,0,0
p0929,pm305,A4,test,0,0,ALERT,0,0
p0930,pm306,A0,train,0,1,cosine,1,0
p0930,pm306,A0,train,0,1,LegalBERT-NLI,1,0
p0930,pm306,A0,train,0,1,COLIEE-retrieval,1,0
p0930,pm306,A0,train,0,1,RAG-only,1,0
p0930,pm306,A0,train,0,1,ALERT-flat,1,0
p0930,pm306,A0,train,0,1,ALERT,0,0
p0931,pm307,A1,test,0,0,cosine,0,0
p0931,pm307,A1,test,0,0,LegalBERT-NLI,0,0
p0931,pm307,A1,test,0,0,COLIEE-retrieval,0,0
p0931,pm307,A1,test,0,0,RAG-only,0,0
p0931,pm307,A1,test,0,0,ALERT-flat,0,0
p0931,pm307,A1,test,0,0,ALERT,0,0
p0932,pm308,A2,test,0,1,cosine,1,0
p0932,pm308,A2,test,0,1,LegalBERT-NLI,1,0
p0932,pm308,A2,test,0,1,COLIEE-retrieval,1,0
p0932,pm308,A2,test,0,1,RAG-only,1,0
p0932,pm308,A2,test,0,1,ALERT-flat,1,0
p0932,pm308,A2,test,0,1,ALERT,1,0
p0933,pm309,A3,test,0,1,cosine,1,0
p0933,pm309,A3,test,0,1,LegalBERT-NLI,1,0
p0933,pm309,A3,test,0,1,COLIEE-retrieval,1,0
p0933,pm309,A3,test,0,1,RAG-only,1,0
p0933,pm309,A3,test,0,1,ALERT-flat,0,0
p0933,pm309,A3,test,0,1,ALERT,1,0
p0934,pm310,A4,test,0,1,cosine,1,0
p0934,pm310,A4,test,0,1,LegalBERT-NLI,1,0
p0934,pm310,A4,test,0,1,COLIEE-retrieval,1,0
p0934,pm310,A4,test,0,1,RAG-only,1,0
p0934,pm310,A4,test,0,1,ALERT-flat,1,0
p0934,pm310,A4,test,0,1,ALERT,1,0
p0935,pm311,A0,train,0,0,cosine,0,0
p0935,pm311,A0,train,0,0,LegalBERT-NLI,0,0
p0935,pm311,A0,train,0,0,COLIEE-retrieval,0,0
p0935,pm311,A0,train,0,0,RAG-only,0,0
p0935,pm311,A0,train,0,0,ALERT-flat,0,0
p0935,pm311,A0,train,0,0,ALERT,0,0
p0936,pm000,A1,test,0,1,cosine,1,0
p0936,pm000,A1,test,0,1,LegalBERT-NLI,1,0
p0936,pm000,A1,test,0,1,COLIEE-retrieval,0,0
p0936,pm000,A1,test,0,1,RAG-only,1,0
p0936,pm000,A1,test,0,1,ALERT-flat,1,0
p0936,pm000,A1,test,0,1,ALERT,1,0
p0937,pm001,A2,test,0,0,cosine,0,0
p0937,pm001,A2,test,0,0,LegalBERT-NLI,0,0
p0937,pm001,A2,test,0,0,COLIEE-retrieval,0,0
p0937,pm001,A2,test,0,0,RAG-only,0,0
p0937,pm001,A2,test,0,0,ALERT-flat,0,0
p0937,pm001,A2,test,0,0,ALERT,0,0
p0938,pm002,A3,test,0,0,cosine,1,0
p0938,pm002,A3,test,0,0,LegalBERT-NLI,0,0
p0938,pm002,A3,test,0,0,COLIEE-retrieval,0,0
p0938,pm002,A3,test,0,0,RAG-only,0,0
p0938,pm002,A3,test,0,0,ALERT-flat,1,0
p0938,pm002,A3,test,0,0,ALERT,0,0
p0939,pm003,A4,test,1,0,cosine,0,0
p0939,pm003,A4,test,1,0,LegalBERT-NLI,1,1
p0939,pm003,A4,test,1,0,COLIEE-retrieval,0,0
p0939,pm003,A4,test,1,0,RAG-only,0,0
p0939,pm003,A4,test,1,0,ALERT-flat,0,0
p0939,pm003,A4,test,1,0,ALERT,0,0
p0940,pm004,A0,train,0,0,cosine,1,0
p0940,pm004,A0,train,0,0,LegalBERT-NLI,0,0
p0940,pm004,A0,train,0,0,COLIEE-retrieval,0,0
p0940,pm004,A0,train,0,0,RAG-only,0,0
p0940,pm004,A0,train,0,0,ALERT-flat,0,0
p0940,pm004,A0,train,0,0,ALERT,0,0
p0941,pm005,A1,test,1,0,cosine,0,0
p0941,pm005,A1,test,1,0,LegalBERT-NLI,0,0
p0941,pm005,A1,test,1,0,COLIEE-retrieval,1,1
p0941,pm005,A1,test,1,0,RAG-only,0,0
p0941,pm005,A1,test,1,0,ALERT-flat,1,1
p0941,pm005,A1,test,1,0,ALERT,0,0
p0942,pm006,A2,test,1,0,cosine,0,0
p0942,pm006,A2,test,1,0,LegalBERT-NLI,0,0
p0942,pm006,A2,test,1,0,COLIEE-retrieval,1,1
p0942,pm006,A2,test,1,0,RAG-only,0,0
p0942,pm006,A2,test,1,0,ALERT-flat,0,0
p0942,pm006,A2,test,1,0,ALERT,0,0
p0943,pm007,A3,test,0,0,cosine,0,0
p0943,pm007,A3,test,0,0,LegalBERT-NLI,0,0
p0943,pm007,A3,test,0,0,COLIEE-retrieval,0,0
p0943,pm007,A3,test,0,0,RAG-only,1,0
p0943,pm007,A3,test,0,0,ALERT-flat,0,0
p0943,pm007,A3,test,0,0,ALERT,0,0
p0944,pm008,A4,test,0,0,cosine,1,0
p0944,pm008,A4,test,0,0,LegalBERT-NLI,0,0
p0944,pm008,A4,test,0,0,COLIEE-retrieval,0,0
p0944,pm008,A4,test,0,0,RAG-only,0,0
p0944,pm008,A4,test,0,0,ALERT-flat,0,0
p0944,pm008,A4,test,0,0,ALERT,0,0
p0945,pm009,A0,train,1,0,cosine,0,0
p0945,pm009,A0,train,1,0,LegalBERT-NLI,0,0
p0945,pm009,A0,train,1,0,COLIEE-retrieval,0,0
p0945,pm009,A0,train,1,0,RAG-only,1,1
p0945,pm009,A0,train,1,0,ALERT-flat,1,1
p0945,pm009,A0,train,1,0,ALERT,0,0
p0946,pm010,A1,test,0,1,cosine,0,0
p0946,pm010,A1,test,0,1,LegalBERT-NLI,1,0
p0946,pm010,A1,test,0,1,COLIEE-retrieval,1,0
p0946,pm010,A1,test,0,1,RAG-only,1,0
p0946,pm010,A1,test,0,1,ALERT-flat,1,0
p0946,pm010,A1,test,0,1,ALERT,1,0
p0947,pm011,A2,test,0,0,cosine,0,0
p0947,pm011,A2,test,0,0,LegalBERT-NLI,0,0
p0947,pm011,A2,test,0,0,COLIEE-retrieval,1,0
p0947,pm011,A2,test,0,0,RAG-only,0,0
p0947,pm011,A2,test,0,0,ALERT-flat,0,0
p0947,pm011,A2,test,0,0,ALERT,0,0
p0948,pm012,A3,test,1,0,cosine,0,0
p0948,pm012,A3,test,1,0,LegalBERT-NLI,0,0
p0948,pm012,A3,test,1,0,COLIEE-retrieval,0,0
p0948,pm012,A3,test,1,0,RAG-only,0,0
p0948,pm012,A3,test,1,0,ALERT-flat,0,0
p0948,pm012,A3,test,1,0,ALERT,0,0
p0949,pm013,A4,test,1,0,cosine,0,0
p0949,pm013,A4,test,1,0,LegalBERT-NLI,0,0
p0949,pm013,A4,test,1,0,COLIEE-retrieval,0,0
p0949,pm013,A4,test,1,0,RAG-only,0,0
p0949,pm013,A4,test,1,0,ALERT-flat,0,0
p0949,pm013,A4,test,1,0,ALERT,0,0
p0950,pm014,A0,train,0,0,cosine,0,0
p0950,pm014,A0,train,0,0,LegalBERT-NLI,0,0
p0950,pm014,A0,train,0,0,COLIEE-retrieval,0,0
p0950,pm014,A0,train,0,0,RAG-only,1,0
p0950,pm014,A0,train,0,0,ALERT-flat,1,0
p0950,pm014,A0,train,0,0,ALERT,0,0
p0951,pm015,A1,test,0,1,cosine,1,0
p0951,pm015,A1,test,0,1,LegalBERT-NLI,1,0
p0951,pm015,A1,test,0,1,COLIEE-retrieval,1,0
p0951,pm015,A1,test,0,1,RAG-only,1,0
p0951,pm015,A1,test,0,1,ALERT-flat,1,0
p0951,pm015,A1,test,0,1,ALERT,1,0
p0952,pm016,A2,test,0,0,cosine,0,0
p0952,pm016,A2,test,0,0,LegalBERT-NLI,0,0
p0952,pm016,A2,test,0,0,COLIEE-retrieval,0,0
p0952,pm016,A2,test,0,0,RAG-only,0,0
p0952,pm016,A2,test,0,0,ALERT-flat,1,0
p0952,pm016,A2,test,0,0,ALERT,0,0
p0953,pm017,A3,test,1,0,cosine,1,1
p0953,pm017,A3,test,1,0,LegalBERT-NLI,0,0
p0953,pm017,A3,test,1,0,COLIEE-retrieval,0,0
p0953,pm017,A3,test,1,0,RAG-only,0,0
p0953,pm017,A3,test,1,0,ALERT-flat,0,0
p0953,pm017,A3,test,1,0,ALERT,0,0
p0954,pm018,A4,test,0,0,cosine,1,0
p0954,pm018,A4,test,0,0,LegalBERT-NLI,0,0
p0954,pm018,A4,test,0,0,COLIEE-retrieval,0,0
p0954,pm018,A4,test,0,0,RAG-only,0,0
p0954,pm018,A4,test,0,0,ALERT-flat,0,0
p0954,pm018,A4,test,0,0,ALERT,0,0
p0955,pm019,A0,train,0,1,cosine,1,0
p0955,pm019,A0,train,0,1,LegalBERT-NLI,0,0
p0955,pm019,A0,train,0,1,COLIEE-retrieval,1,0
p0955,pm019,A0,train,0,1,RAG-only,1,0
p0955,pm019,A0,train,0,1,ALERT-flat,1,0
p0955,pm019,A0,train,0,1,ALERT,1,0
p0956,pm020,A1,test,0,0,cosine,1,0
p0956,pm020,A1,test,0,0,LegalBERT-NLI,1,0
p0956,pm020,A1,test,0,0,COLIEE-retrieval,0,0
p0956,pm020,A1,test,0,0,RAG-only,1,0
p0956,pm020,A1,test,0,0,ALERT-flat,0,0
p0956,pm020,A1,test,0,0,ALERT,0,0
p0957,pm021,A2,test,0,0,cosine,0,0
p0957,pm021,A2,test,0,0,LegalBERT-NLI,0,0
p0957,pm021,A2,test,0,0,COLIEE-retrieval,0,0
p0957,pm021,A2,test,0,0,RAG-only,0,0
p0957,pm021,A2,test,0,0,ALERT-flat,1,0
p0957,pm021,A2,test,0,0,ALERT,1,0
p0958,pm022,A3,test,1,0,cosine,0,0
p0958,pm022,A3,test,1,0,LegalBERT-NLI,0,0
p0958,pm022,A3,test,1,0,COLIEE-retrieval,0,0
p0958,pm022,A3,test,1,0,RAG-only,0,0
p0958,pm022,A3,test,1,0,ALERT-flat,0,0
p0958,pm022,A3,test,1,0,ALERT,0,0
p0959,pm023,A4,test,1,0,cosine,0,0
p0959,pm023,A4,test,1,0,LegalBERT-NLI,0,0
p0959,pm023,A4,test,1,0,COLIEE-retrieval,0,0
p0959,pm023,A4,test,1,0,RAG-only,1,1
p0959,pm023,A4,test,1,0,ALERT-flat,1,1
p0959,pm023,A4,test,1,0,ALERT,0,0
p0960,pm024,A0,train,0,1,cosine,0,0
p0960,pm024,A0,train,0,1,LegalBERT-NLI,1,0
p0960,pm024,A0,train,0,1,COLIEE-retrieval,1,0
p0960,pm024,A0,train,0,1,RAG-only,1,0
p0960,pm024,A0,train,0,1,ALERT-flat,1,0
p0960,pm024,A0,train,0,1,ALERT,1,0
p0961,pm025,A1,test,0,0,cosine,0,0
p0961,pm025,A1,test,0,0,LegalBERT-NLI,0,0
p0961,pm025,A1,test,0,0,COLIEE-retrieval,0,0
p0961,pm025,A1,test,0,0,RAG-only,0,0
p0961,pm025,A1,test,0,0,ALERT-flat,0,0
p0961,pm025,A1,test,0,0,ALERT,0,0
p0962,pm026,A2,test,1,0,cosine,0,0
p0962,pm026,A2,test,1,0,LegalBERT-NLI,0,0
p0962,pm026,A2,test,1,0,COLIEE-retrieval,0,0
p0962,pm026,A2,test,1,0,RAG-only,0,0
p0962,pm026,A2,test,1,0,ALERT-flat,0,0
p0962,pm026,A2,test,1,0,ALERT,0,0
p0963,pm027,A3,test,0,0,cosine,0,0
p0963,pm027,A3,test,0,0,LegalBERT-NLI,0,0
p0963,pm027,A3,test,0,0,COLIEE-retrieval,0,0
p0963,pm027,A3,test,0,0,RAG-only,0,0
p0963,pm027,A3,test,0,0,ALERT-flat,1,0
p0963,pm027,A3,test,0,0,ALERT,1,0
p0964,pm028,A4,test,0,1,cosine,1,0
p0964,pm028,A4,test,0,1,LegalBERT-NLI,0,0
p0964,pm028,A4,test,0,1,COLIEE-retrieval,1,0
p0964,pm028,A4,test,0,1,RAG-only,1,0
p0964,pm028,A4,test,0,1,ALERT-flat,1,0
p0964,pm028,A4,test,0,1,ALERT,1,0
p0965,pm029,A0,train,0,0,cosine,0,0
p0965,pm029,A0,train,0,0,LegalBERT-NLI,0,0
p0965,pm029,A0,train,0,0,COLIEE-retrieval,0,0
p0965,pm029,A0,train,0,0,RAG-only,0,0
p0965,pm029,A0,train,0,0,ALERT-flat,0,0
p0965,pm029,A0,train,0,0,ALERT,0,0
p0966,pm030,A1,test,0,0,cosine,0,0
p0966,pm030,A1,test,0,0,LegalBERT-NLI,0,0
p0966,pm030,A1,test,0,0,COLIEE-retrieval,0,0
p0966,pm030,A1,test,0,0,RAG-only,0,0
p0966,pm030,A1,test,0,0,ALERT-flat,0,0
p0966,pm030,A1,test,0,0,ALERT,0,0
p0967,pm031,A2,test,1,0,cosine,1,1
p0967,pm031,A2,test,1,0,LegalBERT-NLI,0,0
p0967,pm031,A2,test,1,0,COLIEE-retrieval,0,0
p0967,pm031,A2,test,1,0,RAG-only,0,0
p0967,pm031,A2,test,1,0,ALERT-flat,0,0
p0967,pm031,A2,test,1,0,ALERT,0,0
p0968,pm032,A3,test,0,1,cosine,1,0
p0968,pm032,A3,test,0,1,LegalBERT-NLI,1,0
p0968,pm032,A3,test,0,1,COLIEE-retrieval,1,0
p0968,pm032,A3,test,0,1,RAG-only,1,0
p0968,pm032,A3,test,0,1,ALERT-flat,1,0
p0968,pm032,A3,test,0,1,ALERT,1,0
p0969,pm033,A4,test,0,0,cosine,1,0
p0969,pm033,A4,test,0,0,LegalBERT-NLI,1,0
p0969,pm033,A4,test,0,0,COLIEE-retrieval,0,0
p0969,pm033,A4,test,0,0,RAG-only,0,0
p0969,pm033,A4,test,0,0,ALERT-flat,0,0
p0969,pm033,A4,test,0,0,ALERT,0,0
p0970,pm034,A0,train,0,0,cosine,0,0
p0970,pm034,A0,train,0,0,LegalBERT-NLI,0,0
p0970,pm034,A0,train,0,0,COLIEE-retrieval,0,0
p0970,pm034,A0,train,0,0,RAG-only,0,0
p0970,pm034,A0,train,0,0,ALERT-flat,0,0
p0970,pm034,A0,train,0,0,ALERT,0,0
p0971,pm035,A1,test,0,0,cosine,1,0
p0971,pm035,A1,test,0,0,LegalBERT-NLI,0,0
p0971,pm035,A1,test,0,0,COLIEE-retrieval,0,0
p0971,pm035,A1,test,0,0,RAG-only,0,0
p0971,pm035,A1,test,0,0,ALERT-flat,0,0
p0971,pm035,A1,test,0,0,ALERT,0,0
p0972,pm036,A2,test,0,1,cosine,1,0
p0972,pm036,A2,test,0,1,LegalBERT-NLI,1,0
p0972,pm036,A2,test,0,1,COLIEE-retrieval,0,0
p0972,pm036,A2,test,0,1,RAG-only,1,0
p0972,pm036,A2,test,0,1,ALERT-flat,1,0
p0972,pm036,A2,test,0,1,ALERT,1,0
p0973,pm037,A3,test,0,0,cosine,1,0
p0973,pm037,A3,test,0,0,LegalBERT-NLI,1,0
p0973,pm037,A3,test,0,0,COLIEE-retrieval,1,0
p0973,pm037,A3,test,0,0,RAG-only,0,0
p0973,pm037,A3,test,0,0,ALERT-flat,0,0
p0973,pm037,A3,test,0,0,ALERT,0,0
p0974,pm038,A4,test,0,0,cosine,0,0
p0974,pm038,A4,test,0,0,LegalBERT-NLI,0,0
p0974,pm038,A4,test,0,0,COLIEE-retrieval,0,0
p0974,pm038,A4,test,0,0,RAG-only,0,0
p0974,pm038,A4,test,0,0,ALERT-flat,0,0
p0974,pm038,A4,test,0,0,ALERT,0,0
p0975,pm039,A0,train,0,0,cosine,1,0
p0975,pm039,A0,train,0,0,LegalBERT-NLI,0,0
p0975,pm039,A0,train,0,0,COLIEE-retrieval,0,0
p0975,pm039,A0,train,0,0,RAG-only,1,0
p0975,pm039,A0,train,0,0,ALERT-flat,0,0
p0975,pm039,A0,train,0,0,ALERT,1,0
p0976,pm040,A1,test,0,0,cosine,0,0
p0976,pm040,A1,test,0,0,LegalBERT-NLI,0,0
p0976,pm040,A1,test,0,0,COLIEE-retrieval,0,0
p0976,pm040,A1,test,0,0,RAG-only,0,0
p0976,pm040,A1,test,0,0,ALERT-flat,0,0
p0976,pm040,A1,test,0,0,ALERT,1,0
p0977,pm041,A2,test,0,1,cosine,1,0
p0977,pm041,A2,test,0,1,LegalBERT-NLI,1,0
p0977,pm041,A2,test,0,1,COLIEE-retrieval,1,0
p0977,pm041,A2,test,0,1,RAG-only,1,0
p0977,pm041,A2,test,0,1,ALERT-flat,1,0
p0977,pm041,A2,test,0,1,ALERT,1,0
p0978,pm042,A3,test,0,0,cosine,1,0
p0978,pm042,A3,test,0,0,LegalBERT-NLI,0,0
p0978,pm042,A3,test,0,0,COLIEE-retrieval,0,0
p0978,pm042,A3,test,0,0,RAG-only,0,0
p0978,pm042,A3,test,0,0,ALERT-flat,0,0
p0978,pm042,A3,test,0,0,ALERT,0,0
p0979,pm043,A4,test,0,0,cosine,0,0
p0979,pm043,A4,test,0,0,LegalBERT-NLI,0,0
p0979,pm043,A4,test,0,0,COLIEE-retrieval,0,0
p0979,pm043,A4,test,0,0,RAG-only,0,0
p0979,pm043,A4,test,0,0,ALERT-flat,0,0
p0979,pm043,A4,test,0,0,ALERT,1,0
p0980,pm044,A0,train,0,1,cosine,1,0
p0980,pm044,A0,train,0,1,LegalBERT-NLI,1,0
p0980,pm044,A0,train,0,1,COLIEE-retrieval,0,0
p0980,pm044,A0,train,0,1,RAG-only,1,0
p0980,pm044,A0,train,0,1,ALERT-flat,1,0
p0980,pm044,A0,train,0,1,ALERT,1,0
p0981,pm045,A1,test,1,0,cosine,0,0
p0981,pm045,A1,test,1,0,LegalBERT-NLI,0,0
p0981,pm045,A1,test,1,0,COLIEE-retrieval,0,0
p0981,pm045,A1,test,1,0,RAG-only,1,1
p0981,pm045,A1,test,1,0,ALERT-flat,0,0
p0981,pm045,A1,test,1,0,ALERT,0,0
p0982,pm046,A2,test,0,0,cosine,0,0
p0982,pm046,A2,test,0,0,LegalBERT-NLI,0,0
p0982,pm046,A2,test,0,0,COLIEE-retrieval,0,0
p0982,pm046,A2,test,0,0,RAG-only,0,0
p0982,pm046,A2,test,0,0,ALERT-flat,0,0
p0982,pm046,A2,test,0,0,ALERT,0,0
p0983,pm047,A3,test,1,0,cosine,0,0
p0983,pm047,A3,test,1,0,LegalBERT-NLI,0,0
p0983,pm047,A3,test,1,0,COLIEE-retrieval,1,1
p0983,pm047,A3,test,1,0,RAG-only,1,1
p0983,pm047,A3,test,1,0,ALERT-flat,1,1
p0983,pm047,A3,test,1,0,ALERT,0,0
p0984,pm048,A4,test,0,0,cosine,0,0
p0984,pm048,A4,test,0,0,LegalBERT-NLI,0,0
p0984,pm048,A4,test,0,0,COLIEE-retrieval,0,0
p0984,pm048,A4,test,0,0,RAG-only,0,0
p0984,pm048,A4,test,0,0,ALERT-flat,1,0
p0984,pm048,A4,test,0,0,ALERT,0,0
p0985,pm049,A0,train,0,0,cosine,0,0
p0985,pm049,A0,train,0,0,LegalBERT-NLI,0,0
p0985,pm049,A0,train,0,0,COLIEE-retrieval,0,0
p0985,pm049,A0,train,0,0,RAG-only,0,0
p0985,pm049,A0,train,0,0,ALERT-flat,0,0
p0985,pm049,A0,train,0,0,ALERT,0,0
p0986,pm050,A1,test,0,1,cosine,1,0
p0986,pm050,A1,test,0,1,LegalBERT-NLI,1,0
p0986,pm050,A1,test,0,1,COLIEE-retrieval,1,0
p0986,pm050,A1,test,0,1,RAG-only,1,0
p0986,pm050,A1,test,0,1,ALERT-flat,1,0
p0986,pm050,A1,test,0,1,ALERT,1,0
p0987,pm051,A2,test,0,0,cosine,0,0
p0987,pm051,A2,test,0,0,LegalBERT-NLI,0,0
p0987,pm051,A2,test,0,0,COLIEE-retrieval,0,0
p0987,pm051,A2,test,0,0,RAG-only,0,0
p0987,pm051,A2,test,0,0,ALERT-flat,1,0
p0987,pm051,A2,test,0,0,ALERT,0,0
p0988,pm052,A3,test,0,0,cosine,0,0
p0988,pm052,A3,test,0,0,LegalBERT-NLI,0,0
p0988,pm052,A3,test,0,0,COLIEE-retrieval,0,0
p0988,pm052,A3,test,0,0,RAG-only,0,0
p0988,pm052,A3,test,0,0,ALERT-flat,0,0
p0988,pm052,A3,test,0,0,ALERT,0,0
p0989,pm053,A4,test,0,1,cosine,1,0
p0989,pm053,A4,test,0,1,LegalBERT-NLI,1,0
p0989,pm053,A4,test,0,1,COLIEE-retrieval,1,0
p0989,pm053,A4,test,0,1,RAG-only,1,0
p0989,pm053,A4,test,0,1,ALERT-flat,1,0
p0989,pm053,A4,test,0,1,ALERT,1,0
p0990,pm054,A0,train,0,0,cosine,0,0
p0990,pm054,A0,train,0,0,LegalBERT-NLI,0,0
p0990,pm054,A0,train,0,0,COLIEE-retrieval,0,0
p0990,pm054,A0,train,0,0,RAG-only,0,0
p0990,pm054,A0,train,0,0,ALERT-flat,0,0
p0990,pm054,A0,train,0,0,ALERT,0,0
p0991,pm055,A1,test,0,0,cosine,0,0
p0991,pm055,A1,test,0,0,LegalBERT-NLI,0,0
p0991,pm055,A1,test,0,0,COLIEE-retrieval,0,0
p0991,pm055,A1,test,0,0,RAG-only,0,0
p0991,pm055,A1,test,0,0,ALERT-flat,0,0
p0991,pm055,A1,test,0,0,ALERT,0,0
p0992,pm056,A2,test,1,0,cosine,0,0
p0992,pm056,A2,test,1,0,LegalBERT-NLI,0,0
p0992,pm056,A2,test,1,0,COLIEE-retrieval,0,0
p0992,pm056,A2,test,1,0,RAG-only,0,0
p0992,pm056,A2,test,1,0,ALERT-flat,1,1
p0992,pm056,A2,test,1,0,ALERT,0,0
p0993,pm057,A3,test,0,0,cosine,0,0
p0993,pm057,A3,test,0,0,LegalBERT-NLI,0,0
p0993,pm057,A3,test,0,0,COLIEE-retrieval,0,0
p0993,pm057,A3,test,0,0,RAG-only,0,0
p0993,pm057,A3,test,0,0,ALERT-flat,0,0
p0993,pm057,A3,test,0,0,ALERT,0,0
p0994,pm058,A4,test,0,0,cosine,0,0
p0994,pm058,A4,test,0,0,LegalBERT-NLI,0,0
p0994,pm058,A4,test,0,0,COLIEE-retrieval,0,0
p0994,pm058,A4,test,0,0,RAG-only,0,0
p0994,pm058,A4,test,0,0,ALERT-flat,0,0
p0994,pm058,A4,test,0,0,ALERT,1,0
p0995,pm059,A0,train,0,0,cosine,0,0
p0995,pm059,A0,train,0,0,LegalBERT-NLI,0,0
p0995,pm059,A0,train,0,0,COLIEE-retrieval,0,0
p0995,pm059,A0,train,0,0,RAG-only,0,0
p0995,pm059,A0,train,0,0,ALERT-flat,0,0
p0995,pm059,A0,train,0,0,ALERT,0,0
p0996,pm060,A1,test,0,0,cosine,0,0
p0996,pm060,A1,test,0,0,LegalBERT-NLI,0,0
p0996,pm060,A1,test,0,0,COLIEE-retrieval,0,0
p0996,pm060,A1,test,0,0,RAG-only,0,0
p0996,pm060,A1,test,0,0,ALERT-flat,0,0
p0996,pm060,A1,test,0,0,ALERT,0,0
p0997,pm061,A2,test,1,0,cosine,0,0
p0997,pm061,A2,test,1,0,LegalBERT-NLI,1,1
p0997,pm061,A2,test,1,0,COLIEE-retrieval,0,0
p0997,pm061,A2,test,1,0,RAG-only,0,0
p0997,pm061,A2,test,1,0,ALERT-flat,0,0
p0997,pm061,A2,test,1,0,ALERT,0,0
p0998,pm062,A3,test,0,1,cosine,1,0
p0998,pm062,A3,test,0,1,LegalBERT-NLI,0,0
p0998,pm062,A3,test,0,1,COLIEE-retrieval,0,0
p0998,pm062,A3,test,0,1,RAG-only,1,0
p0998,pm062,A3,test,0,1,ALERT-flat,1,0
p0998,pm062,A3,test,0,1,ALERT,0,0
p0999,pm063,A4,test,1,0,cosine,0,0
p0999,pm063,A4,test,1,0,LegalBERT-NLI,1,1
p0999,pm063,A4,test,1,0,COLIEE-retrieval,0,0
p0999,pm063,A4,test,1,0,RAG-only,0,0
p0999,pm063,A4,test,1,0,ALERT-flat,0,0
p0999,pm063,A4,test,1,0,ALERT,1,1
p1000,pm064,A0,train,0,0,cosine,0,0
p1000,pm064,A0,train,0,0,LegalBERT-NLI,1,0
p1000,pm064,A0,train,0,0,COLIEE-retrieval,0,0
p1000,pm064,A0,train,0,0,RAG-only,0,0
p1000,pm064,A0,train,0,0,ALERT-flat,0,0
p1000,pm064,A0,train,0,0,ALERT,0,0
p1001,pm065,A1,test,0,0,cosine,0,0
p1001,pm065,A1,test,0,0,LegalBERT-NLI,0,0
p1001,pm065,A1,test,0,0,COLIEE-retrieval,0,0
p1001,pm065,A1,test,0,0,RAG-only,0,0
p1001,pm065,A1,test,0,0,ALERT-flat,1,0
p1001,pm065,A1,test,0,0,ALERT,0,0
p1002,pm066,A2,test,0,0,cosine,0,0
p1002,pm066,A2,test,0,0,LegalBERT-NLI,1,0
p1002,pm066,A2,test,0,0,COLIEE-retrieval,0,0
p1002,pm066,A2,test,0,0,RAG-only,0,0
p1002,pm066,A2,test,0,0,ALERT-flat,0,0
p1002,pm066,A2,test,0,0,ALERT,0,0
p1003,pm067,A3,test,0,0,cosine,0,0
p1003,pm067,A3,test,0,0,LegalBERT-NLI,1,0
p1003,pm067,A3,test,0,0,COLIEE-retrieval,0,0
p1003,pm067,A3,test,0,0,RAG-only,0,0
p1003,pm067,A3,test,0,0,ALERT-flat,0,0
p1003,pm067,A3,test,0,0,ALERT,0,0
p1004,pm068,A4,test,0,0,cosine,0,0
p1004,pm068,A4,test,0,0,LegalBERT-NLI,1,0
p1004,pm068,A4,test,0,0,COLIEE-retrieval,0,0
p1004,pm068,A4,test,0,0,RAG-only,0,0
p1004,pm068,A4,test,0,0,ALERT-flat,0,0
p1004,pm068,A4,test,0,0,ALERT,0,0
p1005,pm069,A0,train,1,0,cosine,0,0
p1005,pm069,A0,train,1,0,LegalBERT-NLI,0,0
p1005,pm069,A0,train,1,0,COLIEE-retrieval,0,0
p1005,pm069,A0,train,1,0,RAG-only,1,1
p1005,pm069,A0,train,1,0,ALERT-flat,0,0
p1005,pm069,A0,train,1,0,ALERT,1,1
p1006,pm070,A1,test,0,0,cosine,0,0
p1006,pm070,A1,test,0,0,LegalBERT-NLI,1,0
p1006,pm070,A1,test,0,0,COLIEE-retrieval,0,0
p1006,pm070,A1,test,0,0,RAG-only,0,0
p1006,pm070,A1,test,0,0,ALERT-flat,1,0
p1006,pm070,A1,test,0,0,ALERT,0,0
p1007,pm071,A2,test,0,1,cosine,1,0
p1007,pm071,A2,test,0,1,LegalBERT-NLI,1,0
p1007,pm071,A2,test,0,1,COLIEE-retrieval,1,0
p1007,pm071,A2,test,0,1,RAG-only,1,0
p1007,pm071,A2,test,0,1,ALERT-flat,1,0
p1007,pm071,A2,test,0,1,ALERT,1,0
p1008,pm072,A3,test,0,0,cosine,0,0
p1008,pm072,A3,test,0,0,LegalBERT-NLI,1,0
p1008,pm072,A3,test,0,0,COLIEE-retrieval,0,0
p1008,pm072,A3,test,0,0,RAG-only,0,0
p1008,pm072,A3,test,0,0,ALERT-flat,0,0
p1008,pm072,A3,test,0,0,ALERT,0,0
p1009,pm073,A4,test,0,1,cosine,1,0
p1009,pm073,A4,test,0,1,LegalBERT-NLI,0,0
p1009,pm073,A4,test,0,1,COLIEE-retrieval,1,0
p1009,pm073,A4,test,0,1,RAG-only,1,0
p1009,pm073,A4,test,0,1,ALERT-flat,1,0
p1009,pm073,A4,test,0,1,ALERT,1,0
p1010,pm074,A0,train,1,0,cosine,0,0
p1010,pm074,A0,train,1,0,LegalBERT-NLI,0,0
p1010,pm074,A0,train,1,0,COLIEE-retrieval,1,1
p1010,pm074,A0,train,1,0,RAG-only,0,0
p1010,pm074,A0,train,1,0,ALERT-flat,1,1
p1010,pm074,A0,train,1,0,ALERT,0,0
p1011,pm075,A1,test,1,0,cosine,0,0
p1011,pm075,A1,test,1,0,LegalBERT-NLI,0,0
p1011,pm075,A1,test,1,0,COLIEE-retrieval,0,0
p1011,pm075,A1,test,1,0,RAG-only,0,0
p1011,pm075,A1,test,1,0,ALERT-flat,0,0
p1011,pm075,A1,test,1,0,ALERT,0,0
p1012,pm076,A2,test,0,0,cosine,0,0
p1012,pm076,A2,test,0,0,LegalBERT-NLI,1,0
p1012,pm076,A2,test,0,0,COLIEE-retrieval,0,0
p1012,pm076,A2,test,0,0,RAG-only,0,0
p1012,pm076,A2,test,0,0,ALERT-flat,0,0
p1012,pm076,A2,test,0,0,ALERT,0,0
p1013,pm077,A3,test,0,0,cosine,0,0
p1013,pm077,A3,test,0,0,LegalBERT-NLI,1,0
p1013,pm077,A3,test,0,0,COLIEE-retrieval,1,0
p1013,pm077,A3,test,0,0,RAG-only,0,0
p1013,pm077,A3,test,0,0,ALERT-flat,0,0
p1013,pm077,A3,test,0,0,ALERT,0,0
p1014,pm078,A4,test,0,0,cosine,0,0
p1014,pm078,A4,test,0,0,LegalBERT-NLI,0,0
p1014,pm078,A4,test,0,0,COLIEE-retrieval,0,0
p1014,pm078,A4,test,0,0,RAG-only,0,0
p1014,pm078,A4,test,0,0,ALERT-flat,1,0
p1014,pm078,A4,test,0,0,ALERT,0,0
p1015,pm079,A0,train,0,1,cosine,0,0
p1015,pm079,A0,train,0,1,LegalBERT-NLI,1,0
p1015,pm079,A0,train,0,1,COLIEE-retrieval,1,0
p1015,pm079,A0,train,0,1,RAG-only,0,0
p1015,pm079,A0,train,0,1,ALERT-flat,1,0
p1015,pm079,A0,train,0,1,ALERT,1,0
p1016,pm080,A1,test,0,0,cosine,1,0
p1016,pm080,A1,test,0,0,LegalBERT-NLI,0,0
p1016,pm080,A1,test,0,0,COLIEE-retrieval,0,0
p1016,pm080,A1,test,0,0,RAG-only,0,0
p1016,pm080,A1,test,0,0,ALERT-flat,1,0
p1016,pm080,A1,test,0,0,ALERT,0,0
p1017,pm081,A2,test,1,0,cosine,0,0
p1017,pm081,A2,test,1,0,LegalBERT-NLI,0,0
p1017,pm081,A2,test,1,0,COLIEE-retrieval,0,0
p1017,pm081,A2,test,1,0,RAG-only,1,1
p1017,pm081,A2,test,1,0,ALERT-flat,0,0
p1017,pm081,A2,test,1,0,ALERT,0,0
p1018,pm082,A3,test,0,1,cosine,1,0
p1018,pm082,A3,test,0,1,LegalBERT-NLI,1,0
p1018,pm082,A3,test,0,1,COLIEE-retrieval,1,0
p1018,pm082,A3,test,0,1,RAG-only,1,0
p1018,pm082,A3,test,0,1,ALERT-flat,1,0
p1018,pm082,A3,test,0,1,ALERT,1,0
p1019,pm083,A4,test,0,0,cosine,0,0
p1019,pm083,A4,test,0,0,LegalBERT-NLI,0,0
p1019,pm083,A4,test,0,0,COLIEE-retrieval,0,0
p1019,pm083,A4,test,0,0,RAG-only,0,0
p1019,pm083,A4,test,0,0,ALERT-flat,0,0
p1019,pm083,A4,test,0,0,ALERT,0,0
p1020,pm084,A0,train,0,1,cosine,1,0
p1020,pm084,A0,train,0,1,LegalBERT-NLI,1,0
p1020,pm084,A0,train,0,1,COLIEE-retrieval,1,0
p1020,pm084,A0,train,0,1,RAG-only,1,0
p1020,pm084,A0,train,0,1,ALERT-flat,1,0
p1020,pm084,A0,train,0,1,ALERT,1,0
p1021,pm085,A1,test,0,0,cosine,1,0
p1021,pm085,A1,test,0,0,LegalBERT-NLI,0,0
p1021,pm085,A1,test,0,0,COLIEE-retrieval,1,0
p1021,pm085,A1,test,0,0,RAG-only,0,0
p1021,pm085,A1,test,0,0,ALERT-flat,1,0
p1021,pm085,A1,test,0,0,ALERT,0,0
p1022,pm086,A2,test,0,0,cosine,1,0
p1022,pm086,A2,test,0,0,LegalBERT-NLI,0,0
p1022,pm086,A2,test,0,0,COLIEE-retrieval,0,0
p1022,pm086,A2,test,0,0,RAG-only,1,0
p1022,pm086,A2,test,0,0,ALERT-flat,0,0
p1022,pm086,A2,test,0,0,ALERT,0,0
p1023,pm087,A3,test,0,0,cosine,1,0
p1023,pm087,A3,test,0,0,LegalBERT-NLI,1,0
p1023,pm087,A3,test,0,0,COLIEE-retrieval,0,0
p1023,pm087,A3,test,0,0,RAG-only,0,0
p1023,pm087,A3,test,0,0,ALERT-flat,1,0
p1023,pm087,A3,test,0,0,ALERT,0,0
p1024,pm088,A4,test,0,0,cosine,0,0
p1024,pm088,A4,test,0,0,LegalBERT-NLI,0,0
p1024,pm088,A4,test,0,0,COLIEE-retrieval,1,0
p1024,pm088,A4,test,0,0,RAG-only,1,0
p1024,pm088,A4,test,0,0,ALERT-flat,0,0
p1024,pm088,A4,test,0,0,ALERT,0,0
p1025,pm089,A0,train,0,0,cosine,0,0
p1025,pm089,A0,train,0,0,LegalBERT-NLI,0,0
p1025,pm089,A0,train,0,0,COLIEE-retrieval,0,0
p1025,pm089,A0,train,0,0,RAG-only,0,0
p1025,pm089,A0,train,0,0,ALERT-flat,0,0
p1025,pm089,A0,train,0,0,ALERT,0,0
p1026,pm090,A1,test,0,0,cosine,0,0
p1026,pm090,A1,test,0,0,LegalBERT-NLI,0,0
p1026,pm090,A1,test,0,0,COLIEE-retrieval,0,0
p1026,pm090,A1,test,0,0,RAG-only,0,0
p1026,pm090,A1,test,0,0,ALERT-flat,1,0
p1026,pm090,A1,test,0,0,ALERT,0,0
p1027,pm091,A2,test,1,0,cosine,0,0
p1027,pm091,A2,test,1,0,LegalBERT-NLI,0,0
p1027,pm091,A2,test,1,0,COLIEE-retrieval,0,0
p1027,pm091,A2,test,1,0,RAG-only,0,0
p1027,pm091,A2,test,1,0,ALERT-flat,0,0
p1027,pm091,A2,test,1,0,ALERT,0,0
p1028,pm092,A3,test,1,0,cosine,0,0
p1028,pm092,A3,test,1,0,LegalBERT-NLI,0,0
p1028,pm092,A3,test,1,0,COLIEE-retrieval,0,0
p1028,pm092,A3,test,1,0,RAG-only,0,0
p1028,pm092,A3,test,1,0,ALERT-flat,0,0
p1028,pm092,A3,test,1,0,ALERT,0,0
p1029,pm093,A4,test,0,0,cosine,1,0
p1029,pm093,A4,test,0,0,LegalBERT-NLI,1,0
p1029,pm093,A4,test,0,0,COLIEE-retrieval,1,0
p1029,pm093,A4,test,0,0,RAG-only,0,0
p1029,pm093,A4,test,0,0,ALERT-flat,0,0
p1029,pm093,A4,test,0,0,ALERT,1,0
p1030,pm094,A0,train,0,1,cosine,1,0
p1030,pm094,A0,train,0,1,LegalBERT-NLI,1,0
p1030,pm094,A0,train,0,1,COLIEE-retrieval,1,0
p1030,pm094,A0,train,0,1,RAG-only,1,0
p1030,pm094,A0,train,0,1,ALERT-flat,1,0
p1030,pm094,A0,train,0,1,ALERT,0,0
p1031,pm095,A1,test,0,0,cosine,0,0
p1031,pm095,A1,test,0,0,LegalBERT-NLI,0,0
p1031,pm095,A1,test,0,0,COLIEE-retrieval,0,0
p1031,pm095,A1,test,0,0,RAG-only,1,0
p1031,pm095,A1,test,0,0,ALERT-flat,0,0
p1031,pm095,A1,test,0,0,ALERT,0,0
p1032,pm096,A2,test,1,0,cosine,0,0
p1032,pm096,A2,test,1,0,LegalBERT-NLI,0,0
p1032,pm096,A2,test,1,0,COLIEE-retrieval,0,0
p1032,pm096,A2,test,1,0,RAG-only,0,0
p1032,pm096,A2,test,1,0,ALERT-flat,0,0
p1032,pm096,A2,test,1,0,ALERT,0,0
p1033,pm097,A3,test,0,0,cosine,0,0
p1033,pm097,A3,test,0,0,LegalBERT-NLI,0,0
p1033,pm097,A3,test,0,0,COLIEE-retrieval,0,0
p1033,pm097,A3,test,0,0,RAG-only,0,0
p1033,pm097,A3,test,0,0,ALERT-flat,0,0
p1033,pm097,A3,test,0,0,ALERT,0,0
p1034,pm098,A4,test,0,1,cosine,1,0
p1034,pm098,A4,test,0,1,LegalBERT-NLI,1,0
p1034,pm098,A4,test,0,1,COLIEE-retrieval,0,0
p1034,pm098,A4,test,0,1,RAG-only,1,0
p1034,pm098,A4,test,0,1,ALERT-flat,1,0
p1034,pm098,A4,test,0,1,ALERT,1,0
p1035,pm099,A0,train,0,1,cosine,0,0
p1035,pm099,A0,train,0,1,LegalBERT-NLI,1,0
p1035,pm099,A0,train,0,1,COLIEE-retrieval,0,0
p1035,pm099,A0,train,0,1,RAG-only,1,0
p1035,pm099,A0,train,0,1,ALERT-flat,1,0
p1035,pm099,A0,train,0,1,ALERT,1,0
p1036,pm100,A1,test,0,0,cosine,0,0
p1036,pm100,A1,test,0,0,LegalBERT-NLI,0,0
p1036,pm100,A1,test,0,0,COLIEE-retrieval,0,0
p1036,pm100,A1,test,0,0,RAG-only,0,0
p1036,pm100,A1,test,0,0,ALERT-flat,0,0
p1036,pm100,A1,test,0,0,ALERT,0,0
p1037,pm101,A2,test,0,1,cosine,1,0
p1037,pm101,A2,test,0,1,LegalBERT-NLI,0,0
p1037,pm101,A2,test,0,1,COLIEE-retrieval,1,0
p1037,pm101,A2,test,0,1,RAG-only,1,0
p1037,pm101,A2,test,0,1,ALERT-flat,1,0
p1037,pm101,A2,test,0,1,ALERT,1,0
p1038,pm102,A3,test,0,1,cosine,0,0
p1038,pm102,A3,test,0,1,LegalBERT-NLI,1,0
p1038,pm102,A3,test,0,1,COLIEE-retrieval,1,0
p1038,pm102,A3,test,0,1,RAG-only,1,0
p1038,pm102,A3,test,0,1,ALERT-flat,1,0
p1038,pm102,A3,test,0,1,ALERT,0,0
p1039,pm103,A4,test,0,0,cosine,0,0
p1039,pm103,A4,test,0,0,LegalBERT-NLI,0,0
p1039,pm103,A4,test,0,0,COLIEE-retrieval,0,0
p1039,pm103,A4,test,0,0,RAG-only,1,0
p1039,pm103,A4,test,0,0,ALERT-flat,0,0
p1039,pm103,A4,test,0,0,ALERT,0,0
p1040,pm104,A0,train,0,0,cosine,0,0
p1040,pm104,A0,train,0,0,LegalBERT-NLI,1,0
p1040,pm104,A0,train,0,0,COLIEE-retrieval,0,0
p1040,pm104,A0,train,0,0,RAG-only,1,0
p1040,pm104,A0,train,0,0,ALERT-flat,0,0
p1040,pm104,A0,train,0,0,ALERT,0,0
p1041,pm105,A1,test,0,1,cosine,1,0
p1041,pm105,A1,test,0,1,LegalBERT-NLI,0,0
p1041,pm105,A1,test,0,1,COLIEE-retrieval,1,0
p1041,pm105,A1,test,0,1,RAG-only,1,0
p1041,pm105,A1,test,0,1,ALERT-flat,1,0
p1041,pm105,A1,test,0,1,ALERT,0,0
p1042,pm106,A2,test,0,1,cosine,0,0
p1042,pm106,A2,test,0,1,LegalBERT-NLI,0,0
p1042,pm106,A2,test,0,1,COLIEE-retrieval,0,0
p1042,pm106,A2,test,0,1,RAG-only,1,0
p1042,pm106,A2,test,0,1,ALERT-flat,1,0
p1042,pm106,A2,test,0,1,ALERT,1,0
p1043,pm107,A3,test,0,0,cosine,0,0
p1043,pm107,A3,test,0,0,LegalBERT-NLI,0,0
p1043,pm107,A3,test,0,0,COLIEE-retrieval,0,0
p1043,pm107,A3,test,0,0,RAG-only,0,0
p1043,pm107,A3,test,0,0,ALERT-flat,0,0
p1043,pm107,A3,test,0,0,ALERT,0,0
p1044,pm108,A4,test,0,1,cosine,0,0
p1044,pm108,A4,test,0,1,LegalBERT-NLI,0,0
p1044,pm108,A4,test,0,1,COLIEE-retrieval,1,0
p1044,pm108,A4,test,0,1,RAG-only,1,0
p1044,pm108,A4,test,0,1,ALERT-flat,1,0
p1044,pm108,A4,test,0,1,ALERT,1,0
p1045,pm109,A0,train,0,0,cosine,1,0
p1045,pm109,A0,train,0,0,LegalBERT-NLI,0,0
p1045,pm109,A0,train,0,0,COLIEE-retrieval,1,0
p1045,pm109,A0,train,0,0,RAG-only,0,0
p1045,pm109,A0,train,0,0,ALERT-flat,0,0
p1045,pm109,A0,train,0,0,ALERT,0,0
p1046,pm110,A1,test,0,1,cosine,1,0
p1046,pm110,A1,test,0,1,LegalBERT-NLI,1,0
p1046,pm110,A1,test,0,1,COLIEE-retrieval,1,0
p1046,pm110,A1,test,0,1,RAG-only,0,0
p1046,pm110,A1,test,0,1,ALERT-flat,1,0
p1046,pm110,A1,test,0,1,ALERT,1,0
p1047,pm111,A2,test,0,0,cosine,0,0
p1047,pm111,A2,test,0,0,LegalBERT-NLI,0,0
p1047,pm111,A2,test,0,0,COLIEE-retrieval,0,0
p1047,pm111,A2,test,0,0,RAG-only,0,0
p1047,pm111,A2,test,0,0,ALERT-flat,1,0
p1047,pm111,A2,test,0,0,ALERT,0,0
p1048,pm112,A3,test,1,0,cosine,0,0
p1048,pm112,A3,test,1,0,LegalBERT-NLI,0,0
p1048,pm112,A3,test,1,0,COLIEE-retrieval,0,0
p1048,pm112,A3,test,1,0,RAG-only,1,1
p1048,pm112,A3,test,1,0,ALERT-flat,1,1
p1048,pm112,A3,test,1,0,ALERT,0,0
p1049,pm113,A4,test,0,0,cosine,1,0
p1049,pm113,A4,test,0,0,LegalBERT-NLI,0,0
p1049,pm113,A4,test,0,0,COLIEE-retrieval,0,0
p1049,pm113,A4,test,0,0,RAG-only,0,0
p1049,pm113,A4,test,0,0,ALERT-flat,1,0
p1049,pm113,A4,test,0,0,ALERT,0,0
p1050,pm114,A0,train,1,0,cosine,1,1
p1050,pm114,A0,train,1,0,LegalBERT-NLI,0,0
p1050,pm114,A0,train,1,0,COLIEE-retrieval,0,0
p1050,pm114,A0,train,1,0,RAG-only,0,0
p1050,pm114,A0,train,1,0,ALERT-flat,0,0
p1050,pm114,A0,train,1,0,ALERT,1,1
p1051,pm115,A1,test,0,1,cosine,1,0
p1051,pm115,A1,test,0,1,LegalBERT-NLI,1,0
p1051,pm115,A1,test,0,1,COLIEE-retrieval,1,0
p1051,pm115,A1,test,0,1,RAG-only,1,0
p1051,pm115,A1,test,0,1,ALERT-flat,0,0
p1051,pm115,A1,test,0,1,ALERT,1,0
p1052,pm116,A2,test,0,1,cosine,0,0
p1052,pm116,A2,test,0,1,LegalBERT-NLI,1,0
p1052,pm116,A2,test,0,1,COLIEE-retrieval,1,0
p1052,pm116,A2,test,0,1,RAG-only,1,0
p1052,pm116,A2,test,0,1,ALERT-flat,0,0
p1052,pm116,A2,test,0,1,ALERT,1,0
p1053,pm117,A3,test,0,0,cosine,0,0
p1053,pm117,A3,test,0,0,LegalBERT-NLI,0,0
p1053,pm117,A3,test,0,0,COLIEE-retrieval,0,0
p1053,pm117,A3,test,0,0,RAG-only,0,0
p1053,pm117,A3,test,0,0,ALERT-flat,0,0
p1053,pm117,A3,test,0,0,ALERT,0,0
p1054,pm118,A4,test,0,0,cosine,0,0
p1054,pm118,A4,test,0,0,LegalBERT-NLI,1,0
p1054,pm118,A4,test,0,0,COLIEE-retrieval,0,0
p1054,pm118,A4,test,0,0,RAG-only,0,0
p1054,pm118,A4,test,0,0,ALERT-flat,0,0
p1054,pm118,A4,test,0,0,ALERT,0,0
p1055,pm119,A0,train,1,0,cosine,0,0
p1055,pm119,A0,train,1,0,LegalBERT-NLI,0,0
p1055,pm119,A0,train,1,0,COLIEE-retrieval,0,0
p1055,pm119,A0,train,1,0,RAG-only,0,0
p1055,pm119,A0,train,1,0,ALERT-flat,0,0
p1055,pm119,A0,train,1,0,ALERT,0,0
p1056,pm120,A1,test,0,0,cosine,0,0
p1056,pm120,A1,test,0,0,LegalBERT-NLI,0,0
p1056,pm120,A1,test,0,0,COLIEE-retrieval,0,0
p1056,pm120,A1,test,0,0,RAG-only,0,0
p1056,pm120,A1,test,0,0,ALERT-flat,1,0
p1056,pm120,A1,test,0,0,ALERT,0,0
p1057,pm121,A2,test,0,1,cosine,1,0
p1057,pm121,A2,test,0,1,LegalBERT-NLI,0,0
p1057,pm121,A2,test,0,1,COLIEE-retrieval,1,0
p1057,pm121,A2,test,0,1,RAG-only,0,0
p1057,pm121,A2,test,0,1,ALERT-flat,0,0
p1057,pm121,A2,test,0,1,ALERT,1,0
p1058,pm122,A3,test,0,0,cosine,1,0
p1058,pm122,A3,test,0,0,LegalBERT-NLI,0,0
p1058,pm122,A3,test,0,0,COLIEE-retrieval,1,0
p1058,pm122,A3,test,0,0,RAG-only,0,0
p1058,pm122,A3,test,0,0,ALERT-flat,0,0
p1058,pm122,A3,test,0,0,ALERT,1,0
p1059,pm123,A4,test,0,0,cosine,0,0
p1059,pm123,A4,test,0,0,LegalBERT-NLI,0,0
p1059,pm123,A4,test,0,0,COLIEE-retrieval,1,0
p1059,pm123,A4,test,0,0,RAG-only,0,0
p1059,pm123,A4,test,0,0,ALERT-flat,0,0
p1059,pm123,A4,test,0,0,ALERT,0,0
p1060,pm124,A0,train,0,0,cosine,1,0
p1060,pm124,A0,train,0,0,LegalBERT-NLI,0,0
p1060,pm124,A0,train,0,0,COLIEE-retrieval,0,0
p1060,pm124,A0,train,0,0,RAG-only,0,0
p1060,pm124,A0,train,0,0,ALERT-flat,0,0
p1060,pm124,A0,train,0,0,ALERT,1,0
p1061,pm125,A1,test,0,0,cosine,0,0
p1061,pm125,A1,test,0,0,LegalBERT-NLI,0,0
p1061,pm125,A1,test,0,0,COLIEE-retrieval,0,0
p1061,pm125,A1,test,0,0,RAG-only,1,0
p1061,pm125,A1,test,0,0,ALERT-flat,0,0
p1061,pm125,A1,test,0,0,ALERT,0,0
p1062,pm126,A2,test,0,0,cosine,0,0
p1062,pm126,A2,test,0,0,LegalBERT-NLI,1,0
p1062,pm126,A2,test,0,0,COLIEE-retrieval,0,0
p1062,pm126,A2,test,0,0,RAG-only,0,0
p1062,pm126,A2,test,0,0,ALERT-flat,0,0
p1062,pm126,A2,test,0,0,ALERT,0,0
p1063,pm127,A3,test,1,0,cosine,0,0
p1063,pm127,A3,test,1,0,LegalBERT-NLI,0,0
p1063,pm127,A3,test,1,0,COLIEE-retrieval,0,0
p1063,pm127,A3,test,1,0,RAG-only,0,0
p1063,pm127,A3,test,1,0,ALERT-flat,1,1
p1063,pm127,A3,test,1,0,ALERT,0,0
p1064,pm128,A4,test,0,0,cosine,0,0
p1064,pm128,A4,test,0,0,LegalBERT-NLI,1,0
p1064,pm128,A4,test,0,0,COLIEE-retrieval,0,0
p1064,pm128,A4,test,0,0,RAG-only,0,0
p1064,pm128,A4,test,0,0,ALERT-flat,1,0
p1064,pm128,A4,test,0,0,ALERT,1,0
p1065,pm129,A0,train,1,0,cosine,0,0
p1065,pm129,A0,train,1,0,LegalBERT-NLI,0,0
p1065,pm129,A0,train,1,0,COLIEE-retrieval,1,1
p1065,pm129,A0,train,1,0,RAG-only,0,0
p1065,pm129,A0,train,1,0,ALERT-flat,0,0
p1065,pm129,A0,train,1,0,ALERT,0,0
p1066,pm130,A1,test,0,0,cosine,0,0
p1066,pm130,A1,test,0,0,LegalBERT-NLI,0,0
p1066,pm130,A1,test,0,0,COLIEE-retrieval,1,0
p1066,pm130,A1,test,0,0,RAG-only,0,0
p1066,pm130,A1,test,0,0,ALERT-flat,1,0
p1066,pm130,A1,test,0,0,ALERT,0,0
p1067,pm131,A2,test,0,1,cosine,1,0
p1067,pm131,A2,test,0,1,LegalBERT-NLI,0,0
p1067,pm131,A2,test,0,1,COLIEE-retrieval,1,0
p1067,pm131,A2,test,0,1,RAG-only,1,0
p1067,pm131,A2,test,0,1,ALERT-flat,1,0
p1067,pm131,A2,test,0,1,ALERT,1,0
p1068,pm132,A3,test,0,0,cosine,0,0
p1068,pm132,A3,test,0,0,LegalBERT-NLI,0,0
p1068,pm132,A3,test,0,0,COLIEE-retrieval,0,0
p1068,pm132,A3,test,0,0,RAG-only,1,0
p1068,pm132,A3,test,0,0,ALERT-flat,0,0
p1068,pm132,A3,test,0,0,ALERT,0,0
p1069,pm133,A4,test,0,0,cosine,0,0
p1069,pm133,A4,test,0,0,LegalBERT-NLI,0,0
p1069,pm133,A4,test,0,0,COLIEE-retrieval,0,0
p1069,pm133,A4,test,0,0,RAG-only,0,0
p1069,pm133,A4,test,0,0,ALERT-flat,0,0
p1069,pm133,A4,test,0,0,ALERT,0,0
p1070,pm134,A0,train,0,0,cosine,0,0
p1070,pm134,A0,train,0,0,LegalBERT-NLI,0,0
p1070,pm134,A0,train,0,0,COLIEE-retrieval,0,0
p1070,pm134,A0,train,0,0,RAG-only,0,0
p1070,pm134,A0,train,0,0,ALERT-flat,0,0
p1070,pm134,A0,train,0,0,ALERT,1,0
p1071,pm135,A1,test,0,0,cosine,1,0
p1071,pm135,A1,test,0,0,LegalBERT-NLI,0,0
p1071,pm135,A1,test,0,0,COLIEE-retrieval,0,0
p1071,pm135,A1,test,0,0,RAG-only,0,0
p1071,pm135,A1,test,0,0,ALERT-flat,0,0
p1071,pm135,A1,test,0,0,ALERT,0,0
p1072,pm136,A2,test,0,0,cosine,1,0
p1072,pm136,A2,test,0,0,LegalBERT-NLI,0,0
p1072,pm136,A2,test,0,0,COLIEE-retrieval,0,0
p1072,pm136,A2,test,0,0,RAG-only,0,0
p1072,pm136,A2,test,0,0,ALERT-flat,0,0
p1072,pm136,A2,test,0,0,ALERT,0,0
p1073,pm137,A3,test,0,1,cosine,1,0
p1073,pm137,A3,test,0,1,LegalBERT-NLI,1,0
p1073,pm137,A3,test,0,1,COLIEE-retrieval,0,0
p1073,pm137,A3,test,0,1,RAG-only,0,0
p1073,pm137,A3,test,0,1,ALERT-flat,1,0
p1073,pm137,A3,test,0,1,ALERT,1,0
p1074,pm138,A4,test,1,0,cosine,1,1
p1074,pm138,A4,test,1,0,LegalBERT-NLI,0,0
p1074,pm138,A4,test,1,0,COLIEE-retrieval,0,0
p1074,pm138,A4,test,1,0,RAG-only,1,1
p1074,pm138,A4,test,1,0,ALERT-flat,0,0
p1074,pm138,A4,test,1,0,ALERT,0,0
p1075,pm139,A0,train,0,1,cosine,0,0
p1075,pm139,A0,train,0,1,LegalBERT-NLI,1,0
p1075,pm139,A0,train,0,1,COLIEE-retrieval,1,0
p1075,pm139,A0,train,0,1,RAG-only,1,0
p1075,pm139,A0,train,0,1,ALERT-flat,1,0
p1075,pm139,A0,train,0,1,ALERT,1,0
p1076,pm140,A1,test,0,0,cosine,1,0
p1076,pm140,A1,test,0,0,LegalBERT-NLI,0,0
p1076,pm140,A1,test,0,0,COLIEE-retrieval,0,0
p1076,pm140,A1,test,0,0,RAG-only,0,0
p1076,pm140,A1,test,0,0,ALERT-flat,0,0
p1076,pm140,A1,test,0,0,ALERT,0,0
p1077,pm141,A2,test,1,0,cosine,0,0
p1077,pm141,A2,test,1,0,LegalBERT-NLI,0,0
p1077,pm141,A2,test,1,0,COLIEE-retrieval,0,0
p1077,pm141,A2,test,1,0,RAG-only,0,0
p1077,pm141,A2,test,1,0,ALERT-flat,1,1
p1077,pm141,A2,test,1,0,ALERT,0,0
p1078,pm142,A3,test,0,1,cosine,1,0
p1078,pm142,A3,test,0,1,LegalBERT-NLI,0,0
p1078,pm142,A3,test,0,1,COLIEE-retrieval,1,0
p1078,pm142,A3,test,0,1,RAG-only,1,0
p1078,pm142,A3,test,0,1,ALERT-flat,1,0
p1078,pm142,A3,test,0,1,ALERT,0,0
p1079,pm143,A4,test,0,1,cosine,1,0
p1079,pm143,A4,test,0,1,LegalBERT-NLI,1,0
p1079,pm143,A4,test,0,1,COLIEE-retrieval,1,0
p1079,pm143,A4,test,0,1,RAG-only,1,0
p1079,pm143,A4,test,0,1,ALERT-flat,1,0
p1079,pm143,A4,test,0,1,ALERT,1,0
p1080,pm144,A0,train,0,0,cosine,0,0
p1080,pm144,A0,train,0,0,LegalBERT-NLI,0,0
p1080,pm144,A0,train,0,0,COLIEE-retrieval,0,0
p1080,pm144,A0,train,0,0,RAG-only,0,0
p1080,pm144,A0,train,0,0,ALERT-flat,0,0
p1080,pm144,A0,train,0,0,ALERT,0,0
p1081,pm145,A1,test,1,0,cosine,0,0
p1081,pm145,A1,test,1,0,LegalBERT-NLI,0,0
p1081,pm145,A1,test,1,0,COLIEE-retrieval,0,0
p1081,pm145,A1,test,1,0,RAG-only,0,0
p1081,pm145,A1,test,1,0,ALERT-flat,0,0
p1081,pm145,A1,test,1,0,ALERT,0,0
p1082,pm146,A2,test,1,0,cosine,0,0
p1082,pm146,A2,test,1,0,LegalBERT-NLI,0,0
p1082,pm146,A2,test,1,0,COLIEE-retrieval,0,0
p1082,pm146,A2,test,1,0,RAG-only,0,0
p1082,pm146,A2,test,1,0,ALERT-flat,0,0
p1082,pm146,A2,test,1,0,ALERT,1,1
p1083,pm147,A3,test,0,0,cosine,0,0
p1083,pm147,A3,test,0,0,LegalBERT-NLI,0,0
p1083,pm147,A3,test,0,0,COLIEE-retrieval,0,0
p1083,pm147,A3,test,0,0,RAG-only,0,0
p1083,pm147,A3,test,0,0,ALERT-flat,0,0
p1083,pm147,A3,test,0,0,ALERT,1,0
p1084,pm148,A4,test,0,0,cosine,0,0
p1084,pm148,A4,test,0,0,LegalBERT-NLI,0,0
p1084,pm148,A4,test,0,0,COLIEE-retrieval,0,0
p1084,pm148,A4,test,0,0,RAG-only,1,0
p1084,pm148,A4,test,0,0,ALERT-flat,0,0
p1084,pm148,A4,test,0,0,ALERT,0,0
p1085,pm149,A0,train,0,0,cosine,0,0
p1085,pm149,A0,train,0,0,LegalBERT-NLI,0,0
p1085,pm149,A0,train,0,0,COLIEE-retrieval,1,0
p1085,pm149,A0,train,0,0,RAG-only,0,0
p1085,pm149,A0,train,0,0,ALERT-flat,0,0
p1085,pm149,A0,train,0,0,ALERT,0,0
p1086,pm150,A1,test,0,0,cosine,0,0
p1086,pm150,A1,test,0,0,LegalBERT-NLI,1,0
p1086,pm150,A1,test,0,0,COLIEE-retrieval,0,0
p1086,pm150,A1,test,0,0,RAG-only,1,0
p1086,pm150,A1,test,0,0,ALERT-flat,0,0
p1086,pm150,A1,test,0,0,ALERT,0,0
p1087,pm151,A2,test,1,0,cosine,1,1
p1087,pm151,A2,test,1,0,LegalBERT-NLI,0,0
p1087,pm151,A2,test,1,0,COLIEE-retrieval,0,0
p1087,pm151,A2,test,1,0,RAG-only,0,0
p1087,pm151,A2,test,1,0,ALERT-flat,0,0
p1087,pm151,A2,test,1,0,ALERT,0,0
p1088,pm152,A3,test,0,0,cosine,0,0
p1088,pm152,A3,test,0,0,LegalBERT-NLI,0,0
p1088,pm152,A3,test,0,0,COLIEE-retrieval,0,0
p1088,pm152,A3,test,0,0,RAG-only,0,0
p1088,pm152,A3,test,0,0,ALERT-flat,1,0
p1088,pm152,A3,test,0,0,ALERT,1,0
p1089,pm153,A4,test,0,1,cosine,1,0
p1089,pm153,A4,test,0,1,LegalBERT-NLI,1,0
p1089,pm153,A4,test,0,1,COLIEE-retrieval,1,0
p1089,pm153,A4,test,0,1,RAG-only,0,0
p1089,pm153,A4,test,0,1,ALERT-flat,1,0
p1089,pm153,A4,test,0,1,ALERT,1,0
p1090,pm154,A0,train,1,0,cosine,0,0
p1090,pm154,A0,train,1,0,LegalBERT-NLI,0,0
p1090,pm154,A0,train,1,0,COLIEE-retrieval,0,0
p1090,pm154,A0,train,1,0,RAG-only,0,0
p1090,pm154,A0,train,1,0,ALERT-flat,0,0
p1090,pm154,A0,train,1,0,ALERT,0,0
p1091,pm155,A1,test,1,0,cosine,0,0
p1091,pm155,A1,test,1,0,LegalBERT-NLI,0,0
p1091,pm155,A1,test,1,0,COLIEE-retrieval,0,0
p1091,pm155,A1,test,1,0,RAG-only,1,1
p1091,pm155,A1,test,1,0,ALERT-flat,0,0
p1091,pm155,A1,test,1,0,ALERT,1,1
p1092,pm156,A2,test,0,0,cosine,1,0
p1092,pm156,A2,test,0,0,LegalBERT-NLI,0,0
p1092,pm156,A2,test,0,0,COLIEE-retrieval,0,0
p1092,pm156,A2,test,0,0,RAG-only,0,0
p1092,pm156,A2,test,0,0,ALERT-flat,0,0
p1092,pm156,A2,test,0,0,ALERT,0,0
p1093,pm157,A3,test,0,0,cosine,0,0
p1093,pm157,A3,test,0,0,LegalBERT-NLI,0,0
p1093,pm157,A3,test,0,0,COLIEE-retrieval,1,0
p1093,pm157,A3,test,0,0,RAG-only,0,0
p1093,pm157,A3,test,0,0,ALERT-flat,0,0
p1093,pm157,A3,test,0,0,ALERT,0,0
p1094,pm158,A4,test,0,1,cosine,1,0
p1094,pm158,A4,test,0,1,LegalBERT-NLI,0,0
p1094,pm158,A4,test,0,1,COLIEE-retrieval,0,0
p1094,pm158,A4,test,0,1,RAG-only,1,0
p1094,pm158,A4,test,0,1,ALERT-flat,1,0
p1094,pm158,A4,test,0,1,ALERT,1,0
p1095,pm159,A0,train,0,1,cosine,1,0
p1095,pm159,A0,train,0,1,LegalBERT-NLI,1,0
p1095,pm159,A0,train,0,1,COLIEE-retrieval,1,0
p1095,pm159,A0,train,0,1,RAG-only,1,0
p1095,pm159,A0,train,0,1,ALERT-flat,0,0
p1095,pm159,A0,train,0,1,ALERT,1,0
p1096,pm160,A1,test,0,0,cosine,1,0
p1096,pm160,A1,test,0,0,LegalBERT-NLI,0,0
p1096,pm160,A1,test,0,0,COLIEE-retrieval,0,0
p1096,pm160,A1,test,0,0,RAG-only,0,0
p1096,pm160,A1,test,0,0,ALERT-flat,0,0
p1096,pm160,A1,test,0,0,ALERT,0,0
p1097,pm161,A2,test,0,0,cosine,0,0
p1097,pm161,A2,test,0,0,LegalBERT-NLI,0,0
p1097,pm161,A2,test,0,0,COLIEE-retrieval,0,0
p1097,pm161,A2,test,0,0,RAG-only,0,0
p1097,pm161,A2,test,0,0,ALERT-flat,0,0
p1097,pm161,A2,test,0,0,ALERT,0,0
p1098,pm162,A3,test,0,0,cosine,0,0
p1098,pm162,A3,test,0,0,LegalBERT-NLI,1,0
p1098,pm162,A3,test,0,0,COLIEE-retrieval,0,0
p1098,pm162,A3,test,0,0,RAG-only,0,0
p1098,pm162,A3,test,0,0,ALERT-flat,1,0
p1098,pm162,A3,test,0,0,ALERT,0,0
p1099,pm163,A4,test,1,0,cosine,0,0
p1099,pm163,A4,test,1,0,LegalBERT-NLI,0,0
p1099,pm163,A4,test,1,0,COLIEE-retrieval,1,1
p1099,pm163,A4,test,1,0,RAG-only,0,0
p1099,pm163,A4,test,1,0,ALERT-flat,1,1
p1099,pm163,A4,test,1,0,ALERT,0,0
p1100,pm164,A0,train,0,0,cosine,0,0
p1100,pm164,A0,train,0,0,LegalBERT-NLI,0,0
p1100,pm164,A0,train,0,0,COLIEE-retrieval,0,0
p1100,pm164,A0,train,0,0,RAG-only,0,0
p1100,pm164,A0,train,0,0,ALERT-flat,0,0
p1100,pm164,A0,train,0,0,ALERT,1,0
p1101,pm165,A1,test,0,0,cosine,0,0
p1101,pm165,A1,test,0,0,LegalBERT-NLI,0,0
p1101,pm165,A1,test,0,0,COLIEE-retrieval,0,0
p1101,pm165,A1,test,0,0,RAG-only,0,0
p1101,pm165,A1,test,0,0,ALERT-flat,0,0
p1101,pm165,A1,test,0,0,ALERT,0,0
p1102,pm166,A2,test,0,0,cosine,0,0
p1102,pm166,A2,test,0,0,LegalBERT-NLI,0,0
p1102,pm166,A2,test,0,0,COLIEE-retrieval,1,0
p1102,pm166,A2,test,0,0,RAG-only,1,0
p1102,pm166,A2,test,0,0,ALERT-flat,0,0
p1102,pm166,A2,test,0,0,ALERT,1,0
p1103,pm167,A3,test,0,1,cosine,1,0
p1103,pm167,A3,test,0,1,LegalBERT-NLI,1,0
p1103,pm167,A3,test,0,1,COLIEE-retrieval,1,0
p1103,pm167,A3,test,0,1,RAG-only,0,0
p1103,pm167,A3,test,0,1,ALERT-flat,1,0
p1103,pm167,A3,test,0,1,ALERT,1,0
p1104,pm168,A4,test,0,1,cosine,0,0
p1104,pm168,A4,test,0,1,LegalBERT-NLI,1,0
p1104,pm168,A4,test,0,1,COLIEE-retrieval,1,0
p1104,pm168,A4,test,0,1,RAG-only,1,0
p1104,pm168,A4,test,0,1,ALERT-flat,0,0
p1104,pm168,A4,test,0,1,ALERT,1,0
p1105,pm169,A0,train,0,0,cosine,1,0
p1105,pm169,A0,train,0,0,LegalBERT-NLI,0,0
p1105,pm169,A0,train,0,0,COLIEE-retrieval,0,0
p1105,pm169,A0,train,0,0,RAG-only,0,0
p1105,pm169,A0,train,0,0,ALERT-flat,0,0
p1105,pm169,A0,train,0,0,ALERT,0,0
p1106,pm170,A1,test,1,0,cosine,0,0
p1106,pm170,A1,test,1,0,LegalBERT-NLI,0,0
p1106,pm170,A1,test,1,0,COLIEE-retrieval,0,0
p1106,pm170,A1,test,1,0,RAG-only,0,0
p1106,pm170,A1,test,1,0,ALERT-flat,0,0
p1106,pm170,A1,test,1,0,ALERT,1,1
p1107,pm171,A2,test,0,1,cosine,1,0
p1107,pm171,A2,test,0,1,LegalBERT-NLI,0,0
p1107,pm171,A2,test,0,1,COLIEE-retrieval,1,0
p1107,pm171,A2,test,0,1,RAG-only,0,0
p1107,pm171,A2,test,0,1,ALERT-flat,1,0
p1107,pm171,A2,test,0,1,ALERT,1,0
p1108,pm172,A3,test,1,0,cosine,1,1
p1108,pm172,A3,test,1,0,LegalBERT-NLI,0,0
p1108,pm172,A3,test,1,0,COLIEE-retrieval,0,0
p1108,pm172,A3,test,1,0,RAG-only,0,0
p1108,pm172,A3,test,1,0,ALERT-flat,1,1
p1108,pm172,A3,test,1,0,ALERT,0,0
p1109,pm173,A4,test,0,0,cosine,0,0
p1109,pm173,A4,test,0,0,LegalBERT-NLI,0,0
p1109,pm173,A4,test,0,0,COLIEE-retrieval,1,0
p1109,pm173,A4,test,0,0,RAG-only,0,0
p1109,pm173,A4,test,0,0,ALERT-flat,1,0
p1109,pm173,A4,test,0,0,ALERT,0,0
p1110,pm174,A0,train,0,0,cosine,0,0
p1110,pm174,A0,train,0,0,LegalBERT-NLI,0,0
p1110,pm174,A0,train,0,0,COLIEE-retrieval,0,0
p1110,pm174,A0,train,0,0,RAG-only,1,0
p1110,pm174,A0,train,0,0,ALERT-flat,0,0
p1110,pm174,A0,train,0,0,ALERT,0,0
p1111,pm175,A1,test,0,0,cosine,0,0
p1111,pm175,A1,test,0,0,LegalBERT-NLI,1,0
p1111,pm175,A1,test,0,0,COLIEE-retrieval,0,0
p1111,pm175,A1,test,0,0,RAG-only,0,0
p1111,pm175,A1,test,0,0,ALERT-flat,0,0
p1111,pm175,A1,test,0,0,ALERT,0,0
p1112,pm176,A2,test,0,0,cosine,0,0
p1112,pm176,A2,test,0,0,LegalBERT-NLI,0,0
p1112,pm176,A2,test,0,0,COLIEE-retrieval,0,0
p1112,pm176,A2,test,0,0,RAG-only,1,0
p1112,pm176,A2,test,0,0,ALERT-flat,0,0
p1112,pm176,A2,test,0,0,ALERT,0,0
p1113,pm177,A3,test,0,0,cosine,0,0
p1113,pm177,A3,test,0,0,LegalBERT-NLI,0,0
p1113,pm177,A3,test,0,0,COLIEE-retrieval,0,0
p1113,pm177,A3,test,0,0,RAG-only,0,0
p1113,pm177,A3,test,0,0,ALERT-flat,0,0
p1113,pm177,A3,test,0,0,ALERT,0,0
p1114,pm178,A4,test,0,0,cosine,1,0
p1114,pm178,A4,test,0,0,LegalBERT-NLI,1,0
p1114,pm178,A4,test,0,0,COLIEE-retrieval,0,0
p1114,pm178,A4,test,0,0,RAG-only,0,0
p1114,pm178,A4,test,0,0,ALERT-flat,1,0
p1114,pm178,A4,test,0,0,ALERT,0,0
p1115,pm179,A0,train,0,0,cosine,1,0
p1115,pm179,A0,train,0,0,LegalBERT-NLI,1,0
p1115,pm179,A0,train,0,0,COLIEE-retrieval,0,0
p1115,pm179,A0,train,0,0,RAG-only,0,0
p1115,pm179,A0,train,0,0,ALERT-flat,0,0
p1115,pm179,A0,train,0,0,ALERT,1,0
p1116,pm180,A1,test,0,1,cosine,1,0
p1116,pm180,A1,test,0,1,LegalBERT-NLI,1,0
p1116,pm180,A1,test,0,1,COLIEE-retrieval,1,0
p1116,pm180,A1,test,0,1,RAG-only,1,0
p1116,pm180,A1,test,0,1,ALERT-flat,1,0
p1116,pm180,A1,test,0,1,ALERT,1,0
p1117,pm181,A2,test,0,0,cosine,0,0
p1117,pm181,A2,test,0,0,LegalBERT-NLI,0,0
p1117,pm181,A2,test,0,0,COLIEE-retrieval,1,0
p1117,pm181,A2,test,0,0,RAG-only,1,0
p1117,pm181,A2,test,0,0,ALERT-flat,0,0
p1117,pm181,A2,test,0,0,ALERT,1,0
p1118,pm182,A3,test,1,0,cosine,0,0
p1118,pm182,A3,test,1,0,LegalBERT-NLI,0,0
p1118,pm182,A3,test,1,0,COLIEE-retrieval,0,0
p1118,pm182,A3,test,1,0,RAG-only,0,0
p1118,pm182,A3,test,1,0,ALERT-flat,0,0
p1118,pm182,A3,test,1,0,ALERT,0,0
p1119,pm183,A4,test,1,0,cosine,0,0
p1119,pm183,A4,test,1,0,LegalBERT-NLI,0,0
p1119,pm183,A4,test,1,0,COLIEE-retrieval,0,0
p1119,pm183,A4,test,1,0,RAG-only,0,0
p1119,pm183,A4,test,1,0,ALERT-flat,0,0
p1119,pm183,A4,test,1,0,ALERT,0,0
p1120,pm184,A0,train,0,0,cosine,0,0
p1120,pm184,A0,train,0,0,LegalBERT-NLI,1,0
p1120,pm184,A0,train,0,0,COLIEE-retrieval,0,0
p1120,pm184,A0,train,0,0,RAG-only,0,0
p1120,pm184,A0,train,0,0,ALERT-flat,0,0
p1120,pm184,A0,train,0,0,ALERT,0,0
p1121,pm185,A1,test,0,0,cosine,0,0
p1121,pm185,A1,test,0,0,LegalBERT-NLI,0,0
p1121,pm185,A1,test,0,0,COLIEE-retrieval,0,0
p1121,pm185,A1,test,0,0,RAG-only,1,0
p1121,pm185,A1,test,0,0,ALERT-flat,1,0
p1121,pm185,A1,test,0,0,ALERT,0,0
p1122,pm186,A2,test,0,0,cosine,1,0
p1122,pm186,A2,test,0,0,LegalBERT-NLI,1,0
p1122,pm186,A2,test,0,0,COLIEE-retrieval,0,0
p1122,pm186,A2,test,0,0,RAG-only,0,0
p1122,pm186,A2,test,0,0,ALERT-flat,0,0
p1122,pm186,A2,test,0,0,ALERT,0,0
p1123,pm187,A3,test,0,0,cosine,1,0
p1123,pm187,A3,test,0,0,LegalBERT-NLI,0,0
p1123,pm187,A3,test,0,0,COLIEE-retrieval,1,0
p1123,pm187,A3,test,0,0,RAG-only,0,0
p1123,pm187,A3,test,0,0,ALERT-flat,0,0
p1123,pm187,A3,test,0,0,ALERT,1,0
p1124,pm188,A4,test,0,1,cosine,1,0
p1124,pm188,A4,test,0,1,LegalBERT-NLI,0,0
p1124,pm188,A4,test,0,1,COLIEE-retrieval,1,0
p1124,pm188,A4,test,0,1,RAG-only,1,0
p1124,pm188,A4,test,0,1,ALERT-flat,1,0
p1124,pm188,A4,test,0,1,ALERT,1,0
p1125,pm189,A0,train,0,0,cosine,1,0
p1125,pm189,A0,train,0,0,LegalBERT-NLI,0,0
p1125,pm189,A0,train,0,0,COLIEE-retrieval,0,0
p1125,pm189,A0,train,0,0,RAG-only,1,0
p1125,pm189,A0,train,0,0,ALERT-flat,0,0
p1125,pm189,A0,train,0,0,ALERT,0,0
p1126,pm190,A1,test,0,0,cosine,0,0
p1126,pm190,A1,test,0,0,LegalBERT-NLI,0,0
p1126,pm190,A1,test,0,0,COLIEE-retrieval,0,0
p1126,pm190,A1,test,0,0,RAG-only,0,0
p1126,pm190,A1,test,0,0,ALERT-flat,0,0
p1126,pm190,A1,test,0,0,ALERT,0,0
p1127,pm191,A2,test,0,0,cosine,1,0
p1127,pm191,A2,test,0,0,LegalBERT-NLI,0,0
p1127,pm191,A2,test,0,0,COLIEE-retrieval,0,0
p1127,pm191,A2,test,0,0,RAG-only,0,0
p1127,pm191,A2,test,0,0,ALERT-flat,0,0
p1127,pm191,A2,test,0,0,ALERT,0,0
p1128,pm192,A3,test,0,1,cosine,0,0
p1128,pm192,A3,test,0,1,LegalBERT-NLI,1,0
p1128,pm192,A3,test,0,1,COLIEE-retrieval,1,0
p1128,pm192,A3,test,0,1,RAG-only,0,0
p1128,pm192,A3,test,0,1,ALERT-flat,1,0
p1128,pm192,A3,test,0,1,ALERT,1,0
p1129,pm193,A4,test,0,0,cosine,0,0
p1129,pm193,A4,test,0,0,LegalBERT-NLI,1,0
p1129,pm193,A4,test,0,0,COLIEE-retrieval,1,0
p1129,pm193,A4,test,0,0,RAG-only,0,0
p1129,pm193,A4,test,0,0,ALERT-flat,0,0
p1129,pm193,A4,test,0,0,ALERT,0,0
p1130,pm194,A0,train,0,0,cosine,0,0
p1130,pm194,A0,train,0,0,LegalBERT-NLI,0,0
p1130,pm194,A0,train,0,0,COLIEE-retrieval,0,0
p1130,pm194,A0,train,0,0,RAG-only,1,0
p1130,pm194,A0,train,0,0,ALERT-flat,0,0
p1130,pm194,A0,train,0,0,ALERT,0,0
p1131,pm195,A1,test,0,0,cosine,0,0
p1131,pm195,A1,test,0,0,LegalBERT-NLI,0,0
p1131,pm195,A1,test,0,0,COLIEE-retrieval,0,0
p1131,pm195,A1,test,0,0,RAG-only,0,0
p1131,pm195,A1,test,0,0,ALERT-flat,0,0
p1131,pm195,A1,test,0,0,ALERT,0,0
p1132,pm196,A2,test,0,0,cosine,0,0
p1132,pm196,A2,test,0,0,LegalBERT-NLI,0,0
p1132,pm196,A2,test,0,0,COLIEE-retrieval,1,0
p1132,pm196,A2,test,0,0,RAG-only,0,0
p1132,pm196,A2,test,0,0,ALERT-flat,0,0
p1132,pm196,A2,test,0,0,ALERT,1,0
p1133,pm197,A3,test,1,0,cosine,0,0
p1133,pm197,A3,test,1,0,LegalBERT-NLI,0,0
p1133,pm197,A3,test,1,0,COLIEE-retrieval,0,0
p1133,pm197,A3,test,1,0,RAG-only,0,0
p1133,pm197,A3,test,1,0,ALERT-flat,1,1
p1133,pm197,A3,test,1,0,ALERT,0,0
p1134,pm198,A4,test,0,0,cosine,1,0
p1134,pm198,A4,test,0,0,LegalBERT-NLI,0,0
p1134,pm198,A4,test,0,0,COLIEE-retrieval,0,0
p1134,pm198,A4,test,0,0,RAG-only,0,0
p1134,pm198,A4,test,0,0,ALERT-flat,0,0
p1134,pm198,A4,test,0,0,ALERT,1,0
p1135,pm199,A0,train,0,0,cosine,0,0
p1135,pm199,A0,train,0,0,LegalBERT-NLI,1,0
p1135,pm199,A0,train,0,0,COLIEE-retrieval,0,0
p1135,pm199,A0,train,0,0,RAG-only,1,0
p1135,pm199,A0,train,0,0,ALERT-flat,0,0
p1135,pm199,A0,train,0,0,ALERT,0,0
p1136,pm200,A1,test,0,0,cosine,0,0
p1136,pm200,A1,test,0,0,LegalBERT-NLI,0,0
p1136,pm200,A1,test,0,0,COLIEE-retrieval,1,0
p1136,pm200,A1,test,0,0,RAG-only,0,0
p1136,pm200,A1,test,0,0,ALERT-flat,1,0
p1136,pm200,A1,test,0,0,ALERT,0,0
p1137,pm201,A2,test,0,1,cosine,0,0
p1137,pm201,A2,test,0,1,LegalBERT-NLI,1,0
p1137,pm201,A2,test,0,1,COLIEE-retrieval,1,0
p1137,pm201,A2,test,0,1,RAG-only,1,0
p1137,pm201,A2,test,0,1,ALERT-flat,1,0
p1137,pm201,A2,test,0,1,ALERT,1,0
p1138,pm202,A3,test,0,1,cosine,1,0
p1138,pm202,A3,test,0,1,LegalBERT-NLI,1,0
p1138,pm202,A3,test,0,1,COLIEE-retrieval,0,0
p1138,pm202,A3,test,0,1,RAG-only,1,0
p1138,pm202,A3,test,0,1,ALERT-flat,1,0
p1138,pm202,A3,test,0,1,ALERT,0,0
p1139,pm203,A4,test,0,0,cosine,1,0
p1139,pm203,A4,test,0,0,LegalBERT-NLI,0,0
p1139,pm203,A4,test,0,0,COLIEE-retrieval,0,0
p1139,pm203,A4,test,0,0,RAG-only,0,0
p1139,pm203,A4,test,0,0,ALERT-flat,0,0
p1139,pm203,A4,test,0,0,ALERT,0,0
p1140,pm204,A0,train,1,0,cosine,1,1
p1140,pm204,A0,train,1,0,LegalBERT-NLI,1,1
p1140,pm204,A0,train,1,0,COLIEE-retrieval,0,0
p1140,pm204,A0,train,1,0,RAG-only,0,0
p1140,pm204,A0,train,1,0,ALERT-flat,0,0
p1140,pm204,A0,train,1,0,ALERT,1,1
p1141,pm205,A1,test,0,0,cosine,0,0
p1141,pm205,A1,test,0,0,LegalBERT-NLI,0,0
p1141,pm205,A1,test,0,0,COLIEE-retrieval,0,0
p1141,pm205,A1,test,0,0,RAG-only,0,0
p1141,pm205,A1,test,0,0,ALERT-flat,1,0
p1141,pm205,A1,test,0,0,ALERT,0,0
p1142,pm206,A2,test,0,0,cosine,0,0
p1142,pm206,A2,test,0,0,LegalBERT-NLI,1,0
p1142,pm206,A2,test,0,0,COLIEE-retrieval,0,0
p1142,pm206,A2,test,0,0,RAG-only,0,0
p1142,pm206,A2,test,0,0,ALERT-flat,0,0
p1142,pm206,A2,test,0,0,ALERT,0,0
p1143,pm207,A3,test,0,0,cosine,0,0
p1143,pm207,A3,test,0,0,LegalBERT-NLI,0,0
p1143,pm207,A3,test,0,0,COLIEE-retrieval,1,0
p1143,pm207,A3,test,0,0,RAG-only,0,0
p1143,pm207,A3,test,0,0,ALERT-flat,0,0
p1143,pm207,A3,test,0,0,ALERT,0,0
p1144,pm208,A4,test,0,0,cosine,0,0
p1144,pm208,A4,test,0,0,LegalBERT-NLI,1,0
p1144,pm208,A4,test,0,0,COLIEE-retrieval,0,0
p1144,pm208,A4,test,0,0,RAG-only,0,0
p1144,pm208,A4,test,0,0,ALERT-flat,1,0
p1144,pm208,A4,test,0,0,ALERT,0,0
p1145,pm209,A0,train,0,1,cosine,1,0
p1145,pm209,A0,train,0,1,LegalBERT-NLI,1,0
p1145,pm209,A0,train,0,1,COLIEE-retrieval,0,0
p1145,pm209,A0,train,0,1,RAG-only,1,0
p1145,pm209,A0,train,0,1,ALERT-flat,1,0
p1145,pm209,A0,train,0,1,ALERT,1,0
p1146,pm210,A1,test,0,1,cosine,0,0
p1146,pm210,A1,test,0,1,LegalBERT-NLI,1,0
p1146,pm210,A1,test,0,1,COLIEE-retrieval,1,0
p1146,pm210,A1,test,0,1,RAG-only,1,0
p1146,pm210,A1,test,0,1,ALERT-flat,0,0
p1146,pm210,A1,test,0,1,ALERT,1,0
p1147,pm211,A2,test,0,0,cosine,0,0
p1147,pm211,A2,test,0,0,LegalBERT-NLI,1,0
p1147,pm211,A2,test,0,0,COLIEE-retrieval,1,0
p1147,pm211,A2,test,0,0,RAG-only,1,0
p1147,pm211,A2,test,0,0,ALERT-flat,0,0
p1147,pm211,A2,test,0,0,ALERT,0,0
p1148,pm212,A3,test,1,0,cosine,0,0
p1148,pm212,A3,test,1,0,LegalBERT-NLI,0,0
p1148,pm212,A3,test,1,0,COLIEE-retrieval,0,0
p1148,pm212,A3,test,1,0,RAG-only,0,0
p1148,pm212,A3,test,1,0,ALERT-flat,0,0
p1148,pm212,A3,test,1,0,ALERT,0,0
p1149,pm213,A4,test,0,1,cosine,0,0
p1149,pm213,A4,test,0,1,LegalBERT-NLI,1,0
p1149,pm213,A4,test,0,1,COLIEE-retrieval,1,0
p1149,pm213,A4,test,0,1,RAG-only,1,0
p1149,pm213,A4,test,0,1,ALERT-flat,1,0
p1149,pm213,A4,test,0,1,ALERT,0,0
p1150,pm214,A0,train,0,1,cosine,0,0
p1150,pm214,A0,train,0,1,LegalBERT-NLI,1,0
p1150,pm214,A0,train,0,1,COLIEE-retrieval,1,0
p1150,pm214,A0,train,0,1,RAG-only,1,0
p1150,pm214,A0,train,0,1,ALERT-flat,1,0
p1150,pm214,A0,train,0,1,ALERT,1,0
p1151,pm215,A1,test,0,0,cosine,0,0
p1151,pm215,A1,test,0,0,LegalBERT-NLI,0,0
p1151,pm215,A1,test,0,0,COLIEE-retrieval,1,0
p1151,pm215,A1,test,0,0,RAG-only,1,0
p1151,pm215,A1,test,0,0,ALERT-flat,0,0
p1151,pm215,A1,test,0,0,ALERT,0,0
p1152,pm216,A2,test,0,0,cosine,1,0
p1152,pm216,A2,test,0,0,LegalBERT-NLI,1,0
p1152,pm216,A2,test,0,0,COLIEE-retrieval,0,0
p1152,pm216,A2,test,0,0,RAG-only,0,0
p1152,pm216,A2,test,0,0,ALERT-flat,1,0
p1152,pm216,A2,test,0,0,ALERT,0,0
p1153,pm217,A3,test,0,1,cosine,1,0
p1153,pm217,A3,test,0,1,LegalBERT-NLI,1,0
p1153,pm217,A3,test,0,1,COLIEE-retrieval,1,0
p1153,pm217,A3,test,0,1,RAG-only,1,0
p1153,pm217,A3,test,0,1,ALERT-flat,1,0
p1153,pm217,A3,test,0,1,ALERT,1,0
p1154,pm218,A4,test,0,0,cosine,0,0
p1154,pm218,A4,test,0,0,LegalBERT-NLI,0,0
p1154,pm218,A4,test,0,0,COLIEE-retrieval,1,0
p1154,pm218,A4,test,0,0,RAG-only,0,0
p1154,pm218,A4,test,0,0,ALERT-flat,0,0
p1154,pm218,A4,test,0,0,ALERT,0,0
p1155,pm219,A0,train,0,1,cosine,1,0
p1155,pm219,A0,train,0,1,LegalBERT-NLI,1,0
p1155,pm219,A0,train,0,1,COLIEE-retrieval,1,0
p1155,pm219,A0,train,0,1,RAG-only,1,0
p1155,pm219,A0,train,0,1,ALERT-flat,1,0
p1155,pm219,A0,train,0,1,ALERT,1,0
p1156,pm220,A1,test,0,0,cosine,0,0
p1156,pm220,A1,test,0,0,LegalBERT-NLI,1,0
p1156,pm220,A1,test,0,0,COLIEE-retrieval,0,0
p1156,pm220,A1,test,0,0,RAG-only,0,0
p1156,pm220,A1,test,0,0,ALERT-flat,0,0
p1156,pm220,A1,test,0,0,ALERT,0,0
p1157,pm221,A2,test,1,0,cosine,0,0
p1157,pm221,A2,test,1,0,LegalBERT-NLI,0,0
p1157,pm221,A2,test,1,0,COLIEE-retrieval,0,0
p1157,pm221,A2,test,1,0,RAG-only,1,1
p1157,pm221,A2,test,1,0,ALERT-flat,1,1
p1157,pm221,A2,test,1,0,ALERT,0,0
p1158,pm222,A3,test,0,0,cosine,0,0
p1158,pm222,A3,test,0,0,LegalBERT-NLI,0,0
p1158,pm222,A3,test,0,0,COLIEE-retrieval,0,0
p1158,pm222,A3,test,0,0,RAG-only,0,0
p1158,pm222,A3,test,0,0,ALERT-flat,1,0
p1158,pm222,A3,test,0,0,ALERT,0,0
p1159,pm223,A4,test,0,1,cosine,1,0
p1159,pm223,A4,test,0,1,LegalBERT-NLI,1,0
p1159,pm223,A4,test,0,1,COLIEE-retrieval,1,0
p1159,pm223,A4,test,0,1,RAG-only,1,0
p1159,pm223,A4,test,0,1,ALERT-flat,1,0
p1159,pm223,A4,test,0,1,ALERT,1,0
p1160,pm224,A0,train,1,0,cosine,0,0
p1160,pm224,A0,train,1,0,LegalBERT-NLI,0,0
p1160,pm224,A0,train,1,0,COLIEE-retrieval,1,1
p1160,pm224,A0,train,1,0,RAG-only,0,0
p1160,pm224,A0,train,1,0,ALERT-flat,1,1
p1160,pm224,A0,train,1,0,ALERT,0,0
p1161,pm225,A1,test,0,0,cosine,0,0
p1161,pm225,A1,test,0,0,LegalBERT-NLI,0,0
p1161,pm225,A1,test,0,0,COLIEE-retrieval,0,0
p1161,pm225,A1,test,0,0,RAG-only,0,0
p1161,pm225,A1,test,0,0,ALERT-flat,0,0
p1161,pm225,A1,test,0,0,ALERT,0,0
p1162,pm226,A2,test,0,1,cosine,1,0
p1162,pm226,A2,test,0,1,LegalBERT-NLI,1,0
p1162,pm226,A2,test,0,1,COLIEE-retrieval,1,0
p1162,pm226,A2,test,0,1,RAG-only,1,0
p1162,pm226,A2,test,0,1,ALERT-flat,1,0
p1162,pm226,A2,test,0,1,ALERT,1,0
p1163,pm227,A3,test,0,0,cosine,0,0
p1163,pm227,A3,test,0,0,LegalBERT-NLI,0,0
p1163,pm227,A3,test,0,0,COLIEE-retrieval,0,0
p1163,pm227,A3,test,0,0,RAG-only,0,0
p1163,pm227,A3,test,0,0,ALERT-flat,0,0
p1163,pm227,A3,test,0,0,ALERT,1,0
p1164,pm228,A4,test,0,0,cosine,0,0
p1164,pm228,A4,test,0,0,LegalBERT-NLI,0,0
p1164,pm228,A4,test,0,0,COLIEE-retrieval,1,0
p1164,pm228,A4,test,0,0,RAG-only,0,0
p1164,pm228,A4,test,0,0,ALERT-flat,0,0
p1164,pm228,A4,test,0,0,ALERT,1,0
p1165,pm229,A0,train,0,1,cosine,0,0
p1165,pm229,A0,train,0,1,LegalBERT-NLI,1,0
p1165,pm229,A0,train,0,1,COLIEE-retrieval,1,0
p1165,pm229,A0,train,0,1,RAG-only,1,0
p1165,pm229,A0,train,0,1,ALERT-flat,1,0
p1165,pm229,A0,train,0,1,ALERT,1,0
p1166,pm230,A1,test,0,1,cosine,0,0
p1166,pm230,A1,test,0,1,LegalBERT-NLI,1,0
p1166,pm230,A1,test,0,1,COLIEE-retrieval,0,0
p1166,pm230,A1,test,0,1,RAG-only,1,0
p1166,pm230,A1,test,0,1,ALERT-flat,0,0
p1166,pm230,A1,test,0,1,ALERT,1,0
p1167,pm231,A2,test,0,1,cosine,1,0
p1167,pm231,A2,test,0,1,LegalBERT-NLI,0,0
p1167,pm231,A2,test,0,1,COLIEE-retrieval,1,0
p1167,pm231,A2,test,0,1,RAG-only,1,0
p1167,pm231,A2,test,0,1,ALERT-flat,0,0
p1167,pm231,A2,test,0,1,ALERT,1,0
p1168,pm232,A3,test,0,0,cosine,0,0
p1168,pm232,A3,test,0,0,LegalBERT-NLI,0,0
p1168,pm232,A3,test,0,0,COLIEE-retrieval,1,0
p1168,pm232,A3,test,0,0,RAG-only,0,0
p1168,pm232,A3,test,0,0,ALERT-flat,0,0
p1168,pm232,A3,test,0,0,ALERT,0,0
p1169,pm233,A4,test,0,0,cosine,0,0
p1169,pm233,A4,test,0,0,LegalBERT-NLI,1,0
p1169,pm233,A4,test,0,0,COLIEE-retrieval,0,0
p1169,pm233,A4,test,0,0,RAG-only,0,0
p1169,pm233,A4,test,0,0,ALERT-flat,0,0
p1169,pm233,A4,test,0,0,ALERT,1,0
p1170,pm234,A0,train,0,0,cosine,0,0
p1170,pm234,A0,train,0,0,LegalBERT-NLI,0,0
p1170,pm234,A0,train,0,0,COLIEE-retrieval,0,0
p1170,pm234,A0,train,0,0,RAG-only,0,0
p1170,pm234,A0,train,0,0,ALERT-flat,0,0
p1170,pm234,A0,train,0,0,ALERT,1,0
p1171,pm235,A1,test,0,0,cosine,0,0
p1171,pm235,A1,test,0,0,LegalBERT-NLI,1,0
p1171,pm235,A1,test,0,0,COLIEE-retrieval,0,0
p1171,pm235,A1,test,0,0,RAG-only,1,0
p1171,pm235,A1,test,0,0,ALERT-flat,1,0
p1171,pm235,A1,test,0,0,ALERT,0,0
p1172,pm236,A2,test,0,0,cosine,0,0
p1172,pm236,A2,test,0,0,LegalBERT-NLI,0,0
p1172,pm236,A2,test,0,0,COLIEE-retrieval,1,0
p1172,pm236,A2,test,0,0,RAG-only,0,0
p1172,pm236,A2,test,0,0,ALERT-flat,0,0
p1172,pm236,A2,test,0,0,ALERT,1,0
p1173,pm237,A3,test,0,0,cosine,1,0
p1173,pm237,A3,test,0,0,LegalBERT-NLI,0,0
p1173,pm237,A3,test,0,0,COLIEE-retrieval,0,0
p1173,pm237,A3,test,0,0,RAG-only,1,0
p1173,pm237,A3,test,0,0,ALERT-flat,1,0
p1173,pm237,A3,test,0,0,ALERT,1,0
p1174,pm238,A4,test,0,1,cosine,0,0
p1174,pm238,A4,test,0,1,LegalBERT-NLI,1,0
p1174,pm238,A4,test,0,1,COLIEE-retrieval,1,0
p1174,pm238,A4,test,0,1,RAG-only,1,0
p1174,pm238,A4,test,0,1,ALERT-flat,1,0
p1174,pm238,A4,test,0,1,ALERT,1,0
p1175,pm239,A0,train,1,0,cosine,0,0
p1175,pm239,A0,train,1,0,LegalBERT-NLI,0,0
p1175,pm239,A0,train,1,0,COLIEE-retrieval,0,0
p1175,pm239,A0,train,1,0,RAG-only,0,0
p1175,pm239,A0,train,1,0,ALERT-flat,0,0
p1175,pm239,A0,train,1,0,ALERT,0,0
p1176,pm240,A1,test,1,0,cosine,1,1
p1176,pm240,A1,test,1,0,LegalBERT-NLI,0,0
p1176,pm240,A1,test,1,0,COLIEE-retrieval,0,0
p1176,pm240,A1,test,1,0,RAG-only,0,0
p1176,pm240,A1,test,1,0,ALERT-flat,1,1
p1176,pm240,A1,test,1,0,ALERT,0,0
p1177,pm241,A2,test,0,1,cosine,1,0
p1177,pm241,A2,test,0,1,LegalBERT-NLI,1,0
p1177,pm241,A2,test,0,1,COLIEE-retrieval,1,0
p1177,pm241,A2,test,0,1,RAG-only,1,0
p1177,pm241,A2,test,0,1,ALERT-flat,1,0
p1177,pm241,A2,test,0,1,ALERT,1,0
p1178,pm242,A3,test,0,0,cosine,1,0
p1178,pm242,A3,test,0,0,LegalBERT-NLI,1,0
p1178,pm242,A3,test,0,0,COLIEE-retrieval,0,0
p1178,pm242,A3,test,0,0,RAG-only,1,0
p1178,pm242,A3,test,0,0,ALERT-flat,0,0
p1178,pm242,A3,test,0,0,ALERT,0,0
p1179,pm243,A4,test,0,0,cosine,0,0
p1179,pm243,A4,test,0,0,LegalBERT-NLI,0,0
p1179,pm243,A4,test,0,0,COLIEE-retrieval,1,0
p1179,pm243,A4,test,0,0,RAG-only,1,0
p1179,pm243,A4,test,0,0,ALERT-flat,0,0
p1179,pm243,A4,test,0,0,ALERT,0,0
p1180,pm244,A0,train,0,0,cosine,0,0
p1180,pm244,A0,train,0,0,LegalBERT-NLI,0,0
p1180,pm244,A0,train,0,0,COLIEE-retrieval,0,0
p1180,pm244,A0,train,0,0,RAG-only,0,0
p1180,pm244,A0,train,0,0,ALERT-flat,0,0
p1180,pm244,A0,train,0,0,ALERT,0,0
p1181,pm245,A1,test,0,0,cosine,0,0
p1181,pm245,A1,test,0,0,LegalBERT-NLI,1,0
p1181,pm245,A1,test,0,0,COLIEE-retrieval,0,0
p1181,pm245,A1,test,0,0,RAG-only,0,0
p1181,pm245,A1,test,0,0,ALERT-flat,0,0
p1181,pm245,A1,test,0,0,ALERT,0,0
p1182,pm246,A2,test,0,1,cosine,1,0
p1182,pm246,A2,test,0,1,LegalBERT-NLI,1,0
p1182,pm246,A2,test,0,1,COLIEE-retrieval,0,0
p1182,pm246,A2,test,0,1,RAG-only,1,0
p1182,pm246,A2,test,0,1,ALERT-flat,0,0
p1182,pm246,A2,test,0,1,ALERT,1,0
p1183,pm247,A3,test,0,0,cosine,1,0
p1183,pm247,A3,test,0,0,LegalBERT-NLI,0,0
p1183,pm247,A3,test,0,0,COLIEE-retrieval,0,0
p1183,pm247,A3,test,0,0,RAG-only,0,0
p1183,pm247,A3,test,0,0,ALERT-flat,1,0
p1183,pm247,A3,test,0,0,ALERT,0,0
p1184,pm248,A4,test,0,1,cosine,0,0
p1184,pm248,A4,test,0,1,LegalBERT-NLI,1,0
p1184,pm248,A4,test,0,1,COLIEE-retrieval,1,0
p1184,pm248,A4,test,0,1,RAG-only,1,0
p1184,pm248,A4,test,0,1,ALERT-flat,1,0
p1184,pm248,A4,test,0,1,ALERT,1,0
p1185,pm249,A0,train,0,0,cosine,0,0
p1185,pm249,A0,train,0,0,LegalBERT-NLI,0,0
p1185,pm249,A0,train,0,0,COLIEE-retrieval,0,0
p1185,pm249,A0,train,0,0,RAG-only,0,0
p1185,pm249,A0,train,0,0,ALERT-flat,1,0
p1185,pm249,A0,train,0,0,ALERT,0,0
p1186,pm250,A1,test,1,0,cosine,0,0
p1186,pm250,A1,test,1,0,LegalBERT-NLI,1,1
p1186,pm250,A1,test,1,0,COLIEE-retrieval,0,0
p1186,pm250,A1,test,1,0,RAG-only,0,0
p1186,pm250,A1,test,1,0,ALERT-flat,0,0
p1186,pm250,A1,test,1,0,ALERT,0,0
p1187,pm251,A2,test,0,0,cosine,1,0
p1187,pm251,A2,test,0,0,LegalBERT-NLI,1,0
p1187,pm251,A2,test,0,0,COLIEE-retrieval,0,0
p1187,pm251,A2,test,0,0,RAG-only,0,0
p1187,pm251,A2,test,0,0,ALERT-flat,0,0
p1187,pm251,A2,test,0,0,ALERT,0,0
p1188,pm252,A3,test,0,0,cosine,1,0
p1188,pm252,A3,test,0,0,LegalBERT-NLI,0,0
p1188,pm252,A3,test,0,0,COLIEE-retrieval,0,0
p1188,pm252,A3,test,0,0,RAG-only,0,0
p1188,pm252,A3,test,0,0,ALERT-flat,0,0
p1188,pm252,A3,test,0,0,ALERT,0,0
p1189,pm253,A4,test,0,0,cosine,1,0
p1189,pm253,A4,test,0,0,LegalBERT-NLI,0,0
p1189,pm253,A4,test,0,0,COLIEE-retrieval,1,0
p1189,pm253,A4,test,0,0,RAG-only,0,0
p1189,pm253,A4,test,0,0,ALERT-flat,0,0
p1189,pm253,A4,test,0,0,ALERT,1,0
p1190,pm254,A0,train,0,0,cosine,0,0
p1190,pm254,A0,train,0,0,LegalBERT-NLI,1,0
p1190,pm254,A0,train,0,0,COLIEE-retrieval,0,0
p1190,pm254,A0,train,0,0,RAG-only,0,0
p1190,pm254,A0,train,0,0,ALERT-flat,0,0
p1190,pm254,A0,train,0,0,ALERT,0,0
p1191,pm255,A1,test,0,0,cosine,0,0
p1191,pm255,A1,test,0,0,LegalBERT-NLI,0,0
p1191,pm255,A1,test,0,0,COLIEE-retrieval,0,0
p1191,pm255,A1,test,0,0,RAG-only,0,0
p1191,pm255,A1,test,0,0,ALERT-flat,1,0
p1191,pm255,A1,test,0,0,ALERT,0,0
p1192,pm256,A2,test,0,0,cosine,0,0
p1192,pm256,A2,test,0,0,LegalBERT-NLI,1,0
p1192,pm256,A2,test,0,0,COLIEE-retrieval,0,0
p1192,pm256,A2,test,0,0,RAG-only,0,0
p1192,pm256,A2,test,0,0,ALERT-flat,0,0
p1192,pm256,A2,test,0,0,ALERT,0,0
p1193,pm257,A3,test,0,0,cosine,1,0
p1193,pm257,A3,test,0,0,LegalBERT-NLI,0,0
p1193,pm257,A3,test,0,0,COLIEE-retrieval,0,0
p1193,pm257,A3,test,0,0,RAG-only,0,0
p1193,pm257,A3,test,0,0,ALERT-flat,0,0
p1193,pm257,A3,test,0,0,ALERT,0,0
p1194,pm258,A4,test,0,0,cosine,1,0
p1194,pm258,A4,test,0,0,LegalBERT-NLI,0,0
p1194,pm258,A4,test,0,0,COLIEE-retrieval,0,0
p1194,pm258,A4,test,0,0,RAG-only,0,0
p1194,pm258,A4,test,0,0,ALERT-flat,0,0
p1194,pm258,A4,test,0,0,ALERT,0,0
p1195,pm259,A0,train,0,1,cosine,0,0
p1195,pm259,A0,train,0,1,LegalBERT-NLI,1,0
p1195,pm259,A0,train,0,1,COLIEE-retrieval,1,0
p1195,pm259,A0,train,0,1,RAG-only,1,0
p1195,pm259,A0,train,0,1,ALERT-flat,0,0
p1195,pm259,A0,train,0,1,ALERT,1,0
p1196,pm260,A1,test,0,0,cosine,0,0
p1196,pm260,A1,test,0,0,LegalBERT-NLI,0,0
p1196,pm260,A1,test,0,0,COLIEE-retrieval,0,0
p1196,pm260,A1,test,0,0,RAG-only,0,0
p1196,pm260,A1,test,0,0,ALERT-flat,0,0
p1196,pm260,A1,test,0,0,ALERT,0,0
p1197,pm261,A2,test,0,0,cosine,0,0
p1197,pm261,A2,test,0,0,LegalBERT-NLI,0,0
p1197,pm261,A2,test,0,0,COLIEE-retrieval,0,0
p1197,pm261,A2,test,0,0,RAG-only,0,0
p1197,pm261,A2,test,0,0,ALERT-flat,0,0
p1197,pm261,A2,test,0,0,ALERT,0,0
p1198,pm262,A3,test,0,0,cosine,0,0
p1198,pm262,A3,test,0,0,LegalBERT-NLI,1,0
p1198,pm262,A3,test,0,0,COLIEE-retrieval,0,0
p1198,pm262,A3,test,0,0,RAG-only,0,0
p1198,pm262,A3,test,0,0,ALERT-flat,0,0
p1198,pm262,A3,test,0,0,ALERT,0,0
p1199,pm263,A4,test,0,0,cosine,0,0
p1199,pm263,A4,test,0,0,LegalBERT-NLI,0,0
p1199,pm263,A4,test,0,0,COLIEE-retrieval,0,0
p1199,pm263,A4,test,0,0,RAG-only,1,0
p1199,pm263,A4,test,0,0,ALERT-flat,0,0
p1199,pm263,A4,test,0,0,ALERT,0,0
p1200,pm264,A0,train,1,0,cosine,0,0
p1200,pm264,A0,train,1,0,LegalBERT-NLI,0,0
p1200,pm264,A0,train,1,0,COLIEE-retrieval,0,0
p1200,pm264,A0,train,1,0,RAG-only,0,0
p1200,pm264,A0,train,1,0,ALERT-flat,0,0
p1200,pm264,A0,train,1,0,ALERT,0,0
p1201,pm265,A1,test,0,1,cosine,1,0
p1201,pm265,A1,test,0,1,LegalBERT-NLI,1,0
p1201,pm265,A1,test,0,1,COLIEE-retrieval,1,0
p1201,pm265,A1,test,0,1,RAG-only,1,0
p1201,pm265,A1,test,0,1,ALERT-flat,1,0
p1201,pm265,A1,test,0,1,ALERT,1,0
p1202,pm266,A2,test,0,0,cosine,0,0
p1202,pm266,A2,test,0,0,LegalBERT-NLI,0,0
p1202,pm266,A2,test,0,0,COLIEE-retrieval,0,0
p1202,pm266,A2,test,0,0,RAG-only,0,0
p1202,pm266,A2,test,0,0,ALERT-flat,1,0
p1202,pm266,A2,test,0,0,ALERT,0,0
p1203,pm267,A3,test,0,0,cosine,0,0
p1203,pm267,A3,test,0,0,LegalBERT-NLI,0,0
p1203,pm267,A3,test,0,0,COLIEE-retrieval,0,0
p1203,pm267,A3,test,0,0,RAG-only,0,0
p1203,pm267,A3,test,0,0,ALERT-flat,0,0
p1203,pm267,A3,test,0,0,ALERT,0,0
p1204,pm268,A4,test,0,1,cosine,1,0
p1204,pm268,A4,test,0,1,LegalBERT-NLI,1,0
p1204,pm268,A4,test,0,1,COLIEE-retrieval,0,0
p1204,pm268,A4,test,0,1,RAG-only,1,0
p1204,pm268,A4,test,0,1,ALERT-flat,1,0
p1204,pm268,A4,test,0,1,ALERT,1,0
p1205,pm269,A0,train,0,1,cosine,0,0
p1205,pm269,A0,train,0,1,LegalBERT-NLI,1,0
p1205,pm269,A0,train,0,1,COLIEE-retrieval,1,0
p1205,pm269,A0,train,0,1,RAG-only,1,0
p1205,pm269,A0,train,0,1,ALERT-flat,1,0
p1205,pm269,A0,train,0,1,ALERT,1,0
p1206,pm270,A1,test,0,0,cosine,0,0
p1206,pm270,A1,test,0,0,LegalBERT-NLI,0,0
p1206,pm270,A1,test,0,0,COLIEE-retrieval,0,0
p1206,pm270,A1,test,0,0,RAG-only,0,0
p1206,pm270,A1,test,0,0,ALERT-flat,0,0
p1206,pm270,A1,test,0,0,ALERT,0,0
p1207,pm271,A2,test,1,0,cosine,0,0
p1207,pm271,A2,test,1,0,LegalBERT-NLI,1,1
p1207,pm271,A2,test,1,0,COLIEE-retrieval,0,0
p1207,pm271,A2,test,1,0,RAG-only,1,1
p1207,pm271,A2,test,1,0,ALERT-flat,0,0
p1207,pm271,A2,test,1,0,ALERT,1,1
p1208,pm272,A3,test,0,1,cosine,1,0
p1208,pm272,A3,test,0,1,LegalBERT-NLI,0,0
p1208,pm272,A3,test,0,1,COLIEE-retrieval,1,0
p1208,pm272,A3,test,0,1,RAG-only,1,0
p1208,pm272,A3,test,0,1,ALERT-flat,1,0
p1208,pm272,A3,test,0,1,ALERT,1,0
p1209,pm273,A4,test,0,1,cosine,1,0
p1209,pm273,A4,test,0,1,LegalBERT-NLI,1,0
p1209,pm273,A4,test,0,1,COLIEE-retrieval,0,0
p1209,pm273,A4,test,0,1,RAG-only,1,0
p1209,pm273,A4,test,0,1,ALERT-flat,1,0
p1209,pm273,A4,test,0,1,ALERT,1,0
p1210,pm274,A0,train,0,0,cosine,0,0
p1210,pm274,A0,train,0,0,LegalBERT-NLI,0,0
p1210,pm274,A0,train,0,0,COLIEE-retrieval,0,0
p1210,pm274,A0,train,0,0,RAG-only,0,0
p1210,pm274,A0,train,0,0,ALERT-flat,1,0
p1210,pm274,A0,train,0,0,ALERT,0,0
p1211,pm275,A1,test,0,1,cosine,0,0
p1211,pm275,A1,test,0,1,LegalBERT-NLI,1,0
p1211,pm275,A1,test,0,1,COLIEE-retrieval,1,0
p1211,pm275,A1,test,0,1,RAG-only,1,0
p1211,pm275,A1,test,0,1,ALERT-flat,1,0
p1211,pm275,A1,test,0,1,ALERT,1,0
p1212,pm276,A2,test,0,0,cosine,0,0
p1212,pm276,A2,test,0,0,LegalBERT-NLI,0,0
p1212,pm276,A2,test,0,0,COLIEE-retrieval,0,0
p1212,pm276,A2,test,0,0,RAG-only,0,0
p1212,pm276,A2,test,0,0,ALERT-flat,0,0
p1212,pm276,A2,test,0,0,ALERT,1,0
p1213,pm277,A3,test,0,0,cosine,1,0
p1213,pm277,A3,test,0,0,LegalBERT-NLI,0,0
p1213,pm277,A3,test,0,0,COLIEE-retrieval,0,0
p1213,pm277,A3,test,0,0,RAG-only,0,0
p1213,pm277,A3,test,0,0,ALERT-flat,0,0
p1213,pm277,A3,test,0,0,ALERT,0,0
p1214,pm278,A4,test,0,0,cosine,1,0
p1214,pm278,A4,test,0,0,LegalBERT-NLI,1,0
p1214,pm278,A4,test,0,0,COLIEE-retrieval,0,0
p1214,pm278,A4,test,0,0,RAG-only,0,0
p1214,pm278,A4,test,0,0,ALERT-flat,1,0
p1214,pm278,A4,test,0,0,ALERT,0,0
p1215,pm279,A0,train,0,0,cosine,1,0
p1215,pm279,A0,train,0,0,LegalBERT-NLI,0,0
p1215,pm279,A0,train,0,0,COLIEE-retrieval,0,0
p1215,pm279,A0,train,0,0,RAG-only,0,0
p1215,pm279,A0,train,0,0,ALERT-flat,0,0
p1215,pm279,A0,train,0,0,ALERT,0,0
p1216,pm280,A1,test,1,0,cosine,1,1
p1216,pm280,A1,test,1,0,LegalBERT-NLI,1,1
p1216,pm280,A1,test,1,0,COLIEE-retrieval,0,0
p1216,pm280,A1,test,1,0,RAG-only,0,0
p1216,pm280,A1,test,1,0,ALERT-flat,0,0
p1216,pm280,A1,test,1,0,ALERT,1,1
p1217,pm281,A2,test,0,0,cosine,1,0
p1217,pm281,A2,test,0,0,LegalBERT-NLI,0,0
p1217,pm281,A2,test,0,0,COLIEE-retrieval,0,0
p1217,pm281,A2,test,0,0,RAG-only,0,0
p1217,pm281,A2,test,0,0,ALERT-flat,0,0
p1217,pm281,A2,test,0,0,ALERT,0,0
p1218,pm282,A3,test,0,0,cosine,1,0
p1218,pm282,A3,test,0,0,LegalBERT-NLI,0,0
p1218,pm282,A3,test,0,0,COLIEE-retrieval,0,0
p1218,pm282,A3,test,0,0,RAG-only,0,0
p1218,pm282,A3,test,0,0,ALERT-flat,0,0
p1218,pm282,A3,test,0,0,ALERT,1,0
p1219,pm283,A4,test,1,0,cosine,0,0
p1219,pm283,A4,test,1,0,LegalBERT-NLI,0,0
p1219,pm283,A4,test,1,0,COLIEE-retrieval,0,0
p1219,pm283,A4,test,1,0,RAG-only,0,0
p1219,pm283,A4,test,1,0,ALERT-flat,1,1
p1219,pm283,A4,test,1,0,ALERT,0,0
p1220,pm284,A0,train,0,0,cosine,0,0
p1220,pm284,A0,train,0,0,LegalBERT-NLI,0,0
p1220,pm284,A0,train,0,0,COLIEE-retrieval,0,0
p1220,pm284,A0,train,0,0,RAG-only,0,0
p1220,pm284,A0,train,0,0,ALERT-flat,0,0
p1220,pm284,A0,train,0,0,ALERT,0,0
p1221,pm285,A1,test,0,0,cosine,1,0
p1221,pm285,A1,test,0,0,LegalBERT-NLI,1,0
p1221,pm285,A1,test,0,0,COLIEE-retrieval,0,0
p1221,pm285,A1,test,0,0,RAG-only,0,0
p1221,pm285,A1,test,0,0,ALERT-flat,0,0
p1221,pm285,A1,test,0,0,ALERT,1,0
p1222,pm286,A2,test,0,0,cosine,0,0
p1222,pm286,A2,test,0,0,LegalBERT-NLI,0,0
p1222,pm286,A2,test,0,0,COLIEE-retrieval,0,0
p1222,pm286,A2,test,0,0,RAG-only,0,0
p1222,pm286,A2,test,0,0,ALERT-flat,0,0
p1222,pm286,A2,test,0,0,ALERT,0,0
p1223,pm287,A3,test,0,1,cosine,1,0
p1223,pm287,A3,test,0,1,LegalBERT-NLI,1,0
p1223,pm287,A3,test,0,1,COLIEE-retrieval,1,0
p1223,pm287,A3,test,0,1,RAG-only,1,0
p1223,pm287,A3,test,0,1,ALERT-flat,1,0
p1223,pm287,A3,test,0,1,ALERT,1,0
p1224,pm288,A4,test,0,1,cosine,1,0
p1224,pm288,A4,test,0,1,LegalBERT-NLI,0,0
p1224,pm288,A4,test,0,1,COLIEE-retrieval,1,0
p1224,pm288,A4,test,0,1,RAG-only,1,0
p1224,pm288,A4,test,0,1,ALERT-flat,1,0
p1224,pm288,A4,test,0,1,ALERT,0,0
p1225,pm289,A0,train,1,0,cosine,0,0
p1225,pm289,A0,train,1,0,LegalBERT-NLI,1,1
p1225,pm289,A0,train,1,0,COLIEE-retrieval,0,0
p1225,pm289,A0,train,1,0,RAG-only,0,0
p1225,pm289,A0,train,1,0,ALERT-flat,0,0
p1225,pm289,A0,train,1,0,ALERT,0,0
p1226,pm290,A1,test,0,1,cosine,1,0
p1226,pm290,A1,test,0,1,LegalBERT-NLI,0,0
p1226,pm290,A1,test,0,1,COLIEE-retrieval,1,0
p1226,pm290,A1,test,0,1,RAG-only,1,0
p1226,pm290,A1,test,0,1,ALERT-flat,1,0
p1226,pm290,A1,test,0,1,ALERT,1,0
p1227,pm291,A2,test,0,0,cosine,0,0
p1227,pm291,A2,test,0,0,LegalBERT-NLI,1,0
p1227,pm291,A2,test,0,0,COLIEE-retrieval,0,0
p1227,pm291,A2,test,0,0,RAG-only,0,0
p1227,pm291,A2,test,0,0,ALERT-flat,0,0
p1227,pm291,A2,test,0,0,ALERT,0,0
p1228,pm292,A3,test,0,0,cosine,0,0
p1228,pm292,A3,test,0,0,LegalBERT-NLI,0,0
p1228,pm292,A3,test,0,0,COLIEE-retrieval,1,0
p1228,pm292,A3,test,0,0,RAG-only,1,0
p1228,pm292,A3,test,0,0,ALERT-flat,0,0
p1228,pm292,A3,test,0,0,ALERT,0,0
p1229,pm293,A4,test,0,0,cosine,0,0
p1229,pm293,A4,test,0,0,LegalBERT-NLI,1,0
p1229,pm293,A4,test,0,0,COLIEE-retrieval,0,0
p1229,pm293,A4,test,0,0,RAG-only,1,0
p1229,pm293,A4,test,0,0,ALERT-flat,0,0
p1229,pm293,A4,test,0,0,ALERT,1,0
p1230,pm294,A0,train,1,0,cosine,0,0
p1230,pm294,A0,train,1,0,LegalBERT-NLI,0,0
p1230,pm294,A0,train,1,0,COLIEE-retrieval,0,0
p1230,pm294,A0,train,1,0,RAG-only,1,1
p1230,pm294,A0,train,1,0,ALERT-flat,0,0
p1230,pm294,A0,train,1,0,ALERT,1,1
p1231,pm295,A1,test,0,0,cosine,0,0
p1231,pm295,A1,test,0,0,LegalBERT-NLI,0,0
p1231,pm295,A1,test,0,0,COLIEE-retrieval,0,0
p1231,pm295,A1,test,0,0,RAG-only,1,0
p1231,pm295,A1,test,0,0,ALERT-flat,0,0
p1231,pm295,A1,test,0,0,ALERT,0,0
p1232,pm296,A2,test,0,1,cosine,1,0
p1232,pm296,A2,test,0,1,LegalBERT-NLI,1,0
p1232,pm296,A2,test,0,1,COLIEE-retrieval,1,0
p1232,pm296,A2,test,0,1,RAG-only,0,0
p1232,pm296,A2,test,0,1,ALERT-flat,0,0
p1232,pm296,A2,test,0,1,ALERT,1,0
p1233,pm297,A3,test,0,0,cosine,0,0
p1233,pm297,A3,test,0,0,LegalBERT-NLI,0,0
p1233,pm297,A3,test,0,0,COLIEE-retrieval,0,0
p1233,pm297,A3,test,0,0,RAG-only,0,0
p1233,pm297,A3,test,0,0,ALERT-flat,0,0
p1233,pm297,A3,test,0,0,ALERT,0,0
p1234,pm298,A4,test,0,0,cosine,1,0
p1234,pm298,A4,test,0,0,LegalBERT-NLI,0,0
p1234,pm298,A4,test,0,0,COLIEE-retrieval,1,0
p1234,pm298,A4,test,0,0,RAG-only,0,0
p1234,pm298,A4,test,0,0,ALERT-flat,0,0
p1234,pm298,A4,test,0,0,ALERT,0,0
p1235,pm299,A0,train,1,0,cosine,0,0
p1235,pm299,A0,train,1,0,LegalBERT-NLI,0,0
p1235,pm299,A0,train,1,0,COLIEE-retrieval,0,0
p1235,pm299,A0,train,1,0,RAG-only,0,0
p1235,pm299,A0,train,1,0,ALERT-flat,0,0
p1235,pm299,A0,train,1,0,ALERT,0,0
p1236,pm300,A1,test,0,1,cosine,1,0
p1236,pm300,A1,test,0,1,LegalBERT-NLI,1,0
p1236,pm300,A1,test,0,1,COLIEE-retrieval,1,0
p1236,pm300,A1,test,0,1,RAG-only,0,0
p1236,pm300,A1,test,0,1,ALERT-flat,1,0
p1236,pm300,A1,test,0,1,ALERT,1,0
p1237,pm301,A2,test,0,0,cosine,0,0
p1237,pm301,A2,test,0,0,LegalBERT-NLI,0,0
p1237,pm301,A2,test,0,0,COLIEE-retrieval,0,0
p1237,pm301,A2,test,0,0,RAG-only,0,0
p1237,pm301,A2,test,0,0,ALERT-flat,0,0
p1237,pm301,A2,test,0,0,ALERT,0,0
p1238,pm302,A3,test,0,0,cosine,1,0
p1238,pm302,A3,test,0,0,LegalBERT-NLI,0,0
p1238,pm302,A3,test,0,0,COLIEE-retrieval,1,0
p1238,pm302,A3,test,0,0,RAG-only,0,0
p1238,pm302,A3,test,0,0,ALERT-flat,0,0
p1238,pm302,A3,test,0,0,ALERT,0,0
p1239,pm303,A4,test,1,0,cosine,0,0
p1239,pm303,A4,test,1,0,LegalBERT-NLI,0,0
p1239,pm303,A4,test,1,0,COLIEE-retrieval,0,0
p1239,pm303,A4,test,1,0,RAG-only,0,0
p1239,pm303,A4,test,1,0,ALERT-flat,0,0
p1239,pm303,A4,test,1,0,ALERT,0,0
p1240,pm304,A0,train,0,0,cosine,0,0
p1240,pm304,A0,train,0,0,LegalBERT-NLI,0,0
p1240,pm304,A0,train,0,0,COLIEE-retrieval,0,0
p1240,pm304,A0,train,0,0,RAG-only,0,0
p1240,pm304,A0,train,0,0,ALERT-flat,0,0
p1240,pm304,A0,train,0,0,ALERT,0,0
p1241,pm305,A1,test,0,0,cosine,0,0
p1241,pm305,A1,test,0,0,LegalBERT-NLI,0,0
p1241,pm305,A1,test,0,0,COLIEE-retrieval,0,0
p1241,pm305,A1,test,0,0,RAG-only,0,0
p1241,pm305,A1,test,0,0,ALERT-flat,0,0
p1241,pm305,A1,test,0,0,ALERT,0,0
p1242,pm306,A2,test,1,0,cosine,0,0
p1242,pm306,A2,test,1,0,LegalBERT-NLI,0,0
p1242,pm306,A2,test,1,0,COLIEE-retrieval,1,1
p1242,pm306,A2,test,1,0,RAG-only,0,0
p1242,pm306,A2,test,1,0,ALERT-flat,0,0
p1242,pm306,A2,test,1,0,ALERT,0,0
p1243,pm307,A3,test,0,0,cosine,0,0
p1243,pm307,A3,test,0,0,LegalBERT-NLI,0,0
p1243,pm307,A3,test,0,0,COLIEE-retrieval,0,0
p1243,pm307,A3,test,0,0,RAG-only,0,0
p1243,pm307,A3,test,0,0,ALERT-flat,0,0
p1243,pm307,A3,test,0,0,ALERT,0,0
p1244,pm308,A4,test,0,0,cosine,0,0
p1244,pm308,A4,test,0,0,LegalBERT-NLI,1,0
p1244,pm308,A4,test,0,0,COLIEE-retrieval,1,0
p1244,pm308,A4,test,0,0,RAG-only,0,0
p1244,pm308,A4,test,0,0,ALERT-flat,0,0
p1244,pm308,A4,test,0,0,ALERT,0,0
p1245,pm309,A0,train,0,0,cosine,0,0
p1245,pm309,A0,train,0,0,LegalBERT-NLI,1,0
p1245,pm309,A0,train,0,0,COLIEE-retrieval,1,0
p1245,pm309,A0,train,0,0,RAG-only,0,0
p1245,pm309,A0,train,0,0,ALERT-flat,0,0
p1245,pm309,A0,train,0,0,ALERT,0,0
p1246,pm310,A1,test,0,1,cosine,1,0
p1246,pm310,A1,test,0,1,LegalBERT-NLI,0,0
p1246,pm310,A1,test,0,1,COLIEE-retrieval,0,0
p1246,pm310,A1,test,0,1,RAG-only,1,0
p1246,pm310,A1,test,0,1,ALERT-flat,1,0
p1246,pm310,A1,test,0,1,ALERT,1,0
p1247,pm311,A2,test,0,0,cosine,0,0
p1247,pm311,A2,test,0,0,LegalBERT-NLI,0,0
p1247,pm311,A2,test,0,0,COLIEE-retrieval,0,0
p1247,pm311,A2,test,0,0,RAG-only,0,0
p1247,pm311,A2,test,0,0,ALERT-flat,0,0
p1247,pm311,A2,test,0,0,ALERT,0,0
p1248,pm000,A3,test,0,1,cosine,1,0
p1248,pm000,A3,test,0,1,LegalBERT-NLI,1,0
p1248,pm000,A3,test,0,1,COLIEE-retrieval,1,0
p1248,pm000,A3,test,0,1,RAG-only,1,0
p1248,pm000,A3,test,0,1,ALERT-flat,1,0
p1248,pm000,A3,test,0,1,ALERT,1,0
p1249,pm001,A4,test,0,1,cosine,1,0
p1249,pm001,A4,test,0,1,LegalBERT-NLI,1,0
p1249,pm001,A4,test,0,1,COLIEE-retrieval,1,0
p1249,pm001,A4,test,0,1,RAG-only,1,0
p1249,pm001,A4,test,0,1,ALERT-flat,1,0
p1249,pm001,A4,test,0,1,ALERT,1,0
p1250,pm002,A0,train,1,0,cosine,0,0
p1250,pm002,A0,train,1,0,LegalBERT-NLI,0,0
p1250,pm002,A0,train,1,0,COLIEE-retrieval,0,0
p1250,pm002,A0,train,1,0,RAG-only,0,0
p1250,pm002,A0,train,1,0,ALERT-flat,0,0
p1250,pm002,A0,train,1,0,ALERT,0,0
p1251,pm003,A1,test,0,0,cosine,0,0
p1251,pm003,A1,test,0,0,LegalBERT-NLI,1,0
p1251,pm003,A1,test,0,0,COLIEE-retrieval,0,0
p1251,pm003,A1,test,0,0,RAG-only,0,0
p1251,pm003,A1,test,0,0,ALERT-flat,0,0
p1251,pm003,A1,test,0,0,ALERT,0,0
p1252,pm004,A2,test,0,1,cosine,1,0
p1252,pm004,A2,test,0,1,LegalBERT-NLI,0,0
p1252,pm004,A2,test,0,1,COLIEE-retrieval,1,0
p1252,pm004,A2,test,0,1,RAG-only,1,0
p1252,pm004,A2,test,0,1,ALERT-flat,1,0
p1252,pm004,A2,test,0,1,ALERT,1,0
p1253,pm005,A3,test,0,0,cosine,0,0
p1253,pm005,A3,test,0,0,LegalBERT-NLI,0,0
p1253,pm005,A3,test,0,0,COLIEE-retrieval,0,0
p1253,pm005,A3,test,0,0,RAG-only,0,0
p1253,pm005,A3,test,0,0,ALERT-flat,0,0
p1253,pm005,A3,test,0,0,ALERT,0,0
p1254,pm006,A4,test,0,1,cosine,1,0
p1254,pm006,A4,test,0,1,LegalBERT-NLI,1,0
p1254,pm006,A4,test,0,1,COLIEE-retrieval,1,0
p1254,pm006,A4,test,0,1,RAG-only,0,0
p1254,pm006,A4,test,0,1,ALERT-flat,1,0
p1254,pm006,A4,test,0,1,ALERT,1,0
p1255,pm007,A0,train,0,0,cosine,1,0
p1255,pm007,A0,train,0,0,LegalBERT-NLI,1,0
p1255,pm007,A0,train,0,0,COLIEE-retrieval,0,0
p1255,pm007,A0,train,0,0,RAG-only,0,0
p1255,pm007,A0,train,0,0,ALERT-flat,0,0
p1255,pm007,A0,train,0,0,ALERT,0,0
p1256,pm008,A1,test,0,0,cosine,0,0
p1256,pm008,A1,test,0,0,LegalBERT-NLI,0,0
p1256,pm008,A1,test,0,0,COLIEE-retrieval,0,0
p1256,pm008,A1,test,0,0,RAG-only,0,0
p1256,pm008,A1,test,0,0,ALERT-flat,0,0
p1256,pm008,A1,test,0,0,ALERT,0,0
p1257,pm009,A2,test,0,0,cosine,0,0
p1257,pm009,A2,test,0,0,LegalBERT-NLI,0,0
p1257,pm009,A2,test,0,0,COLIEE-retrieval,0,0
p1257,pm009,A2,test,0,0,RAG-only,0,0
p1257,pm009,A2,test,0,0,ALERT-flat,0,0
p1257,pm009,A2,test,0,0,ALERT,0,0
p1258,pm010,A3,test,1,0,cosine,1,1
p1258,pm010,A3,test,1,0,LegalBERT-NLI,0,0
p1258,pm010,A3,test,1,0,COLIEE-retrieval,1,1
p1258,pm010,A3,test,1,0,RAG-only,0,0
p1258,pm010,A3,test,1,0,ALERT-flat,0,0
p1258,pm010,A3,test,1,0,ALERT,0,0
p1259,pm011,A4,test,0,0,cosine,0,0
p1259,pm011,A4,test,0,0,LegalBERT-NLI,1,0
p1259,pm011,A4,test,0,0,COLIEE-retrieval,0,0
p1259,pm011,A4,test,0,0,RAG-only,1,0
p1259,pm011,A4,test,0,0,ALERT-flat,0,0
p1259,pm011,A4,test,0,0,ALERT,0,0
p1260,pm012,A0,train,0,1,cosine,1,0
p1260,pm012,A0,train,0,1,LegalBERT-NLI,1,0
p1260,pm012,A0,train,0,1,COLIEE-retrieval,1,0
p1260,pm012,A0,train,0,1,RAG-only,1,0
p1260,pm012,A0,train,0,1,ALERT-flat,1,0
p1260,pm012,A0,train,0,1,ALERT,1,0
p1261,pm013,A1,test,0,1,cosine,1,0
p1261,pm013,A1,test,0,1,LegalBERT-NLI,0,0
p1261,pm013,A1,test,0,1,COLIEE-retrieval,1,0
p1261,pm013,A1,test,0,1,RAG-only,1,0
p1261,pm013,A1,test,0,1,ALERT-flat,1,0
p1261,pm013,A1,test,0,1,ALERT,1,0
p1262,pm014,A2,test,0,0,cosine,0,0
p1262,pm014,A2,test,0,0,LegalBERT-NLI,0,0
p1262,pm014,A2,test,0,0,COLIEE-retrieval,0,0
p1262,pm014,A2,test,0,0,RAG-only,0,0
p1262,pm014,A2,test,0,0,ALERT-flat,0,0
p1262,pm014,A2,test,0,0,ALERT,1,0
p1263,pm015,A3,test,0,1,cosine,1,0
p1263,pm015,A3,test,0,1,LegalBERT-NLI,1,0
p1263,pm015,A3,test,0,1,COLIEE-retrieval,1,0
p1263,pm015,A3,test,0,1,RAG-only,0,0
p1263,pm015,A3,test,0,1,ALERT-flat,0,0
p1263,pm015,A3,test,0,1,ALERT,1,0
p1264,pm016,A4,test,1,0,cosine,1,1
p1264,pm016,A4,test,1,0,LegalBERT-NLI,0,0
p1264,pm016,A4,test,1,0,COLIEE-retrieval,0,0
p1264,pm016,A4,test,1,0,RAG-only,0,0
p1264,pm016,A4,test,1,0,ALERT-flat,0,0
p1264,pm016,A4,test,1,0,ALERT,0,0
p1265,pm017,A0,train,0,0,cosine,0,0
p1265,pm017,A0,train,0,0,LegalBERT-NLI,0,0
p1265,pm017,A0,train,0,0,COLIEE-retrieval,1,0
p1265,pm017,A0,train,0,0,RAG-only,0,0
p1265,pm017,A0,train,0,0,ALERT-flat,0,0
p1265,pm017,A0,train,0,0,ALERT,0,0
p1266,pm018,A1,test,1,0,cosine,0,0
p1266,pm018,A1,test,1,0,LegalBERT-NLI,0,0
p1266,pm018,A1,test,1,0,COLIEE-retrieval,0,0
p1266,pm018,A1,test,1,0,RAG-only,0,0
p1266,pm018,A1,test,1,0,ALERT-flat,0,0
p1266,pm018,A1,test,1,0,ALERT,1,1
p1267,pm019,A2,test,0,0,cosine,0,0
p1267,pm019,A2,test,0,0,LegalBERT-NLI,0,0
p1267,pm019,A2,test,0,0,COLIEE-retrieval,0,0
p1267,pm019,A2,test,0,0,RAG-only,0,0
p1267,pm019,A2,test,0,0,ALERT-flat,0,0
p1267,pm019,A2,test,0,0,ALERT,0,0
p1268,pm020,A3,test,0,0,cosine,1,0
p1268,pm020,A3,test,0,0,LegalBERT-NLI,0,0
p1268,pm020,A3,test,0,0,COLIEE-retrieval,0,0
p1268,pm020,A3,test,0,0,RAG-only,0,0
p1268,pm020,A3,test,0,0,ALERT-flat,0,0
p1268,pm020,A3,test,0,0,ALERT,0,0
p1269,pm021,A4,test,0,0,cosine,0,0
p1269,pm021,A4,test,0,0,LegalBERT-NLI,0,0
p1269,pm021,A4,test,0,0,COLIEE-retrieval,0,0
p1269,pm021,A4,test,0,0,RAG-only,1,0
p1269,pm021,A4,test,0,0,ALERT-flat,0,0
p1269,pm021,A4,test,0,0,ALERT,1,0
p1270,pm022,A0,train,0,0,cosine,0,0
p1270,pm022,A0,train,0,0,LegalBERT-NLI,1,0
p1270,pm022,A0,train,0,0,COLIEE-retrieval,0,0
p1270,pm022,A0,train,0,0,RAG-only,0,0
p1270,pm022,A0,train,0,0,ALERT-flat,0,0
p1270,pm022,A0,train,0,0,ALERT,1,0
p1271,pm023,A1,test,0,0,cosine,0,0
p1271,pm023,A1,test,0,0,LegalBERT-NLI,0,0
p1271,pm023,A1,test,0,0,COLIEE-retrieval,0,0
p1271,pm023,A1,test,0,0,RAG-only,1,0
p1271,pm023,A1,test,0,0,ALERT-flat,0,0
p1271,pm023,A1,test,0,0,ALERT,0,0
p1272,pm024,A2,test,0,0,cosine,0,0
p1272,pm024,A2,test,0,0,LegalBERT-NLI,0,0
p1272,pm024,A2,test,0,0,COLIEE-retrieval,1,0
p1272,pm024,A2,test,0,0,RAG-only,1,0
p1272,pm024,A2,test,0,0,ALERT-flat,1,0
p1272,pm024,A2,test,0,0,ALERT,0,0
p1273,pm025,A3,test,1,0,cosine,1,1
p1273,pm025,A3,test,1,0,LegalBERT-NLI,1,1
p1273,pm025,A3,test,1,0,COLIEE-retrieval,1,1
p1273,pm025,A3,test,1,0,RAG-only,0,0
p1273,pm025,A3,test,1,0,ALERT-flat,0,0
p1273,pm025,A3,test,1,0,ALERT,0,0
p1274,pm026,A4,test,0,0,cosine,0,0
p1274,pm026,A4,test,0,0,LegalBERT-NLI,0,0
p1274,pm026,A4,test,0,0,COLIEE-retrieval,0,0
p1274,pm026,A4,test,0,0,RAG-only,0,0
p1274,pm026,A4,test,0,0,ALERT-flat,0,0
p1274,pm026,A4,test,0,0,ALERT,0,0
p1275,pm027,A0,train,1,0,cosine,1,1
p1275,pm027,A0,train,1,0,LegalBERT-NLI,0,0
p1275,pm027,A0,train,1,0,COLIEE-retrieval,0,0
p1275,pm027,A0,train,1,0,RAG-only,0,0
p1275,pm027,A0,train,1,0,ALERT-flat,0,0
p1275,pm027,A0,train,1,0,ALERT,1,1
p1276,pm028,A1,test,0,0,cosine,0,0
p1276,pm028,A1,test,0,0,LegalBERT-NLI,1,0
p1276,pm028,A1,test,0,0,COLIEE-retrieval,0,0
p1276,pm028,A1,test,0,0,RAG-only,1,0
p1276,pm028,A1,test,0,0,ALERT-flat,0,0
p1276,pm028,A1,test,0,0,ALERT,0,0
p1277,pm029,A2,test,0,0,cosine,1,0
p1277,pm029,A2,test,0,0,LegalBERT-NLI,0,0
p1277,pm029,A2,test,0,0,COLIEE-retrieval,0,0
p1277,pm029,A2,test,0,0,RAG-only,0,0
p1277,pm029,A2,test,0,0,ALERT-flat,0,0
p1277,pm029,A2,test,0,0,ALERT,1,0
p1278,pm030,A3,test,0,0,cosine,0,0
p1278,pm030,A3,test,0,0,LegalBERT-NLI,0,0
p1278,pm030,A3,test,0,0,COLIEE-retrieval,1,0
p1278,pm030,A3,test,0,0,RAG-only,0,0
p1278,pm030,A3,test,0,0,ALERT-flat,0,0
p1278,pm030,A3,test,0,0,ALERT,0,0
p1279,pm031,A4,test,0,1,cosine,1,0
p1279,pm031,A4,test,0,1,LegalBERT-NLI,0,0
p1279,pm031,A4,test,0,1,COLIEE-retrieval,1,0
p1279,pm031,A4,test,0,1,RAG-only,1,0
p1279,pm031,A4,test,0,1,ALERT-flat,1,0
p1279,pm031,A4,test,0,1,ALERT,1,0
p1280,pm032,A0,train,0,1,cosine,0,0
p1280,pm032,A0,train,0,1,LegalBERT-NLI,1,0
p1280,pm032,A0,train,0,1,COLIEE-retrieval,1,0
p1280,pm032,A0,train,0,1,RAG-only,1,0
p1280,pm032,A0,train,0,1,ALERT-flat,1,0
p1280,pm032,A0,train,0,1,ALERT,1,0
p1281,pm033,A1,test,1,0,cosine,0,0
p1281,pm033,A1,test,1,0,LegalBERT-NLI,1,1
p1281,pm033,A1,test,1,0,COLIEE-retrieval,0,0
p1281,pm033,A1,test,1,0,RAG-only,0,0
p1281,pm033,A1,test,1,0,ALERT-flat,0,0
p1281,pm033,A1,test,1,0,ALERT,0,0
p1282,pm034,A2,test,0,0,cosine,0,0
p1282,pm034,A2,test,0,0,LegalBERT-NLI,0,0
p1282,pm034,A2,test,0,0,COLIEE-retrieval,0,0
p1282,pm034,A2,test,0,0,RAG-only,0,0
p1282,pm034,A2,test,0,0,ALERT-flat,0,0
p1282,pm034,A2,test,0,0,ALERT,0,0
p1283,pm035,A3,test,0,0,cosine,0,0
p1283,pm035,A3,test,0,0,LegalBERT-NLI,1,0
p1283,pm035,A3,test,0,0,COLIEE-retrieval,0,0
p1283,pm035,A3,test,0,0,RAG-only,0,0
p1283,pm035,A3,test,0,0,ALERT-flat,0,0
p1283,pm035,A3,test,0,0,ALERT,0,0
p1284,pm036,A4,test,0,1,cosine,0,0
p1284,pm036,A4,test,0,1,LegalBERT-NLI,1,0
p1284,pm036,A4,test,0,1,COLIEE-retrieval,1,0
p1284,pm036,A4,test,0,1,RAG-only,1,0
p1284,pm036,A4,test,0,1,ALERT-flat,0,0
p1284,pm036,A4,test,0,1,ALERT,1,0
p1285,pm037,A0,train,0,0,cosine,1,0
p1285,pm037,A0,train,0,0,LegalBERT-NLI,0,0
p1285,pm037,A0,train,0,0,COLIEE-retrieval,1,0
p1285,pm037,A0,train,0,0,RAG-only,0,0
p1285,pm037,A0,train,0,0,ALERT-flat,0,0
p1285,pm037,A0,train,0,0,ALERT,0,0
p1286,pm038,A1,test,0,1,cosine,1,0
p1286,pm038,A1,test,0,1,LegalBERT-NLI,0,0
p1286,pm038,A1,test,0,1,COLIEE-retrieval,1,0
p1286,pm038,A1,test,0,1,RAG-only,0,0
p1286,pm038,A1,test,0,1,ALERT-flat,1,0
p1286,pm038,A1,test,0,1,ALERT,1,0
p1287,pm039,A2,test,0,0,cosine,1,0
p1287,pm039,A2,test,0,0,LegalBERT-NLI,0,0
p1287,pm039,A2,test,0,0,COLIEE-retrieval,0,0
p1287,pm039,A2,test,0,0,RAG-only,0,0
p1287,pm039,A2,test,0,0,ALERT-flat,0,0
p1287,pm039,A2,test,0,0,ALERT,0,0
p1288,pm040,A3,test,0,1,cosine,1,0
p1288,pm040,A3,test,0,1,LegalBERT-NLI,0,0
p1288,pm040,A3,test,0,1,COLIEE-retrieval,0,0
p1288,pm040,A3,test,0,1,RAG-only,1,0
p1288,pm040,A3,test,0,1,ALERT-flat,0,0
p1288,pm040,A3,test,0,1,ALERT,1,0
p1289,pm041,A4,test,0,1,cosine,1,0
p1289,pm041,A4,test,0,1,LegalBERT-NLI,1,0
p1289,pm041,A4,test,0,1,COLIEE-retrieval,1,0
p1289,pm041,A4,test,0,1,RAG-only,0,0
p1289,pm041,A4,test,0,1,ALERT-flat,1,0
p1289,pm041,A4,test,0,1,ALERT,0,0
p1290,pm042,A0,train,0,0,cosine,1,0
p1290,pm042,A0,train,0,0,LegalBERT-NLI,0,0
p1290,pm042,A0,train,0,0,COLIEE-retrieval,0,0
p1290,pm042,A0,train,0,0,RAG-only,0,0
p1290,pm042,A0,train,0,0,ALERT-flat,0,0
p1290,pm042,A0,train,0,0,ALERT,0,0
p1291,pm043,A1,test,0,1,cosine,1,0
p1291,pm043,A1,test,0,1,LegalBERT-NLI,1,0
p1291,pm043,A1,test,0,1,COLIEE-retrieval,1,0
p1291,pm043,A1,test,0,1,RAG-only,0,0
p1291,pm043,A1,test,0,1,ALERT-flat,1,0
p1291,pm043,A1,test,0,1,ALERT,1,0
p1292,pm044,A2,test,0,0,cosine,0,0
p1292,pm044,A2,test,0,0,LegalBERT-NLI,0,0
p1292,pm044,A2,test,0,0,COLIEE-retrieval,0,0
p1292,pm044,A2,test,0,0,RAG-only,0,0
p1292,pm044,A2,test,0,0,ALERT-flat,0,0
p1292,pm044,A2,test,0,0,ALERT,1,0
p1293,pm045,A3,test,0,0,cosine,1,0
p1293,pm045,A3,test,0,0,LegalBERT-NLI,0,0
p1293,pm045,A3,test,0,0,COLIEE-retrieval,0,0
p1293,pm045,A3,test,0,0,RAG-only,0,0
p1293,pm045,A3,test,0,0,ALERT-flat,0,0
p1293,pm045,A3,test,0,0,ALERT,0,0
p1294,pm046,A4,test,0,1,cosine,1,0
p1294,pm046,A4,test,0,1,LegalBERT-NLI,0,0
p1294,pm046,A4,test,0,1,COLIEE-retrieval,1,0
p1294,pm046,A4,test,0,1,RAG-only,0,0
p1294,pm046,A4,test,0,1,ALERT-flat,0,0
p1294,pm046,A4,test,0,1,ALERT,0,0
p1295,pm047,A0,train,0,0,cosine,0,0
p1295,pm047,A0,train,0,0,LegalBERT-NLI,0,0
p1295,pm047,A0,train,0,0,COLIEE-retrieval,0,0
p1295,pm047,A0,train,0,0,RAG-only,0,0
p1295,pm047,A0,train,0,0,ALERT-flat,0,0
p1295,pm047,A0,train,0,0,ALERT,0,0
p1296,pm048,A1,test,0,1,cosine,1,0
p1296,pm048,A1,test,0,1,LegalBERT-NLI,1,0
p1296,pm048,A1,test,0,1,COLIEE-retrieval,0,0
p1296,pm048,A1,test,0,1,RAG-only,1,0
p1296,pm048,A1,test,0,1,ALERT-flat,1,0
p1296,pm048,A1,test,0,1,ALERT,1,0
p1297,pm049,A2,test,0,0,cosine,1,0
p1297,pm049,A2,test,0,0,LegalBERT-NLI,0,0
p1297,pm049,A2,test,0,0,COLIEE-retrieval,0,0
p1297,pm049,A2,test,0,0,RAG-only,0,0
p1297,pm049,A2,test,0,0,ALERT-flat,0,0
p1297,pm049,A2,test,0,0,ALERT,1,0
p1298,pm050,A3,test,0,0,cosine,0,0
p1298,pm050,A3,test,0,0,LegalBERT-NLI,0,0
p1298,pm050,A3,test,0,0,COLIEE-retrieval,0,0
p1298,pm050,A3,test,0,0,RAG-only,0,0
p1298,pm050,A3,test,0,0,ALERT-flat,1,0
p1298,pm050,A3,test,0,0,ALERT,0,0
p1299,pm051,A4,test,0,0,cosine,0,0
p1299,pm051,A4,test,0,0,LegalBERT-NLI,0,0
p1299,pm051,A4,test,0,0,COLIEE-retrieval,0,0
p1299,pm051,A4,test,0,0,RAG-only,0,0
p1299,pm051,A4,test,0,0,ALERT-flat,0,0
p1299,pm051,A4,test,0,0,ALERT,0,0
p1300,pm052,A0,train,0,1,cosine,1,0
p1300,pm052,A0,train,0,1,LegalBERT-NLI,1,0
p1300,pm052,A0,train,0,1,COLIEE-retrieval,1,0
p1300,pm052,A0,train,0,1,RAG-only,1,0
p1300,pm052,A0,train,0,1,ALERT-flat,1,0
p1300,pm052,A0,train,0,1,ALERT,1,0
p1301,pm053,A1,test,1,0,cosine,1,1
p1301,pm053,A1,test,1,0,LegalBERT-NLI,0,0
p1301,pm053,A1,test,1,0,COLIEE-retrieval,0,0
p1301,pm053,A1,test,1,0,RAG-only,0,0
p1301,pm053,A1,test,1,0,ALERT-flat,0,0
p1301,pm053,A1,test,1,0,ALERT,0,0
p1302,pm054,A2,test,0,0,cosine,0,0
p1302,pm054,A2,test,0,0,LegalBERT-NLI,1,0
p1302,pm054,A2,test,0,0,COLIEE-retrieval,0,0
p1302,pm054,A2,test,0,0,RAG-only,0,0
p1302,pm054,A2,test,0,0,ALERT-flat,0,0
p1302,pm054,A2,test,0,0,ALERT,0,0
p1303,pm055,A3,test,0,1,cosine,1,0
p1303,pm055,A3,test,0,1,LegalBERT-NLI,1,0
p1303,pm055,A3,test,0,1,COLIEE-retrieval,1,0
p1303,pm055,A3,test,0,1,RAG-only,1,0
p1303,pm055,A3,test,0,1,ALERT-flat,1,0
p1303,pm055,A3,test,0,1,ALERT,1,0
p1304,pm056,A4,test,1,0,cosine,0,0
p1304,pm056,A4,test,1,0,LegalBERT-NLI,1,1
p1304,pm056,A4,test,1,0,COLIEE-retrieval,1,1
p1304,pm056,A4,test,1,0,RAG-only,0,0
p1304,pm056,A4,test,1,0,ALERT-flat,0,0
p1304,pm056,A4,test,1,0,ALERT,0,0
p1305,pm057,A0,train,1,0,cosine,1,1
p1305,pm057,A0,train,1,0,LegalBERT-NLI,1,1
p1305,pm057,A0,train,1,0,COLIEE-retrieval,1,1
p1305,pm057,A0,train,1,0,RAG-only,0,0
p1305,pm057,A0,train,1,0,ALERT-flat,0,0
p1305,pm057,A0,train,1,0,ALERT,0,0
p1306,pm058,A1,test,0,0,cosine,0,0
p1306,pm058,A1,test,0,0,LegalBERT-NLI,0,0
p1306,pm058,A1,test,0,0,COLIEE-retrieval,1,0
p1306,pm058,A1,test,0,0,RAG-only,0,0
p1306,pm058,A1,test,0,0,ALERT-flat,0,0
p1306,pm058,A1,test,0,0,ALERT,0,0
p1307,pm059,A2,test,0,0,cosine,0,0
p1307,pm059,A2,test,0,0,LegalBERT-NLI,0,0
p1307,pm059,A2,test,0,0,COLIEE-retrieval,0,0
p1307,pm059,A2,test,0,0,RAG-only,0,0
p1307,pm059,A2,test,0,0,ALERT-flat,0,0
p1307,pm059,A2,test,0,0,ALERT,0,0
p1308,pm060,A3,test,1,0,cosine,0,0
p1308,pm060,A3,test,1,0,LegalBERT-NLI,1,1
p1308,pm060,A3,test,1,0,COLIEE-retrieval,0,0
p1308,pm060,A3,test,1,0,RAG-only,0,0
p1308,pm060,A3,test,1,0,ALERT-flat,0,0
p1308,pm060,A3,test,1,0,ALERT,0,0
p1309,pm061,A4,test,1,0,cosine,0,0
p1309,pm061,A4,test,1,0,LegalBERT-NLI,0,0
p1309,pm061,A4,test,1,0,COLIEE-retrieval,0,0
p1309,pm061,A4,test,1,0,RAG-only,0,0
p1309,pm061,A4,test,1,0,ALERT-flat,0,0
p1309,pm061,A4,test,1,0,ALERT,0,0
p1310,pm062,A0,train,0,0,cosine,0,0
p1310,pm062,A0,train,0,0,LegalBERT-NLI,0,0
p1310,pm062,A0,train,0,0,COLIEE-retrieval,0,0
p1310,pm062,A0,train,0,0,RAG-only,0,0
p1310,pm062,A0,train,0,0,ALERT-flat,0,0
p1310,pm062,A0,train,0,0,ALERT,0,0
p1311,pm063,A1,test,0,1,cosine,1,0
p1311,pm063,A1,test,0,1,LegalBERT-NLI,1,0
p1311,pm063,A1,test,0,1,COLIEE-retrieval,1,0
p1311,pm063,A1,test,0,1,RAG-only,1,0
p1311,pm063,A1,test,0,1,ALERT-flat,1,0
p1311,pm063,A1,test,0,1,ALERT,1,0
p1312,pm064,A2,test,0,0,cosine,0,0
p1312,pm064,A2,test,0,0,LegalBERT-NLI,0,0
p1312,pm064,A2,test,0,0,COLIEE-retrieval,0,0
p1312,pm064,A2,test,0,0,RAG-only,0,0
p1312,pm064,A2,test,0,0,ALERT-flat,0,0
p1312,pm064,A2,test,0,0,ALERT,1,0
p1313,pm065,A3,test,0,0,cosine,0,0
p1313,pm065,A3,test,0,0,LegalBERT-NLI,0,0
p1313,pm065,A3,test,0,0,COLIEE-retrieval,0,0
p1313,pm065,A3,test,0,0,RAG-only,1,0
p1313,pm065,A3,test,0,0,ALERT-flat,0,0
p1313,pm065,A3,test,0,0,ALERT,0,0
p1314,pm066,A4,test,0,0,cosine,0,0
p1314,pm066,A4,test,0,0,LegalBERT-NLI,0,0
p1314,pm066,A4,test,0,0,COLIEE-retrieval,0,0
p1314,pm066,A4,test,0,0,RAG-only,0,0
p1314,pm066,A4,test,0,0,ALERT-flat,0,0
p1314,pm066,A4,test,0,0,ALERT,0,0
p1315,pm067,A0,train,0,0,cosine,1,0
p1315,pm067,A0,train,0,0,LegalBERT-NLI,0,0
p1315,pm067,A0,train,0,0,COLIEE-retrieval,1,0
p1315,pm067,A0,train,0,0,RAG-only,0,0
p1315,pm067,A0,train,0,0,ALERT-flat,0,0
p1315,pm067,A0,train,0,0,ALERT,0,0
p1316,pm068,A1,test,0,0,cosine,0,0
p1316,pm068,A1,test,0,0,LegalBERT-NLI,0,0
p1316,pm068,A1,test,0,0,COLIEE-retrieval,1,0
p1316,pm068,A1,test,0,0,RAG-only,0,0
p1316,pm068,A1,test,0,0,ALERT-flat,0,0
p1316,pm068,A1,test,0,0,ALERT,0,0
p1317,pm069,A2,test,0,0,cosine,0,0
p1317,pm069,A2,test,0,0,LegalBERT-NLI,0,0
p1317,pm069,A2,test,0,0,COLIEE-retrieval,0,0
p1317,pm069,A2,test,0,0,RAG-only,0,0
p1317,pm069,A2,test,0,0,ALERT-flat,0,0
p1317,pm069,A2,test,0,0,ALERT,0,0
p1318,pm070,A3,test,0,1,cosine,0,0
p1318,pm070,A3,test,0,1,LegalBERT-NLI,1,0
p1318,pm070,A3,test,0,1,COLIEE-retrieval,1,0
p1318,pm070,A3,test,0,1,RAG-only,1,0
p1318,pm070,A3,test,0,1,ALERT-flat,0,0
p1318,pm070,A3,test,0,1,ALERT,1,0
p1319,pm071,A4,test,0,0,cosine,0,0
p1319,pm071,A4,test,0,0,LegalBERT-NLI,1,0
p1319,pm071,A4,test,0,0,COLIEE-retrieval,1,0
p1319,pm071,A4,test,0,0,RAG-only,0,0
p1319,pm071,A4,test,0,0,ALERT-flat,1,0
p1319,pm071,A4,test,0,0,ALERT,0,0
p1320,pm072,A0,train,1,0,cosine,0,0
p1320,pm072,A0,train,1,0,LegalBERT-NLI,0,0
p1320,pm072,A0,train,1,0,COLIEE-retrieval,0,0
p1320,pm072,A0,train,1,0,RAG-only,0,0
p1320,pm072,A0,train,1,0,ALERT-flat,0,0
p1320,pm072,A0,train,1,0,ALERT,0,0
p1321,pm073,A1,test,0,0,cosine,1,0
p1321,pm073,A1,test,0,0,LegalBERT-NLI,0,0
p1321,pm073,A1,test,0,0,COLIEE-retrieval,0,0
p1321,pm073,A1,test,0,0,RAG-only,0,0
p1321,pm073,A1,test,0,0,ALERT-flat,1,0
p1321,pm073,A1,test,0,0,ALERT,0,0
p1322,pm074,A2,test,0,0,cosine,0,0
p1322,pm074,A2,test,0,0,LegalBERT-NLI,0,0
p1322,pm074,A2,test,0,0,COLIEE-retrieval,1,0
p1322,pm074,A2,test,0,0,RAG-only,0,0
p1322,pm074,A2,test,0,0,ALERT-flat,0,0
p1322,pm074,A2,test,0,0,ALERT,0,0
p1323,pm075,A3,test,0,1,cosine,1,0
p1323,pm075,A3,test,0,1,LegalBERT-NLI,1,0
p1323,pm075,A3,test,0,1,COLIEE-retrieval,1,0
p1323,pm075,A3,test,0,1,RAG-only,0,0
p1323,pm075,A3,test,0,1,ALERT-flat,1,0
p1323,pm075,A3,test,0,1,ALERT,1,0
p1324,pm076,A4,test,0,0,cosine,0,0
p1324,pm076,A4,test,0,0,LegalBERT-NLI,1,0
p1324,pm076,A4,test,0,0,COLIEE-retrieval,0,0
p1324,pm076,A4,test,0,0,RAG-only,1,0
p1324,pm076,A4,test,0,0,ALERT-flat,0,0
p1324,pm076,A4,test,0,0,ALERT,0,0
p1325,pm077,A0,train,0,0,cosine,0,0
p1325,pm077,A0,train,0,0,LegalBERT-NLI,0,0
p1325,pm077,A0,train,0,0,COLIEE-retrieval,0,0
p1325,pm077,A0,train,0,0,RAG-only,0,0
p1325,pm077,A0,train,0,0,ALERT-flat,0,0
p1325,pm077,A0,train,0,0,ALERT,0,0
p1326,pm078,A1,test,0,0,cosine,0,0
p1326,pm078,A1,test,0,0,LegalBERT-NLI,0,0
p1326,pm078,A1,test,0,0,COLIEE-retrieval,0,0
p1326,pm078,A1,test,0,0,RAG-only,0,0
p1326,pm078,A1,test,0,0,ALERT-flat,0,0
p1326,pm078,A1,test,0,0,ALERT,0,0
p1327,pm079,A2,test,1,0,cosine,0,0
p1327,pm079,A2,test,1,0,LegalBERT-NLI,0,0
p1327,pm079,A2,test,1,0,COLIEE-retrieval,0,0
p1327,pm079,A2,test,1,0,RAG-only,0,0
p1327,pm079,A2,test,1,0,ALERT-flat,0,0
p1327,pm079,A2,test,1,0,ALERT,0,0
p1328,pm080,A3,test,1,0,cosine,0,0
p1328,pm080,A3,test,1,0,LegalBERT-NLI,0,0
p1328,pm080,A3,test,1,0,COLIEE-retrieval,0,0
p1328,pm080,A3,test,1,0,RAG-only,1,1
p1328,pm080,A3,test,1,0,ALERT-flat,1,1
p1328,pm080,A3,test,1,0,ALERT,0,0
p1329,pm081,A4,test,1,0,cosine,0,0
p1329,pm081,A4,test,1,0,LegalBERT-NLI,0,0
p1329,pm081,A4,test,1,0,COLIEE-retrieval,0,0
p1329,pm081,A4,test,1,0,RAG-only,0,0
p1329,pm081,A4,test,1,0,ALERT-flat,0,0
p1329,pm081,A4,test,1,0,ALERT,0,0
p1330,pm082,A0,train,1,0,cosine,0,0
p1330,pm082,A0,train,1,0,LegalBERT-NLI,0,0
p1330,pm082,A0,train,1,0,COLIEE-retrieval,0,0
p1330,pm082,A0,train,1,0,RAG-only,1,1
p1330,pm082,A0,train,1,0,ALERT-flat,1,1
p1330,pm082,A0,train,1,0,ALERT,0,0
p1331,pm083,A1,test,0,1,cosine,1,0
p1331,pm083,A1,test,0,1,LegalBERT-NLI,1,0
p1331,pm083,A1,test,0,1,COLIEE-retrieval,1,0
p1331,pm083,A1,test,0,1,RAG-only,1,0
p1331,pm083,A1,test,0,1,ALERT-flat,1,0
p1331,pm083,A1,test,0,1,ALERT,1,0
p1332,pm084,A2,test,0,1,cosine,1,0
p1332,pm084,A2,test,0,1,LegalBERT-NLI,1,0
p1332,pm084,A2,test,0,1,COLIEE-retrieval,1,0
p1332,pm084,A2,test,0,1,RAG-only,0,0
p1332,pm084,A2,test,0,1,ALERT-flat,1,0
p1332,pm084,A2,test,0,1,ALERT,1,0
p1333,pm085,A3,test,0,0,cosine,0,0
p1333,pm085,A3,test,0,0,LegalBERT-NLI,0,0
p1333,pm085,A3,test,0,0,COLIEE-retrieval,0,0
p1333,pm085,A3,test,0,0,RAG-only,1,0
p1333,pm085,A3,test,0,0,ALERT-flat,1,0
p1333,pm085,A3,test,0,0,ALERT,0,0
p1334,pm086,A4,test,1,0,cosine,1,1
p1334,pm086,A4,test,1,0,LegalBERT-NLI,1,1
p1334,pm086,A4,test,1,0,COLIEE-retrieval,0,0
p1334,pm086,A4,test,1,0,RAG-only,1,1
p1334,pm086,A4,test,1,0,ALERT-flat,0,0
p1334,pm086,A4,test,1,0,ALERT,0,0
p1335,pm087,A0,train,0,0,cosine,0,0
p1335,pm087,A0,train,0,0,LegalBERT-NLI,1,0
p1335,pm087,A0,train,0,0,COLIEE-retrieval,0,0
p1335,pm087,A0,train,0,0,RAG-only,0,0
p1335,pm087,A0,train,0,0,ALERT-flat,0,0
p1335,pm087,A0,train,0,0,ALERT,0,0
p1336,pm088,A1,test,0,0,cosine,0,0
p1336,pm088,A1,test,0,0,LegalBERT-NLI,1,0
p1336,pm088,A1,test,0,0,COLIEE-retrieval,0,0
p1336,pm088,A1,test,0,0,RAG-only,0,0
p1336,pm088,A1,test,0,0,ALERT-flat,1,0
p1336,pm088,A1,test,0,0,ALERT,0,0
p1337,pm089,A2,test,0,1,cosine,1,0
p1337,pm089,A2,test,0,1,LegalBERT-NLI,1,0
p1337,pm089,A2,test,0,1,COLIEE-retrieval,1,0
p1337,pm089,A2,test,0,1,RAG-only,1,0
p1337,pm089,A2,test,0,1,ALERT-flat,1,0
p1337,pm089,A2,test,0,1,ALERT,0,0
p1338,pm090,A3,test,0,0,cosine,0,0
p1338,pm090,A3,test,0,0,LegalBERT-NLI,0,0
p1338,pm090,A3,test,0,0,COLIEE-retrieval,1,0
p1338,pm090,A3,test,0,0,RAG-only,0,0
p1338,pm090,A3,test,0,0,ALERT-flat,0,0
p1338,pm090,A3,test,0,0,ALERT,0,0
p1339,pm091,A4,test,1,0,cosine,0,0
p1339,pm091,A4,test,1,0,LegalBERT-NLI,0,0
p1339,pm091,A4,test,1,0,COLIEE-retrieval,0,0
p1339,pm091,A4,test,1,0,RAG-only,0,0
p1339,pm091,A4,test,1,0,ALERT-flat,0,0
p1339,pm091,A4,test,1,0,ALERT,0,0
p1340,pm092,A0,train,0,0,cosine,1,0
p1340,pm092,A0,train,0,0,LegalBERT-NLI,0,0
p1340,pm092,A0,train,0,0,COLIEE-retrieval,0,0
p1340,pm092,A0,train,0,0,RAG-only,0,0
p1340,pm092,A0,train,0,0,ALERT-flat,0,0
p1340,pm092,A0,train,0,0,ALERT,0,0
p1341,pm093,A1,test,1,0,cosine,0,0
p1341,pm093,A1,test,1,0,LegalBERT-NLI,0,0
p1341,pm093,A1,test,1,0,COLIEE-retrieval,0,0
p1341,pm093,A1,test,1,0,RAG-only,0,0
p1341,pm093,A1,test,1,0,ALERT-flat,0,0
p1341,pm093,A1,test,1,0,ALERT,0,0
p1342,pm094,A2,test,1,0,cosine,0,0
p1342,pm094,A2,test,1,0,LegalBERT-NLI,0,0
p1342,pm094,A2,test,1,0,COLIEE-retrieval,1,1
p1342,pm094,A2,test,1,0,RAG-only,0,0
p1342,pm094,A2,test,1,0,ALERT-flat,0,0
p1342,pm094,A2,test,1,0,ALERT,0,0
p1343,pm095,A3,test,1,0,cosine,0,0
p1343,pm095,A3,test,1,0,LegalBERT-NLI,1,1
p1343,pm095,A3,test,1,0,COLIEE-retrieval,0,0
p1343,pm095,A3,test,1,0,RAG-only,1,1
p1343,pm095,A3,test,1,0,ALERT-flat,0,0
p1343,pm095,A3,test,1,0,ALERT,0,0
p1344,pm096,A4,test,0,0,cosine,0,0
p1344,pm096,A4,test,0,0,LegalBERT-NLI,1,0
p1344,pm096,A4,test,0,0,COLIEE-retrieval,1,0
p1344,pm096,A4,test,0,0,RAG-only,0,0
p1344,pm096,A4,test,0,0,ALERT-flat,0,0
p1344,pm096,A4,test,0,0,ALERT,0,0
p1345,pm097,A0,train,0,0,cosine,0,0
p1345,pm097,A0,train,0,0,LegalBERT-NLI,0,0
p1345,pm097,A0,train,0,0,COLIEE-retrieval,0,0
p1345,pm097,A0,train,0,0,RAG-only,1,0
p1345,pm097,A0,train,0,0,ALERT-flat,0,0
p1345,pm097,A0,train,0,0,ALERT,0,0
p1346,pm098,A1,test,1,0,cosine,0,0
p1346,pm098,A1,test,1,0,LegalBERT-NLI,0,0
p1346,pm098,A1,test,1,0,COLIEE-retrieval,0,0
p1346,pm098,A1,test,1,0,RAG-only,0,0
p1346,pm098,A1,test,1,0,ALERT-flat,0,0
p1346,pm098,A1,test,1,0,ALERT,0,0
p1347,pm099,A2,test,0,0,cosine,1,0
p1347,pm099,A2,test,0,0,LegalBERT-NLI,1,0
p1347,pm099,A2,test,0,0,COLIEE-retrieval,0,0
p1347,pm099,A2,test,0,0,RAG-only,0,0
p1347,pm099,A2,test,0,0,ALERT-flat,0,0
p1347,pm099,A2,test,0,0,ALERT,0,0
p1348,pm100,A3,test,0,0,cosine,0,0
p1348,pm100,A3,test,0,0,LegalBERT-NLI,0,0
p1348,pm100,A3,test,0,0,COLIEE-retrieval,0,0
p1348,pm100,A3,test,0,0,RAG-only,0,0
p1348,pm100,A3,test,0,0,ALERT-flat,0,0
p1348,pm100,A3,test,0,0,ALERT,0,0
p1349,pm101,A4,test,0,1,cosine,1,0
p1349,pm101,A4,test,0,1,LegalBERT-NLI,0,0
p1349,pm101,A4,test,0,1,COLIEE-retrieval,1,0
p1349,pm101,A4,test,0,1,RAG-only,1,0
p1349,pm101,A4,test,0,1,ALERT-flat,1,0
p1349,pm101,A4,test,0,1,ALERT,1,0
p1350,pm102,A0,train,0,1,cosine,1,0
p1350,pm102,A0,train,0,1,LegalBERT-NLI,1,0
p1350,pm102,A0,train,0,1,COLIEE-retrieval,1,0
p1350,pm102,A0,train,0,1,RAG-only,1,0
p1350,pm102,A0,train,0,1,ALERT-flat,1,0
p1350,pm102,A0,train,0,1,ALERT,1,0
p1351,pm103,A1,test,1,0,cosine,0,0
p1351,pm103,A1,test,1,0,LegalBERT-NLI,0,0
p1351,pm103,A1,test,1,0,COLIEE-retrieval,0,0
p1351,pm103,A1,test,1,0,RAG-only,0,0
p1351,pm103,A1,test,1,0,ALERT-flat,0,0
p1351,pm103,A1,test,1,0,ALERT,0,0
p1352,pm104,A2,test,0,1,cosine,1,0
p1352,pm104,A2,test,0,1,LegalBERT-NLI,1,0
p1352,pm104,A2,test,0,1,COLIEE-retrieval,0,0
p1352,pm104,A2,test,0,1,RAG-only,1,0
p1352,pm104,A2,test,0,1,ALERT-flat,0,0
p1352,pm104,A2,test,0,1,ALERT,1,0
p1353,pm105,A3,test,1,0,cosine,0,0
p1353,pm105,A3,test,1,0,LegalBERT-NLI,0,0
p1353,pm105,A3,test,1,0,COLIEE-retrieval,1,1
p1353,pm105,A3,test,1,0,RAG-only,0,0
p1353,pm105,A3,test,1,0,ALERT-flat,0,0
p1353,pm105,A3,test,1,0,ALERT,0,0
p1354,pm106,A4,test,0,1,cosine,1,0
p1354,pm106,A4,test,0,1,LegalBERT-NLI,1,0
p1354,pm106,A4,test,0,1,COLIEE-retrieval,0,0
p1354,pm106,A4,test,0,1,RAG-only,0,0
p1354,pm106,A4,test,0,1,ALERT-flat,1,0
p1354,pm106,A4,test,0,1,ALERT,1,0
p1355,pm107,A0,train,1,0,cosine,0,0
p1355,pm107,A0,train,1,0,LegalBERT-NLI,0,0
p1355,pm107,A0,train,1,0,COLIEE-retrieval,0,0
p1355,pm107,A0,train,1,0,RAG-only,0,0
p1355,pm107,A0,train,1,0,ALERT-flat,0,0
p1355,pm107,A0,train,1,0,ALERT,0,0
p1356,pm108,A1,test,0,0,cosine,0,0
p1356,pm108,A1,test,0,0,LegalBERT-NLI,1,0
p1356,pm108,A1,test,0,0,COLIEE-retrieval,0,0
p1356,pm108,A1,test,0,0,RAG-only,0,0
p1356,pm108,A1,test,0,0,ALERT-flat,0,0
p1356,pm108,A1,test,0,0,ALERT,1,0
p1357,pm109,A2,test,0,1,cosine,0,0
p1357,pm109,A2,test,0,1,LegalBERT-NLI,1,0
p1357,pm109,A2,test,0,1,COLIEE-retrieval,1,0
p1357,pm109,A2,test,0,1,RAG-only,0,0
p1357,pm109,A2,test,0,1,ALERT-flat,1,0
p1357,pm109,A2,test,0,1,ALERT,1,0
p1358,pm110,A3,test,0,0,cosine,1,0
p1358,pm110,A3,test,0,0,LegalBERT-NLI,0,0
p1358,pm110,A3,test,0,0,COLIEE-retrieval,1,0
p1358,pm110,A3,test,0,0,RAG-only,0,0
p1358,pm110,A3,test,0,0,ALERT-flat,0,0
p1358,pm110,A3,test,0,0,ALERT,0,0
p1359,pm111,A4,test,0,1,cosine,1,0
p1359,pm111,A4,test,0,1,LegalBERT-NLI,1,0
p1359,pm111,A4,test,0,1,COLIEE-retrieval,1,0
p1359,pm111,A4,test,0,1,RAG-only,1,0
p1359,pm111,A4,test,0,1,ALERT-flat,0,0
p1359,pm111,A4,test,0,1,ALERT,1,0
p1360,pm112,A0,train,0,1,cosine,0,0
p1360,pm112,A0,train,0,1,LegalBERT-NLI,1,0
p1360,pm112,A0,train,0,1,COLIEE-retrieval,1,0
p1360,pm112,A0,train,0,1,RAG-only,1,0
p1360,pm112,A0,train,0,1,ALERT-flat,1,0
p1360,pm112,A0,train,0,1,ALERT,1,0
p1361,pm113,A1,test,1,0,cosine,0,0
p1361,pm113,A1,test,1,0,LegalBERT-NLI,0,0
p1361,pm113,A1,test,1,0,COLIEE-retrieval,0,0
p1361,pm113,A1,test,1,0,RAG-only,1,1
p1361,pm113,A1,test,1,0,ALERT-flat,0,0
p1361,pm113,A1,test,1,0,ALERT,0,0
p1362,pm114,A2,test,0,0,cosine,0,0
p1362,pm114,A2,test,0,0,LegalBERT-NLI,0,0
p1362,pm114,A2,test,0,0,COLIEE-retrieval,1,0
p1362,pm114,A2,test,0,0,RAG-only,0,0
p1362,pm114,A2,test,0,0,ALERT-flat,0,0
p1362,pm114,A2,test,0,0,ALERT,0,0
p1363,pm115,A3,test,0,0,cosine,0,0
p1363,pm115,A3,test,0,0,LegalBERT-NLI,1,0
p1363,pm115,A3,test,0,0,COLIEE-retrieval,0,0
p1363,pm115,A3,test,0,0,RAG-only,0,0
p1363,pm115,A3,test,0,0,ALERT-flat,0,0
p1363,pm115,A3,test,0,0,ALERT,0,0
p1364,pm116,A4,test,0,0,cosine,0,0
p1364,pm116,A4,test,0,0,LegalBERT-NLI,0,0
p1364,pm116,A4,test,0,0,COLIEE-retrieval,0,0
p1364,pm116,A4,test,0,0,RAG-only,0,0
p1364,pm116,A4,test,0,0,ALERT-flat,0,0
p1364,pm116,A4,test,0,0,ALERT,0,0
p1365,pm117,A0,train,0,0,cosine,0,0
p1365,pm117,A0,train,0,0,LegalBERT-NLI,1,0
p1365,pm117,A0,train,0,0,COLIEE-retrieval,1,0
p1365,pm117,A0,train,0,0,RAG-only,0,0
p1365,pm117,A0,train,0,0,ALERT-flat,0,0
p1365,pm117,A0,train,0,0,ALERT,1,0
p1366,pm118,A1,test,0,0,cosine,0,0
p1366,pm118,A1,test,0,0,LegalBERT-NLI,1,0
p1366,pm118,A1,test,0,0,COLIEE-retrieval,0,0
p1366,pm118,A1,test,0,0,RAG-only,0,0
p1366,pm118,A1,test,0,0,ALERT-flat,0,0
p1366,pm118,A1,test,0,0,ALERT,0,0
p1367,pm119,A2,test,0,0,cosine,0,0
p1367,pm119,A2,test,0,0,LegalBERT-NLI,0,0
p1367,pm119,A2,test,0,0,COLIEE-retrieval,0,0
p1367,pm119,A2,test,0,0,RAG-only,1,0
p1367,pm119,A2,test,0,0,ALERT-flat,0,0
p1367,pm119,A2,test,0,0,ALERT,0,0
p1368,pm120,A3,test,0,0,cosine,0,0
p1368,pm120,A3,test,0,0,LegalBERT-NLI,1,0
p1368,pm120,A3,test,0,0,COLIEE-retrieval,0,0
p1368,pm120,A3,test,0,0,RAG-only,0,0
p1368,pm120,A3,test,0,0,ALERT-flat,0,0
p1368,pm120,A3,test,0,0,ALERT,0,0
p1369,pm121,A4,test,0,0,cosine,1,0
p1369,pm121,A4,test,0,0,LegalBERT-NLI,0,0
p1369,pm121,A4,test,0,0,COLIEE-retrieval,0,0
p1369,pm121,A4,test,0,0,RAG-only,0,0
p1369,pm121,A4,test,0,0,ALERT-flat,0,0
p1369,pm121,A4,test,0,0,ALERT,1,0
p1370,pm122,A0,train,0,0,cosine,0,0
p1370,pm122,A0,train,0,0,LegalBERT-NLI,0,0
p1370,pm122,A0,train,0,0,COLIEE-retrieval,0,0
p1370,pm122,A0,train,0,0,RAG-only,0,0
p1370,pm122,A0,train,0,0,ALERT-flat,0,0
p1370,pm122,A0,train,0,0,ALERT,0,0
p1371,pm123,A1,test,0,0,cosine,1,0
p1371,pm123,A1,test,0,0,LegalBERT-NLI,0,0
p1371,pm123,A1,test,0,0,COLIEE-retrieval,0,0
p1371,pm123,A1,test,0,0,RAG-only,0,0
p1371,pm123,A1,test,0,0,ALERT-flat,1,0
p1371,pm123,A1,test,0,0,ALERT,0,0
p1372,pm124,A2,test,0,0,cosine,0,0
p1372,pm124,A2,test,0,0,LegalBERT-NLI,0,0
p1372,pm124,A2,test,0,0,COLIEE-retrieval,1,0
p1372,pm124,A2,test,0,0,RAG-only,0,0
p1372,pm124,A2,test,0,0,ALERT-flat,0,0
p1372,pm124,A2,test,0,0,ALERT,0,0
p1373,pm125,A3,test,0,0,cosine,0,0
p1373,pm125,A3,test,0,0,LegalBERT-NLI,0,0
p1373,pm125,A3,test,0,0,COLIEE-retrieval,0,0
p1373,pm125,A3,test,0,0,RAG-only,1,0
p1373,pm125,A3,test,0,0,ALERT-flat,0,0
p1373,pm125,A3,test,0,0,ALERT,0,0
p1374,pm126,A4,test,1,0,cosine,1,1
p1374,pm126,A4,test,1,0,LegalBERT-NLI,0,0
p1374,pm126,A4,test,1,0,COLIEE-retrieval,0,0
p1374,pm126,A4,test,1,0,RAG-only,0,0
p1374,pm126,A4,test,1,0,ALERT-flat,0,0
p1374,pm126,A4,test,1,0,ALERT,0,0
p1375,pm127,A0,train,0,0,cosine,0,0
p1375,pm127,A0,train,0,0,LegalBERT-NLI,0,0
p1375,pm127,A0,train,0,0,COLIEE-retrieval,0,0
p1375,pm127,A0,train,0,0,RAG-only,1,0
p1375,pm127,A0,train,0,0,ALERT-flat,0,0
p1375,pm127,A0,train,0,0,ALERT,0,0
p1376,pm128,A1,test,0,0,cosine,0,0
p1376,pm128,A1,test,0,0,LegalBERT-NLI,0,0
p1376,pm128,A1,test,0,0,COLIEE-retrieval,0,0
p1376,pm128,A1,test,0,0,RAG-only,0,0
p1376,pm128,A1,test,0,0,ALERT-flat,0,0
p1376,pm128,A1,test,0,0,ALERT,1,0
p1377,pm129,A2,test,0,1,cosine,1,0
p1377,pm129,A2,test,0,1,LegalBERT-NLI,1,0
p1377,pm129,A2,test,0,1,COLIEE-retrieval,0,0
p1377,pm129,A2,test,0,1,RAG-only,1,0
p1377,pm129,A2,test,0,1,ALERT-flat,1,0
p1377,pm129,A2,test,0,1,ALERT,1,0
p1378,pm130,A3,test,0,0,cosine,0,0
p1378,pm130,A3,test,0,0,LegalBERT-NLI,0,0
p1378,pm130,A3,test,0,0,COLIEE-retrieval,0,0
p1378,pm130,A3,test,0,0,RAG-only,1,0
p1378,pm130,A3,test,0,0,ALERT-flat,0,0
p1378,pm130,A3,test,0,0,ALERT,0,0
p1379,pm131,A4,test,0,0,cosine,0,0
p1379,pm131,A4,test,0,0,LegalBERT-NLI,0,0
p1379,pm131,A4,test,0,0,COLIEE-retrieval,0,0
p1379,pm131,A4,test,0,0,RAG-only,0,0
p1379,pm131,A4,test,0,0,ALERT-flat,0,0
p1379,pm131,A4,test,0,0,ALERT,0,0
p1380,pm132,A0,train,1,0,cosine,0,0
p1380,pm132,A0,train,1,0,LegalBERT-NLI,0,0
p1380,pm132,A0,train,1,0,COLIEE-retrieval,0,0
p1380,pm132,A0,train,1,0,RAG-only,0,0
p1380,pm132,A0,train,1,0,ALERT-flat,0,0
p1380,pm132,A0,train,1,0,ALERT,0,0
p1381,pm133,A1,test,0,0,cosine,1,0
p1381,pm133,A1,test,0,0,LegalBERT-NLI,1,0
p1381,pm133,A1,test,0,0,COLIEE-retrieval,0,0
p1381,pm133,A1,test,0,0,RAG-only,0,0
p1381,pm133,A1,test,0,0,ALERT-flat,0,0
p1381,pm133,A1,test,0,0,ALERT,0,0
p1382,pm134,A2,test,0,0,cosine,0,0
p1382,pm134,A2,test,0,0,LegalBERT-NLI,0,0
p1382,pm134,A2,test,0,0,COLIEE-retrieval,0,0
p1382,pm134,A2,test,0,0,RAG-only,1,0
p1382,pm134,A2,test,0,0,ALERT-flat,0,0
p1382,pm134,A2,test,0,0,ALERT,0,0
p1383,pm135,A3,test,0,1,cosine,1,0
p1383,pm135,A3,test,0,1,LegalBERT-NLI,1,0
p1383,pm135,A3,test,0,1,COLIEE-retrieval,1,0
p1383,pm135,A3,test,0,1,RAG-only,1,0
p1383,pm135,A3,test,0,1,ALERT-flat,0,0
p1383,pm135,A3,test,0,1,ALERT,1,0
p1384,pm136,A4,test,0,0,cosine,0,0
p1384,pm136,A4,test,0,0,LegalBERT-NLI,0,0
p1384,pm136,A4,test,0,0,COLIEE-retrieval,1,0
p1384,pm136,A4,test,0,0,RAG-only,0,0
p1384,pm136,A4,test,0,0,ALERT-flat,0,0
p1384,pm136,A4,test,0,0,ALERT,0,0
p1385,pm137,A0,train,0,0,cosine,0,0
p1385,pm137,A0,train,0,0,LegalBERT-NLI,0,0
p1385,pm137,A0,train,0,0,COLIEE-retrieval,0,0
p1385,pm137,A0,train,0,0,RAG-only,1,0
p1385,pm137,A0,train,0,0,ALERT-flat,1,0
p1385,pm137,A0,train,0,0,ALERT,0,0
p1386,pm138,A1,test,0,0,cosine,0,0
p1386,pm138,A1,test,0,0,LegalBERT-NLI,0,0
p1386,pm138,A1,test,0,0,COLIEE-retrieval,1,0
p1386,pm138,A1,test,0,0,RAG-only,0,0
p1386,pm138,A1,test,0,0,ALERT-flat,1,0
p1386,pm138,A1,test,0,0,ALERT,0,0
p1387,pm139,A2,test,0,0,cosine,1,0
p1387,pm139,A2,test,0,0,LegalBERT-NLI,0,0
p1387,pm139,A2,test,0,0,COLIEE-retrieval,0,0
p1387,pm139,A2,test,0,0,RAG-only,0,0
p1387,pm139,A2,test,0,0,ALERT-flat,0,0
p1387,pm139,A2,test,0,0,ALERT,0,0
p1388,pm140,A3,test,0,0,cosine,0,0
p1388,pm140,A3,test,0,0,LegalBERT-NLI,1,0
p1388,pm140,A3,test,0,0,COLIEE-retrieval,1,0
p1388,pm140,A3,test,0,0,RAG-only,0,0
p1388,pm140,A3,test,0,0,ALERT-flat,1,0
p1388,pm140,A3,test,0,0,ALERT,0,0
p1389,pm141,A4,test,0,0,cosine,0,0
p1389,pm141,A4,test,0,0,LegalBERT-NLI,0,0
p1389,pm141,A4,test,0,0,COLIEE-retrieval,0,0
p1389,pm141,A4,test,0,0,RAG-only,0,0
p1389,pm141,A4,test,0,0,ALERT-flat,1,0
p1389,pm141,A4,test,0,0,ALERT,0,0
p1390,pm142,A0,train,0,0,cosine,0,0
p1390,pm142,A0,train,0,0,LegalBERT-NLI,0,0
p1390,pm142,A0,train,0,0,COLIEE-retrieval,1,0
p1390,pm142,A0,train,0,0,RAG-only,0,0
p1390,pm142,A0,train,0,0,ALERT-flat,0,0
p1390,pm142,A0,train,0,0,ALERT,0,0
p1391,pm143,A1,test,0,1,cosine,0,0
p1391,pm143,A1,test,0,1,LegalBERT-NLI,1,0
p1391,pm143,A1,test,0,1,COLIEE-retrieval,1,0
p1391,pm143,A1,test,0,1,RAG-only,1,0
p1391,pm143,A1,test,0,1,ALERT-flat,1,0
p1391,pm143,A1,test,0,1,ALERT,1,0
p1392,pm144,A2,test,0,0,cosine,0,0
p1392,pm144,A2,test,0,0,LegalBERT-NLI,0,0
p1392,pm144,A2,test,0,0,COLIEE-retrieval,1,0
p1392,pm144,A2,test,0,0,RAG-only,0,0
p1392,pm144,A2,test,0,0,ALERT-flat,1,0
p1392,pm144,A2,test,0,0,ALERT,1,0
p1393,pm145,A3,test,0,1,cosine,1,0
p1393,pm145,A3,test,0,1,LegalBERT-NLI,1,0
p1393,pm145,A3,test,0,1,COLIEE-retrieval,1,0
p1393,pm145,A3,test,0,1,RAG-only,1,0
p1393,pm145,A3,test,0,1,ALERT-flat,1,0
p1393,pm145,A3,test,0,1,ALERT,1,0
p1394,pm146,A4,test,0,1,cosine,0,0
p1394,pm146,A4,test,0,1,LegalBERT-NLI,1,0
p1394,pm146,A4,test,0,1,COLIEE-retrieval,1,0
p1394,pm146,A4,test,0,1,RAG-only,1,0
p1394,pm146,A4,test,0,1,ALERT-flat,1,0
p1394,pm146,A4,test,0,1,ALERT,1,0
p1395,pm147,A0,train,1,0,cosine,0,0
p1395,pm147,A0,train,1,0,LegalBERT-NLI,0,0
p1395,pm147,A0,train,1,0,COLIEE-retrieval,0,0
p1395,pm147,A0,train,1,0,RAG-only,1,1
p1395,pm147,A0,train,1,0,ALERT-flat,0,0
p1395,pm147,A0,train,1,0,ALERT,0,0
p1396,pm148,A1,test,0,0,cosine,1,0
p1396,pm148,A1,test,0,0,LegalBERT-NLI,0,0
p1396,pm148,A1,test,0,0,COLIEE-retrieval,0,0
p1396,pm148,A1,test,0,0,RAG-only,0,0
p1396,pm148,A1,test,0,0,ALERT-flat,0,0
p1396,pm148,A1,test,0,0,ALERT,0,0
p1397,pm149,A2,test,0,0,cosine,0,0
p1397,pm149,A2,test,0,0,LegalBERT-NLI,1,0
p1397,pm149,A2,test,0,0,COLIEE-retrieval,0,0
p1397,pm149,A2,test,0,0,RAG-only,0,0
p1397,pm149,A2,test,0,0,ALERT-flat,0,0
p1397,pm149,A2,test,0,0,ALERT,0,0
p1398,pm150,A3,test,0,1,cosine,1,0
p1398,pm150,A3,test,0,1,LegalBERT-NLI,1,0
p1398,pm150,A3,test,0,1,COLIEE-retrieval,1,0
p1398,pm150,A3,test,0,1,RAG-only,1,0
p1398,pm150,A3,test,0,1,ALERT-flat,1,0
p1398,pm150,A3,test,0,1,ALERT,1,0
p1399,pm151,A4,test,0,0,cosine,0,0
p1399,pm151,A4,test,0,0,LegalBERT-NLI,0,0
p1399,pm151,A4,test,0,0,COLIEE-retrieval,0,0
p1399,pm151,A4,test,0,0,RAG-only,0,0
p1399,pm151,A4,test,0,0,ALERT-flat,0,0
p1399,pm151,A4,test,0,0,ALERT,1,0
p1400,pm152,A0,train,0,0,cosine,0,0
p1400,pm152,A0,train,0,0,LegalBERT-NLI,0,0
p1400,pm152,A0,train,0,0,COLIEE-retrieval,0,0
p1400,pm152,A0,train,0,0,RAG-only,0,0
p1400,pm152,A0,train,0,0,ALERT-flat,0,0
p1400,pm152,A0,train,0,0,ALERT,0,0
p1401,pm153,A1,test,0,0,cosine,0,0
p1401,pm153,A1,test,0,0,LegalBERT-NLI,0,0
p1401,pm153,A1,test,0,0,COLIEE-retrieval,0,0
p1401,pm153,A1,test,0,0,RAG-only,0,0
p1401,pm153,A1,test,0,0,ALERT-flat,0,0
p1401,pm153,A1,test,0,0,ALERT,0,0
p1402,pm154,A2,test,0,1,cosine,1,0
p1402,pm154,A2,test,0,1,LegalBERT-NLI,1,0
p1402,pm154,A2,test,0,1,COLIEE-retrieval,1,0
p1402,pm154,A2,test,0,1,RAG-only,1,0
p1402,pm154,A2,test,0,1,ALERT-flat,1,0
p1402,pm154,A2,test,0,1,ALERT,1,0
p1403,pm155,A3,test,0,0,cosine,0,0
p1403,pm155,A3,test,0,0,LegalBERT-NLI,0,0
p1403,pm155,A3,test,0,0,COLIEE-retrieval,0,0
p1403,pm155,A3,test,0,0,RAG-only,0,0
p1403,pm155,A3,test,0,0,ALERT-flat,0,0
p1403,pm155,A3,test,0,0,ALERT,1,0
p1404,pm156,A4,test,1,0,cosine,0,0
p1404,pm156,A4,test,1,0,LegalBERT-NLI,0,0
p1404,pm156,A4,test,1,0,COLIEE-retrieval,1,1
p1404,pm156,A4,test,1,0,RAG-only,0,0
p1404,pm156,A4,test,1,0,ALERT-flat,1,1
p1404,pm156,A4,test,1,0,ALERT,0,0
p1405,pm157,A0,train,0,1,cosine,1,0
p1405,pm157,A0,train,0,1,LegalBERT-NLI,1,0
p1405,pm157,A0,train,0,1,COLIEE-retrieval,1,0
p1405,pm157,A0,train,0,1,RAG-only,1,0
p1405,pm157,A0,train,0,1,ALERT-flat,1,0
p1405,pm157,A0,train,0,1,ALERT,1,0
p1406,pm158,A1,test,0,0,cosine,1,0
p1406,pm158,A1,test,0,0,LegalBERT-NLI,1,0
p1406,pm158,A1,test,0,0,COLIEE-retrieval,1,0
p1406,pm158,A1,test,0,0,RAG-only,0,0
p1406,pm158,A1,test,0,0,ALERT-flat,0,0
p1406,pm158,A1,test,0,0,ALERT,0,0
p1407,pm159,A2,test,0,0,cosine,0,0
p1407,pm159,A2,test,0,0,LegalBERT-NLI,0,0
p1407,pm159,A2,test,0,0,COLIEE-retrieval,0,0
p1407,pm159,A2,test,0,0,RAG-only,0,0
p1407,pm159,A2,test,0,0,ALERT-flat,0,0
p1407,pm159,A2,test,0,0,ALERT,0,0
p1408,pm160,A3,test,0,0,cosine,0,0
p1408,pm160,A3,test,0,0,LegalBERT-NLI,0,0
p1408,pm160,A3,test,0,0,COLIEE-retrieval,0,0
p1408,pm160,A3,test,0,0,RAG-only,0,0
p1408,pm160,A3,test,0,0,ALERT-flat,0,0
p1408,pm160,A3,test,0,0,ALERT,0,0
p1409,pm161,A4,test,0,1,cosine,1,0
p1409,pm161,A4,test,0,1,LegalBERT-NLI,0,0
p1409,pm161,A4,test,0,1,COLIEE-retrieval,1,0
p1409,pm161,A4,test,0,1,RAG-only,1,0
p1409,pm161,A4,test,0,1,ALERT-flat,1,0
p1409,pm161,A4,test,0,1,ALERT,1,0
p1410,pm162,A0,train,1,0,cosine,0,0
p1410,pm162,A0,train,1,0,LegalBERT-NLI,0,0
p1410,pm162,A0,train,1,0,COLIEE-retrieval,0,0
p1410,pm162,A0,train,1,0,RAG-only,0,0
p1410,pm162,A0,train,1,0,ALERT-flat,0,0
p1410,pm162,A0,train,1,0,ALERT,0,0
p1411,pm163,A1,test,1,0,cosine,0,0
p1411,pm163,A1,test,1,0,LegalBERT-NLI,0,0
p1411,pm163,A1,test,1,0,COLIEE-retrieval,0,0
p1411,pm163,A1,test,1,0,RAG-only,0,0
p1411,pm163,A1,test,1,0,ALERT-flat,0,0
p1411,pm163,A1,test,1,0,ALERT,0,0
p1412,pm164,A2,test,0,0,cosine,0,0
p1412,pm164,A2,test,0,0,LegalBERT-NLI,0,0
p1412,pm164,A2,test,0,0,COLIEE-retrieval,0,0
p1412,pm164,A2,test,0,0,RAG-only,0,0
p1412,pm164,A2,test,0,0,ALERT-flat,1,0
p1412,pm164,A2,test,0,0,ALERT,0,0
p1413,pm165,A3,test,0,0,cosine,0,0
p1413,pm165,A3,test,0,0,LegalBERT-NLI,0,0
p1413,pm165,A3,test,0,0,COLIEE-retrieval,0,0
p1413,pm165,A3,test,0,0,RAG-only,0,0
p1413,pm165,A3,test,0,0,ALERT-flat,0,0
p1413,pm165,A3,test,0,0,ALERT,0,0
p1414,pm166,A4,test,0,0,cosine,1,0
p1414,pm166,A4,test,0,0,LegalBERT-NLI,0,0
p1414,pm166,A4,test,0,0,COLIEE-retrieval,0,0
p1414,pm166,A4,test,0,0,RAG-only,0,0
p1414,pm166,A4,test,0,0,ALERT-flat,0,0
p1414,pm166,A4,test,0,0,ALERT,0,0
p1415,pm167,A0,train,1,0,cosine,0,0
p1415,pm167,A0,train,1,0,LegalBERT-NLI,0,0
p1415,pm167,A0,train,1,0,COLIEE-retrieval,1,1
p1415,pm167,A0,train,1,0,RAG-only,1,1
p1415,pm167,A0,train,1,0,ALERT-flat,0,0
p1415,pm167,A0,train,1,0,ALERT,0,0
p1416,pm168,A1,test,0,0,cosine,0,0
p1416,pm168,A1,test,0,0,LegalBERT-NLI,0,0
p1416,pm168,A1,test,0,0,COLIEE-retrieval,0,0
p1416,pm168,A1,test,0,0,RAG-only,1,0
p1416,pm168,A1,test,0,0,ALERT-flat,0,0
p1416,pm168,A1,test,0,0,ALERT,0,0
p1417,pm169,A2,test,0,1,cosine,0,0
p1417,pm169,A2,test,0,1,LegalBERT-NLI,1,0
p1417,pm169,A2,test,0,1,COLIEE-retrieval,1,0
p1417,pm169,A2,test,0,1,RAG-only,1,0
p1417,pm169,A2,test,0,1,ALERT-flat,1,0
p1417,pm169,A2,test,0,1,ALERT,0,0
p1418,pm170,A3,test,0,0,cosine,0,0
p1418,pm170,A3,test,0,0,LegalBERT-NLI,0,0
p1418,pm170,A3,test,0,0,COLIEE-retrieval,0,0
p1418,pm170,A3,test,0,0,RAG-only,0,0
p1418,pm170,A3,test,0,0,ALERT-flat,0,0
p1418,pm170,A3,test,0,0,ALERT,0,0
p1419,pm171,A4,test,0,0,cosine,1,0
p1419,pm171,A4,test,0,0,LegalBERT-NLI,0,0
p1419,pm171,A4,test,0,0,COLIEE-retrieval,1,0
p1419,pm171,A4,test,0,0,RAG-only,0,0
p1419,pm171,A4,test,0,0,ALERT-flat,0,0
p1419,pm171,A4,test,0,0,ALERT,1,0
p1420,pm172,A0,train,1,0,cosine,1,1
p1420,pm172,A0,train,1,0,LegalBERT-NLI,0,0
p1420,pm172,A0,train,1,0,COLIEE-retrieval,0,0
p1420,pm172,A0,train,1,0,RAG-only,0,0
p1420,pm172,A0,train,1,0,ALERT-flat,1,1
p1420,pm172,A0,train,1,0,ALERT,0,0
p1421,pm173,A1,test,0,0,cosine,0,0
p1421,pm173,A1,test,0,0,LegalBERT-NLI,1,0
p1421,pm173,A1,test,0,0,COLIEE-retrieval,0,0
p1421,pm173,A1,test,0,0,RAG-only,0,0
p1421,pm173,A1,test,0,0,ALERT-flat,0,0
p1421,pm173,A1,test,0,0,ALERT,0,0
p1422,pm174,A2,test,0,0,cosine,0,0
p1422,pm174,A2,test,0,0,LegalBERT-NLI,0,0
p1422,pm174,A2,test,0,0,COLIEE-retrieval,0,0
p1422,pm174,A2,test,0,0,RAG-only,0,0
p1422,pm174,A2,test,0,0,ALERT-flat,0,0
p1422,pm174,A2,test,0,0,ALERT,0,0
p1423,pm175,A3,test,0,1,cosine,1,0
p1423,pm175,A3,test,0,1,LegalBERT-NLI,1,0
p1423,pm175,A3,test,0,1,COLIEE-retrieval,1,0
p1423,pm175,A3,test,0,1,RAG-only,1,0
p1423,pm175,A3,test,0,1,ALERT-flat,1,0
p1423,pm175,A3,test,0,1,ALERT,1,0
p1424,pm176,A4,test,0,1,cosine,1,0
p1424,pm176,A4,test,0,1,LegalBERT-NLI,1,0
p1424,pm176,A4,test,0,1,COLIEE-retrieval,1,0
p1424,pm176,A4,test,0,1,RAG-only,1,0
p1424,pm176,A4,test,0,1,ALERT-flat,1,0
p1424,pm176,A4,test,0,1,ALERT,1,0
p1425,pm177,A0,train,1,0,cosine,1,1
p1425,pm177,A0,train,1,0,LegalBERT-NLI,0,0
p1425,pm177,A0,train,1,0,COLIEE-retrieval,0,0
p1425,pm177,A0,train,1,0,RAG-only,0,0
p1425,pm177,A0,train,1,0,ALERT-flat,1,1
p1425,pm177,A0,train,1,0,ALERT,0,0
p1426,pm178,A1,test,0,0,cosine,0,0
p1426,pm178,A1,test,0,0,LegalBERT-NLI,0,0
p1426,pm178,A1,test,0,0,COLIEE-retrieval,0,0
p1426,pm178,A1,test,0,0,RAG-only,0,0
p1426,pm178,A1,test,0,0,ALERT-flat,0,0
p1426,pm178,A1,test,0,0,ALERT,0,0
p1427,pm179,A2,test,1,0,cosine,1,1
p1427,pm179,A2,test,1,0,LegalBERT-NLI,0,0
p1427,pm179,A2,test,1,0,COLIEE-retrieval,0,0
p1427,pm179,A2,test,1,0,RAG-only,1,1
p1427,pm179,A2,test,1,0,ALERT-flat,0,0
p1427,pm179,A2,test,1,0,ALERT,0,0
p1428,pm180,A3,test,0,0,cosine,0,0
p1428,pm180,A3,test,0,0,LegalBERT-NLI,0,0
p1428,pm180,A3,test,0,0,COLIEE-retrieval,0,0
p1428,pm180,A3,test,0,0,RAG-only,1,0
p1428,pm180,A3,test,0,0,ALERT-flat,0,0
p1428,pm180,A3,test,0,0,ALERT,0,0
p1429,pm181,A4,test,0,0,cosine,0,0
p1429,pm181,A4,test,0,0,LegalBERT-NLI,0,0
p1429,pm181,A4,test,0,0,COLIEE-retrieval,0,0
p1429,pm181,A4,test,0,0,RAG-only,0,0
p1429,pm181,A4,test,0,0,ALERT-flat,0,0
p1429,pm181,A4,test,0,0,ALERT,1,0
p1430,pm182,A0,train,1,0,cosine,0,0
p1430,pm182,A0,train,1,0,LegalBERT-NLI,0,0
p1430,pm182,A0,train,1,0,COLIEE-retrieval,1,1
p1430,pm182,A0,train,1,0,RAG-only,0,0
p1430,pm182,A0,train,1,0,ALERT-flat,0,0
p1430,pm182,A0,train,1,0,ALERT,1,1
p1431,pm183,A1,test,0,1,cosine,1,0
p1431,pm183,A1,test,0,1,LegalBERT-NLI,1,0
p1431,pm183,A1,test,0,1,COLIEE-retrieval,1,0
p1431,pm183,A1,test,0,1,RAG-only,1,0
p1431,pm183,A1,test,0,1,ALERT-flat,1,0
p1431,pm183,A1,test,0,1,ALERT,1,0
p1432,pm184,A2,test,1,0,cosine,1,1
p1432,pm184,A2,test,1,0,LegalBERT-NLI,0,0
p1432,pm184,A2,test,1,0,COLIEE-retrieval,1,1
p1432,pm184,A2,test,1,0,RAG-only,0,0
p1432,pm184,A2,test,1,0,ALERT-flat,0,0
p1432,pm184,A2,test,1,0,ALERT,0,0
p1433,pm185,A3,test,0,1,cosine,0,0
p1433,pm185,A3,test,0,1,LegalBERT-NLI,1,0
p1433,pm185,A3,test,0,1,COLIEE-retrieval,1,0
p1433,pm185,A3,test,0,1,RAG-only,0,0
p1433,pm185,A3,test,0,1,ALERT-flat,1,0
p1433,pm185,A3,test,0,1,ALERT,1,0
p1434,pm186,A4,test,0,0,cosine,0,0
p1434,pm186,A4,test,0,0,LegalBERT-NLI,0,0
p1434,pm186,A4,test,0,0,COLIEE-retrieval,0,0
p1434,pm186,A4,test,0,0,RAG-only,0,0
p1434,pm186,A4,test,0,0,ALERT-flat,0,0
p1434,pm186,A4,test,0,0,ALERT,0,0
p1435,pm187,A0,train,0,0,cosine,1,0
p1435,pm187,A0,train,0,0,LegalBERT-NLI,0,0
p1435,pm187,A0,train,0,0,COLIEE-retrieval,0,0
p1435,pm187,A0,train,0,0,RAG-only,0,0
p1435,pm187,A0,train,0,0,ALERT-flat,1,0
p1435,pm187,A0,train,0,0,ALERT,0,0
p1436,pm188,A1,test,0,1,cosine,1,0
p1436,pm188,A1,test,0,1,LegalBERT-NLI,1,0
p1436,pm188,A1,test,0,1,COLIEE-retrieval,1,0
p1436,pm188,A1,test,0,1,RAG-only,1,0
p1436,pm188,A1,test,0,1,ALERT-flat,0,0
p1436,pm188,A1,test,0,1,ALERT,0,0
p1437,pm189,A2,test,0,1,cosine,0,0
p1437,pm189,A2,test,0,1,LegalBERT-NLI,1,0
p1437,pm189,A2,test,0,1,COLIEE-retrieval,0,0
p1437,pm189,A2,test,0,1,RAG-only,1,0
p1437,pm189,A2,test,0,1,ALERT-flat,1,0
p1437,pm189,A2,test,0,1,ALERT,1,0
p1438,pm190,A3,test,0,1,cosine,1,0
p1438,pm190,A3,test,0,1,LegalBERT-NLI,1,0
p1438,pm190,A3,test,0,1,COLIEE-retrieval,1,0
p1438,pm190,A3,test,0,1,RAG-only,1,0
p1438,pm190,A3,test,0,1,ALERT-flat,0,0
p1438,pm190,A3,test,0,1,ALERT,1,0
p1439,pm191,A4,test,0,1,cosine,1,0
p1439,pm191,A4,test,0,1,LegalBERT-NLI,1,0
p1439,pm191,A4,test,0,1,COLIEE-retrieval,1,0
p1439,pm191,A4,test,0,1,RAG-only,1,0
p1439,pm191,A4,test,0,1,ALERT-flat,0,0
p1439,pm191,A4,test,0,1,ALERT,0,0
p1440,pm192,A0,train,0,1,cosine,0,0
p1440,pm192,A0,train,0,1,LegalBERT-NLI,1,0
p1440,pm192,A0,train,0,1,COLIEE-retrieval,1,0
p1440,pm192,A0,train,0,1,RAG-only,1,0
p1440,pm192,A0,train,0,1,ALERT-flat,1,0
p1440,pm192,A0,train,0,1,ALERT,1,0
p1441,pm193,A1,test,1,0,cosine,0,0
p1441,pm193,A1,test,1,0,LegalBERT-NLI,0,0
p1441,pm193,A1,test,1,0,COLIEE-retrieval,0,0
p1441,pm193,A1,test,1,0,RAG-only,1,1
p1441,pm193,A1,test,1,0,ALERT-flat,1,1
p1441,pm193,A1,test,1,0,ALERT,0,0
p1442,pm194,A2,test,0,1,cosine,1,0
p1442,pm194,A2,test,0,1,LegalBERT-NLI,1,0
p1442,pm194,A2,test,0,1,COLIEE-retrieval,1,0
p1442,pm194,A2,test,0,1,RAG-only,1,0
p1442,pm194,A2,test,0,1,ALERT-flat,1,0
p1442,pm194,A2,test,0,1,ALERT,0,0
p1443,pm195,A3,test,0,1,cosine,0,0
p1443,pm195,A3,test,0,1,LegalBERT-NLI,1,0
p1443,pm195,A3,test,0,1,COLIEE-retrieval,1,0
p1443,pm195,A3,test,0,1,RAG-only,1,0
p1443,pm195,A3,test,0,1,ALERT-flat,1,0
p1443,pm195,A3,test,0,1,ALERT,1,0
p1444,pm196,A4,test,0,0,cosine,0,0
p1444,pm196,A4,test,0,0,LegalBERT-NLI,1,0
p1444,pm196,A4,test,0,0,COLIEE-retrieval,1,0
p1444,pm196,A4,test,0,0,RAG-only,0,0
p1444,pm196,A4,test,0,0,ALERT-flat,0,0
p1444,pm196,A4,test,0,0,ALERT,0,0
p1445,pm197,A0,train,0,1,cosine,1,0
p1445,pm197,A0,train,0,1,LegalBERT-NLI,1,0
p1445,pm197,A0,train,0,1,COLIEE-retrieval,0,0
p1445,pm197,A0,train,0,1,RAG-only,0,0
p1445,pm197,A0,train,0,1,ALERT-flat,1,0
p1445,pm197,A0,train,0,1,ALERT,1,0
p1446,pm198,A1,test,0,1,cosine,1,0
p1446,pm198,A1,test,0,1,LegalBERT-NLI,1,0
p1446,pm198,A1,test,0,1,COLIEE-retrieval,0,0
p1446,pm198,A1,test,0,1,RAG-only,1,0
p1446,pm198,A1,test,0,1,ALERT-flat,1,0
p1446,pm198,A1,test,0,1,ALERT,1,0
p1447,pm199,A2,test,1,0,cosine,1,1
p1447,pm199,A2,test,1,0,LegalBERT-NLI,0,0
p1447,pm199,A2,test,1,0,COLIEE-retrieval,0,0
p1447,pm199,A2,test,1,0,RAG-only,0,0
p1447,pm199,A2,test,1,0,ALERT-flat,0,0
p1447,pm199,A2,test,1,0,ALERT,0,0
p1448,pm200,A3,test,1,0,cosine,1,1
p1448,pm200,A3,test,1,0,LegalBERT-NLI,0,0
p1448,pm200,A3,test,1,0,COLIEE-retrieval,0,0
p1448,pm200,A3,test,1,0,RAG-only,0,0
p1448,pm200,A3,test,1,0,ALERT-flat,1,1
p1448,pm200,A3,test,1,0,ALERT,0,0
p1449,pm201,A4,test,1,0,cosine,1,1
p1449,pm201,A4,test,1,0,LegalBERT-NLI,0,0
p1449,pm201,A4,test,1,0,COLIEE-retrieval,0,0
p1449,pm201,A4,test,1,0,RAG-only,0,0
p1449,pm201,A4,test,1,0,ALERT-flat,0,0
p1449,pm201,A4,test,1,0,ALERT,1,1
p1450,pm202,A0,train,0,1,cosine,0,0
p1450,pm202,A0,train,0,1,LegalBERT-NLI,1,0
p1450,pm202,A0,train,0,1,COLIEE-retrieval,0,0
p1450,pm202,A0,train,0,1,RAG-only,0,0
p1450,pm202,A0,train,0,1,ALERT-flat,1,0
p1450,pm202,A0,train,0,1,ALERT,1,0
p1451,pm203,A1,test,0,1,cosine,1,0
p1451,pm203,A1,test,0,1,LegalBERT-NLI,0,0
p1451,pm203,A1,test,0,1,COLIEE-retrieval,1,0
p1451,pm203,A1,test,0,1,RAG-only,1,0
p1451,pm203,A1,test,0,1,ALERT-flat,1,0
p1451,pm203,A1,test,0,1,ALERT,0,0
p1452,pm204,A2,test,0,1,cosine,1,0
p1452,pm204,A2,test,0,1,LegalBERT-NLI,1,0
p1452,pm204,A2,test,0,1,COLIEE-retrieval,1,0
p1452,pm204,A2,test,0,1,RAG-only,1,0
p1452,pm204,A2,test,0,1,ALERT-flat,1,0
p1452,pm204,A2,test,0,1,ALERT,1,0
p1453,pm205,A3,test,0,1,cosine,1,0
p1453,pm205,A3,test,0,1,LegalBERT-NLI,0,0
p1453,pm205,A3,test,0,1,COLIEE-retrieval,0,0
p1453,pm205,A3,test,0,1,RAG-only,1,0
p1453,pm205,A3,test,0,1,ALERT-flat,0,0
p1453,pm205,A3,test,0,1,ALERT,1,0
p1454,pm206,A4,test,0,0,cosine,0,0
p1454,pm206,A4,test,0,0,LegalBERT-NLI,1,0
p1454,pm206,A4,test,0,0,COLIEE-retrieval,0,0
p1454,pm206,A4,test,0,0,RAG-only,0,0
p1454,pm206,A4,test,0,0,ALERT-flat,0,0
p1454,pm206,A4,test,0,0,ALERT,0,0
p1455,pm207,A0,train,0,1,cosine,1,0
p1455,pm207,A0,train,0,1,LegalBERT-NLI,1,0
p1455,pm207,A0,train,0,1,COLIEE-retrieval,1,0
p1455,pm207,A0,train,0,1,RAG-only,1,0
p1455,pm207,A0,train,0,1,ALERT-flat,1,0
p1455,pm207,A0,train,0,1,ALERT,1,0
p1456,pm208,A1,test,0,1,cosine,1,0
p1456,pm208,A1,test,0,1,LegalBERT-NLI,0,0
p1456,pm208,A1,test,0,1,COLIEE-retrieval,1,0
p1456,pm208,A1,test,0,1,RAG-only,0,0
p1456,pm208,A1,test,0,1,ALERT-flat,1,0
p1456,pm208,A1,test,0,1,ALERT,0,0
p1457,pm209,A2,test,0,0,cosine,0,0
p1457,pm209,A2,test,0,0,LegalBERT-NLI,0,0
p1457,pm209,A2,test,0,0,COLIEE-retrieval,0,0
p1457,pm209,A2,test,0,0,RAG-only,0,0
p1457,pm209,A2,test,0,0,ALERT-flat,0,0
p1457,pm209,A2,test,0,0,ALERT,0,0
p1458,pm210,A3,test,0,0,cosine,0,0
p1458,pm210,A3,test,0,0,LegalBERT-NLI,0,0
p1458,pm210,A3,test,0,0,COLIEE-retrieval,0,0
p1458,pm210,A3,test,0,0,RAG-only,0,0
p1458,pm210,A3,test,0,0,ALERT-flat,0,0
p1458,pm210,A3,test,0,0,ALERT,0,0
p1459,pm211,A4,test,0,0,cosine,1,0
p1459,pm211,A4,test,0,0,LegalBERT-NLI,0,0
p1459,pm211,A4,test,0,0,COLIEE-retrieval,0,0
p1459,pm211,A4,test,0,0,RAG-only,0,0
p1459,pm211,A4,test,0,0,ALERT-flat,0,0
p1459,pm211,A4,test,0,0,ALERT,0,0
p1460,pm212,A0,train,0,0,cosine,0,0
p1460,pm212,A0,train,0,0,LegalBERT-NLI,0,0
p1460,pm212,A0,train,0,0,COLIEE-retrieval,1,0
p1460,pm212,A0,train,0,0,RAG-only,0,0
p1460,pm212,A0,train,0,0,ALERT-flat,1,0
p1460,pm212,A0,train,0,0,ALERT,0,0
p1461,pm213,A1,test,0,0,cosine,0,0
p1461,pm213,A1,test,0,0,LegalBERT-NLI,0,0
p1461,pm213,A1,test,0,0,COLIEE-retrieval,0,0
p1461,pm213,A1,test,0,0,RAG-only,0,0
p1461,pm213,A1,test,0,0,ALERT-flat,0,0
p1461,pm213,A1,test,0,0,ALERT,1,0
p1462,pm214,A2,test,0,0,cosine,0,0
p1462,pm214,A2,test,0,0,LegalBERT-NLI,0,0
p1462,pm214,A2,test,0,0,COLIEE-retrieval,0,0
p1462,pm214,A2,test,0,0,RAG-only,0,0
p1462,pm214,A2,test,0,0,ALERT-flat,0,0
p1462,pm214,A2,test,0,0,ALERT,0,0
p1463,pm215,A3,test,0,1,cosine,1,0
p1463,pm215,A3,test,0,1,LegalBERT-NLI,1,0
p1463,pm215,A3,test,0,1,COLIEE-retrieval,1,0
p1463,pm215,A3,test,0,1,RAG-only,1,0
p1463,pm215,A3,test,0,1,ALERT-flat,1,0
p1463,pm215,A3,test,0,1,ALERT,0,0
p1464,pm216,A4,test,1,0,cosine,0,0
p1464,pm216,A4,test,1,0,LegalBERT-NLI,0,0
p1464,pm216,A4,test,1,0,COLIEE-retrieval,0,0
p1464,pm216,A4,test,1,0,RAG-only,0,0
p1464,pm216,A4,test,1,0,ALERT-flat,0,0
p1464,pm216,A4,test,1,0,ALERT,0,0
p1465,pm217,A0,train,0,0,cosine,0,0
p1465,pm217,A0,train,0,0,LegalBERT-NLI,0,0
p1465,pm217,A0,train,0,0,COLIEE-retrieval,1,0
p1465,pm217,A0,train,0,0,RAG-only,0,0
p1465,pm217,A0,train,0,0,ALERT-flat,0,0
p1465,pm217,A0,train,0,0,ALERT,0,0
p1466,pm218,A1,test,0,1,cosine,1,0
p1466,pm218,A1,test,0,1,LegalBERT-NLI,0,0
p1466,pm218,A1,test,0,1,COLIEE-retrieval,1,0
p1466,pm218,A1,test,0,1,RAG-only,1,0
p1466,pm218,A1,test,0,1,ALERT-flat,1,0
p1466,pm218,A1,test,0,1,ALERT,1,0
p1467,pm219,A2,test,0,0,cosine,1,0
p1467,pm219,A2,test,0,0,LegalBERT-NLI,1,0
p1467,pm219,A2,test,0,0,COLIEE-retrieval,0,0
p1467,pm219,A2,test,0,0,RAG-only,0,0
p1467,pm219,A2,test,0,0,ALERT-flat,0,0
p1467,pm219,A2,test,0,0,ALERT,0,0
p1468,pm220,A3,test,0,1,cosine,1,0
p1468,pm220,A3,test,0,1,LegalBERT-NLI,1,0
p1468,pm220,A3,test,0,1,COLIEE-retrieval,1,0
p1468,pm220,A3,test,0,1,RAG-only,1,0
p1468,pm220,A3,test,0,1,ALERT-flat,0,0
p1468,pm220,A3,test,0,1,ALERT,0,0
p1469,pm221,A4,test,0,1,cosine,0,0
p1469,pm221,A4,test,0,1,LegalBERT-NLI,1,0
p1469,pm221,A4,test,0,1,COLIEE-retrieval,1,0
p1469,pm221,A4,test,0,1,RAG-only,1,0
p1469,pm221,A4,test,0,1,ALERT-flat,0,0
p1469,pm221,A4,test,0,1,ALERT,1,0
p1470,pm222,A0,train,0,1,cosine,1,0
p1470,pm222,A0,train,0,1,LegalBERT-NLI,0,0
p1470,pm222,A0,train,0,1,COLIEE-retrieval,0,0
p1470,pm222,A0,train,0,1,RAG-only,0,0
p1470,pm222,A0,train,0,1,ALERT-flat,1,0
p1470,pm222,A0,train,0,1,ALERT,1,0
p1471,pm223,A1,test,0,1,cosine,1,0
p1471,pm223,A1,test,0,1,LegalBERT-NLI,1,0
p1471,pm223,A1,test,0,1,COLIEE-retrieval,1,0
p1471,pm223,A1,test,0,1,RAG-only,1,0
p1471,pm223,A1,test,0,1,ALERT-flat,1,0
p1471,pm223,A1,test,0,1,ALERT,1,0
p1472,pm224,A2,test,1,0,cosine,0,0
p1472,pm224,A2,test,1,0,LegalBERT-NLI,0,0
p1472,pm224,A2,test,1,0,COLIEE-retrieval,0,0
p1472,pm224,A2,test,1,0,RAG-only,1,1
p1472,pm224,A2,test,1,0,ALERT-flat,0,0
p1472,pm224,A2,test,1,0,ALERT,0,0
p1473,pm225,A3,test,0,1,cosine,1,0
p1473,pm225,A3,test,0,1,LegalBERT-NLI,1,0
p1473,pm225,A3,test,0,1,COLIEE-retrieval,1,0
p1473,pm225,A3,test,0,1,RAG-only,1,0
p1473,pm225,A3,test,0,1,ALERT-flat,1,0
p1473,pm225,A3,test,0,1,ALERT,0,0
p1474,pm226,A4,test,0,0,cosine,0,0
p1474,pm226,A4,test,0,0,LegalBERT-NLI,1,0
p1474,pm226,A4,test,0,0,COLIEE-retrieval,1,0
p1474,pm226,A4,test,0,0,RAG-only,0,0
p1474,pm226,A4,test,0,0,ALERT-flat,1,0
p1474,pm226,A4,test,0,0,ALERT,0,0
p1475,pm227,A0,train,0,0,cosine,0,0
p1475,pm227,A0,train,0,0,LegalBERT-NLI,0,0
p1475,pm227,A0,train,0,0,COLIEE-retrieval,0,0
p1475,pm227,A0,train,0,0,RAG-only,0,0
p1475,pm227,A0,train,0,0,ALERT-flat,0,0
p1475,pm227,A0,train,0,0,ALERT,0,0
p1476,pm228,A1,test,0,0,cosine,1,0
p1476,pm228,A1,test,0,0,LegalBERT-NLI,0,0
p1476,pm228,A1,test,0,0,COLIEE-retrieval,0,0
p1476,pm228,A1,test,0,0,RAG-only,0,0
p1476,pm228,A1,test,0,0,ALERT-flat,1,0
p1476,pm228,A1,test,0,0,ALERT,0,0
p1477,pm229,A2,test,1,0,cosine,1,1
p1477,pm229,A2,test,1,0,LegalBERT-NLI,1,1
p1477,pm229,A2,test,1,0,COLIEE-retrieval,1,1
p1477,pm229,A2,test,1,0,RAG-only,0,0
p1477,pm229,A2,test,1,0,ALERT-flat,0,0
p1477,pm229,A2,test,1,0,ALERT,1,1
p1478,pm230,A3,test,0,0,cosine,0,0
p1478,pm230,A3,test,0,0,LegalBERT-NLI,0,0
p1478,pm230,A3,test,0,0,COLIEE-retrieval,0,0
p1478,pm230,A3,test,0,0,RAG-only,0,0
p1478,pm230,A3,test,0,0,ALERT-flat,0,0
p1478,pm230,A3,test,0,0,ALERT,0,0
p1479,pm231,A4,test,0,1,cosine,0,0
p1479,pm231,A4,test,0,1,LegalBERT-NLI,0,0
p1479,pm231,A4,test,0,1,COLIEE-retrieval,1,0
p1479,pm231,A4,test,0,1,RAG-only,1,0
p1479,pm231,A4,test,0,1,ALERT-flat,1,0
p1479,pm231,A4,test,0,1,ALERT,1,0
p1480,pm232,A0,train,1,0,cosine,0,0
p1480,pm232,A0,train,1,0,LegalBERT-NLI,0,0
p1480,pm232,A0,train,1,0,COLIEE-retrieval,0,0
p1480,pm232,A0,train,1,0,RAG-only,1,1
p1480,pm232,A0,train,1,0,ALERT-flat,1,1
p1480,pm232,A0,train,1,0,ALERT,0,0
p1481,pm233,A1,test,1,0,cosine,0,0
p1481,pm233,A1,test,1,0,LegalBERT-NLI,1,1
p1481,pm233,A1,test,1,0,COLIEE-retrieval,0,0
p1481,pm233,A1,test,1,0,RAG-only,0,0
p1481,pm233,A1,test,1,0,ALERT-flat,0,0
p1481,pm233,A1,test,1,0,ALERT,0,0
p1482,pm234,A2,test,0,1,cosine,1,0
p1482,pm234,A2,test,0,1,LegalBERT-NLI,1,0
p1482,pm234,A2,test,0,1,COLIEE-retrieval,1,0
p1482,pm234,A2,test,0,1,RAG-only,1,0
p1482,pm234,A2,test,0,1,ALERT-flat,1,0
p1482,pm234,A2,test,0,1,ALERT,1,0
p1483,pm235,A3,test,1,0,cosine,0,0
p1483,pm235,A3,test,1,0,LegalBERT-NLI,0,0
p1483,pm235,A3,test,1,0,COLIEE-retrieval,0,0
p1483,pm235,A3,test,1,0,RAG-only,0,0
p1483,pm235,A3,test,1,0,ALERT-flat,0,0
p1483,pm235,A3,test,1,0,ALERT,0,0
p1484,pm236,A4,test,0,1,cosine,1,0
p1484,pm236,A4,test,0,1,LegalBERT-NLI,1,0
p1484,pm236,A4,test,0,1,COLIEE-retrieval,0,0
p1484,pm236,A4,test,0,1,RAG-only,0,0
p1484,pm236,A4,test,0,1,ALERT-flat,1,0
p1484,pm236,A4,test,0,1,ALERT,1,0
p1485,pm237,A0,train,0,1,cosine,1,0
p1485,pm237,A0,train,0,1,LegalBERT-NLI,0,0
p1485,pm237,A0,train,0,1,COLIEE-retrieval,1,0
p1485,pm237,A0,train,0,1,RAG-only,1,0
p1485,pm237,A0,train,0,1,ALERT-flat,1,0
p1485,pm237,A0,train,0,1,ALERT,1,0
p1486,pm238,A1,test,0,1,cosine,1,0
p1486,pm238,A1,test,0,1,LegalBERT-NLI,1,0
p1486,pm238,A1,test,0,1,COLIEE-retrieval,1,0
p1486,pm238,A1,test,0,1,RAG-only,1,0
p1486,pm238,A1,test,0,1,ALERT-flat,1,0
p1486,pm238,A1,test,0,1,ALERT,1,0
p1487,pm239,A2,test,0,0,cosine,0,0
p1487,pm239,A2,test,0,0,LegalBERT-NLI,1,0
p1487,pm239,A2,test,0,0,COLIEE-retrieval,0,0
p1487,pm239,A2,test,0,0,RAG-only,0,0
p1487,pm239,A2,test,0,0,ALERT-flat,0,0
p1487,pm239,A2,test,0,0,ALERT,0,0
p1488,pm240,A3,test,0,0,cosine,0,0
p1488,pm240,A3,test,0,0,LegalBERT-NLI,1,0
p1488,pm240,A3,test,0,0,COLIEE-retrieval,0,0
p1488,pm240,A3,test,0,0,RAG-only,0,0
p1488,pm240,A3,test,0,0,ALERT-flat,0,0
p1488,pm240,A3,test,0,0,ALERT,0,0
p1489,pm241,A4,test,0,1,cosine,1,0
p1489,pm241,A4,test,0,1,LegalBERT-NLI,0,0
p1489,pm241,A4,test,0,1,COLIEE-retrieval,1,0
p1489,pm241,A4,test,0,1,RAG-only,1,0
p1489,pm241,A4,test,0,1,ALERT-flat,1,0
p1489,pm241,A4,test,0,1,ALERT,1,0
p1490,pm242,A0,train,0,1,cosine,0,0
p1490,pm242,A0,train,0,1,LegalBERT-NLI,1,0
p1490,pm242,A0,train,0,1,COLIEE-retrieval,1,0
p1490,pm242,A0,train,0,1,RAG-only,0,0
p1490,pm242,A0,train,0,1,ALERT-flat,1,0
p1490,pm242,A0,train,0,1,ALERT,1,0
p1491,pm243,A1,test,1,0,cosine,0,0
p1491,pm243,A1,test,1,0,LegalBERT-NLI,0,0
p1491,pm243,A1,test,1,0,COLIEE-retrieval,0,0
p1491,pm243,A1,test,1,0,RAG-only,0,0
p1491,pm243,A1,test,1,0,ALERT-flat,1,1
p1491,pm243,A1,test,1,0,ALERT,0,0
p1492,pm244,A2,test,0,0,cosine,1,0
p1492,pm244,A2,test,0,0,LegalBERT-NLI,0,0
p1492,pm244,A2,test,0,0,COLIEE-retrieval,0,0
p1492,pm244,A2,test,0,0,RAG-only,0,0
p1492,pm244,A2,test,0,0,ALERT-flat,0,0
p1492,pm244,A2,test,0,0,ALERT,0,0
p1493,pm245,A3,test,1,0,cosine,0,0
p1493,pm245,A3,test,1,0,LegalBERT-NLI,0,0
p1493,pm245,A3,test,1,0,COLIEE-retrieval,0,0
p1493,pm245,A3,test,1,0,RAG-only,0,0
p1493,pm245,A3,test,1,0,ALERT-flat,1,1
p1493,pm245,A3,test,1,0,ALERT,0,0
p1494,pm246,A4,test,1,0,cosine,0,0
p1494,pm246,A4,test,1,0,LegalBERT-NLI,0,0
p1494,pm246,A4,test,1,0,COLIEE-retrieval,0,0
p1494,pm246,A4,test,1,0,RAG-only,1,1
p1494,pm246,A4,test,1,0,ALERT-flat,0,0
p1494,pm246,A4,test,1,0,ALERT,0,0
p1495,pm247,A0,train,0,1,cosine,0,0
p1495,pm247,A0,train,0,1,LegalBERT-NLI,1,0
p1495,pm247,A0,train,0,1,COLIEE-retrieval,1,0
p1495,pm247,A0,train,0,1,RAG-only,1,0
p1495,pm247,A0,train,0,1,ALERT-flat,1,0
p1495,pm247,A0,train,0,1,ALERT,0,0
p1496,pm248,A1,test,0,0,cosine,0,0
p1496,pm248,A1,test,0,0,LegalBERT-NLI,0,0
p1496,pm248,A1,test,0,0,COLIEE-retrieval,0,0
p1496,pm248,A1,test,0,0,RAG-only,1,0
p1496,pm248,A1,test,0,0,ALERT-flat,1,0
p1496,pm248,A1,test,0,0,ALERT,0,0
p1497,pm249,A2,test,1,0,cosine,0,0
p1497,pm249,A2,test,1,0,LegalBERT-NLI,0,0
p1497,pm249,A2,test,1,0,COLIEE-retrieval,1,1
p1497,pm249,A2,test,1,0,RAG-only,0,0
p1497,pm249,A2,test,1,0,ALERT-flat,0,0
p1497,pm249,A2,test,1,0,ALERT,0,0
p1498,pm250,A3,test,0,0,cosine,0,0
p1498,pm250,A3,test,0,0,LegalBERT-NLI,0,0
p1498,pm250,A3,test,0,0,COLIEE-retrieval,1,0
p1498,pm250,A3,test,0,0,RAG-only,0,0
p1498,pm250,A3,test,0,0,ALERT-flat,1,0
p1498,pm250,A3,test,0,0,ALERT,0,0
p1499,pm251,A4,test,0,0,cosine,0,0
p1499,pm251,A4,test,0,0,LegalBERT-NLI,0,0
p1499,pm251,A4,test,0,0,COLIEE-retrieval,0,0
p1499,pm251,A4,test,0,0,RAG-only,1,0
p1499,pm251,A4,test,0,0,ALERT-flat,0,0
p1499,pm251,A4,test,0,0,ALERT,0,0
p1500,pm252,A0,train,0,0,cosine,1,0
p1500,pm252,A0,train,0,0,LegalBERT-NLI,0,0
p1500,pm252,A0,train,0,0,COLIEE-retrieval,1,0
p1500,pm252,A0,train,0,0,RAG-only,0,0
p1500,pm252,A0,train,0,0,ALERT-flat,0,0
p1500,pm252,A0,train,0,0,ALERT,0,0
p1501,pm253,A1,test,0,0,cosine,1,0
p1501,pm253,A1,test,0,0,LegalBERT-NLI,0,0
p1501,pm253,A1,test,0,0,COLIEE-retrieval,1,0
p1501,pm253,A1,test,0,0,RAG-only,0,0
p1501,pm253,A1,test,0,0,ALERT-flat,0,0
p1501,pm253,A1,test,0,0,ALERT,1,0
p1502,pm254,A2,test,0,0,cosine,0,0
p1502,pm254,A2,test,0,0,LegalBERT-NLI,0,0
p1502,pm254,A2,test,0,0,COLIEE-retrieval,0,0
p1502,pm254,A2,test,0,0,RAG-only,0,0
p1502,pm254,A2,test,0,0,ALERT-flat,0,0
p1502,pm254,A2,test,0,0,ALERT,0,0
p1503,pm255,A3,test,1,0,cosine,0,0
p1503,pm255,A3,test,1,0,LegalBERT-NLI,1,1
p1503,pm255,A3,test,1,0,COLIEE-retrieval,0,0
p1503,pm255,A3,test,1,0,RAG-only,0,0
p1503,pm255,A3,test,1,0,ALERT-flat,1,1
p1503,pm255,A3,test,1,0,ALERT,1,1
p1504,pm256,A4,test,0,1,cosine,1,0
p1504,pm256,A4,test,0,1,LegalBERT-NLI,1,0
p1504,pm256,A4,test,0,1,COLIEE-retrieval,1,0
p1504,pm256,A4,test,0,1,RAG-only,1,0
p1504,pm256,A4,test,0,1,ALERT-flat,1,0
p1504,pm256,A4,test,0,1,ALERT,1,0
p1505,pm257,A0,train,0,0,cosine,0,0
p1505,pm257,A0,train,0,0,LegalBERT-NLI,0,0
p1505,pm257,A0,train,0,0,COLIEE-retrieval,0,0
p1505,pm257,A0,train,0,0,RAG-only,0,0
p1505,pm257,A0,train,0,0,ALERT-flat,0,0
p1505,pm257,A0,train,0,0,ALERT,0,0
p1506,pm258,A1,test,0,0,cosine,1,0
p1506,pm258,A1,test,0,0,LegalBERT-NLI,0,0
p1506,pm258,A1,test,0,0,COLIEE-retrieval,0,0
p1506,pm258,A1,test,0,0,RAG-only,0,0
p1506,pm258,A1,test,0,0,ALERT-flat,0,0
p1506,pm258,A1,test,0,0,ALERT,0,0
p1507,pm259,A2,test,1,0,cosine,0,0
p1507,pm259,A2,test,1,0,LegalBERT-NLI,0,0
p1507,pm259,A2,test,1,0,COLIEE-retrieval,0,0
p1507,pm259,A2,test,1,0,RAG-only,1,1
p1507,pm259,A2,test,1,0,ALERT-flat,0,0
p1507,pm259,A2,test,1,0,ALERT,0,0
p1508,pm260,A3,test,0,0,cosine,0,0
p1508,pm260,A3,test,0,0,LegalBERT-NLI,0,0
p1508,pm260,A3,test,0,0,COLIEE-retrieval,1,0
p1508,pm260,A3,test,0,0,RAG-only,0,0
p1508,pm260,A3,test,0,0,ALERT-flat,0,0
p1508,pm260,A3,test,0,0,ALERT,0,0
p1509,pm261,A4,test,1,0,cosine,0,0
p1509,pm261,A4,test,1,0,LegalBERT-NLI,0,0
p1509,pm261,A4,test,1,0,COLIEE-retrieval,1,1
p1509,pm261,A4,test,1,0,RAG-only,0,0
p1509,pm261,A4,test,1,0,ALERT-flat,0,0
p1509,pm261,A4,test,1,0,ALERT,0,0
p1510,pm262,A0,train,0,0,cosine,1,0
p1510,pm262,A0,train,0,0,LegalBERT-NLI,0,0
p1510,pm262,A0,train,0,0,COLIEE-retrieval,0,0
p1510,pm262,A0,train,0,0,RAG-only,0,0
p1510,pm262,A0,train,0,0,ALERT-flat,0,0
p1510,pm262,A0,train,0,0,ALERT,0,0
p1511,pm263,A1,test,1,0,cosine,0,0
p1511,pm263,A1,test,1,0,LegalBERT-NLI,1,1
p1511,pm263,A1,test,1,0,COLIEE-retrieval,1,1
p1511,pm263,A1,test,1,0,RAG-only,0,0
p1511,pm263,A1,test,1,0,ALERT-flat,1,1
p1511,pm263,A1,test,1,0,ALERT,0,0
p1512,pm264,A2,test,0,1,cosine,1,0
p1512,pm264,A2,test,0,1,LegalBERT-NLI,1,0
p1512,pm264,A2,test,0,1,COLIEE-retrieval,1,0
p1512,pm264,A2,test,0,1,RAG-only,1,0
p1512,pm264,A2,test,0,1,ALERT-flat,0,0
p1512,pm264,A2,test,0,1,ALERT,1,0
p1513,pm265,A3,test,0,0,cosine,0,0
p1513,pm265,A3,test,0,0,LegalBERT-NLI,0,0
p1513,pm265,A3,test,0,0,COLIEE-retrieval,0,0
p1513,pm265,A3,test,0,0,RAG-only,0,0
p1513,pm265,A3,test,0,0,ALERT-flat,0,0
p1513,pm265,A3,test,0,0,ALERT,0,0
p1514,pm266,A4,test,1,0,cosine,0,0
p1514,pm266,A4,test,1,0,LegalBERT-NLI,0,0
p1514,pm266,A4,test,1,0,COLIEE-retrieval,0,0
p1514,pm266,A4,test,1,0,RAG-only,0,0
p1514,pm266,A4,test,1,0,ALERT-flat,0,0
p1514,pm266,A4,test,1,0,ALERT,0,0
p1515,pm267,A0,train,0,0,cosine,1,0
p1515,pm267,A0,train,0,0,LegalBERT-NLI,0,0
p1515,pm267,A0,train,0,0,COLIEE-retrieval,0,0
p1515,pm267,A0,train,0,0,RAG-only,0,0
p1515,pm267,A0,train,0,0,ALERT-flat,0,0
p1515,pm267,A0,train,0,0,ALERT,0,0
p1516,pm268,A1,test,0,0,cosine,0,0
p1516,pm268,A1,test,0,0,LegalBERT-NLI,1,0
p1516,pm268,A1,test,0,0,COLIEE-retrieval,1,0
p1516,pm268,A1,test,0,0,RAG-only,0,0
p1516,pm268,A1,test,0,0,ALERT-flat,0,0
p1516,pm268,A1,test,0,0,ALERT,0,0
p1517,pm269,A2,test,0,0,cosine,0,0
p1517,pm269,A2,test,0,0,LegalBERT-NLI,0,0
p1517,pm269,A2,test,0,0,COLIEE-retrieval,0,0
p1517,pm269,A2,test,0,0,RAG-only,0,0
p1517,pm269,A2,test,0,0,ALERT-flat,0,0
p1517,pm269,A2,test,0,0,ALERT,0,0
p1518,pm270,A3,test,1,0,cosine,0,0
p1518,pm270,A3,test,1,0,LegalBERT-NLI,0,0
p1518,pm270,A3,test,1,0,COLIEE-retrieval,1,1
p1518,pm270,A3,test,1,0,RAG-only,1,1
p1518,pm270,A3,test,1,0,ALERT-flat,0,0
p1518,pm270,A3,test,1,0,ALERT,0,0
p1519,pm271,A4,test,1,0,cosine,0,0
p1519,pm271,A4,test,1,0,LegalBERT-NLI,1,1
p1519,pm271,A4,test,1,0,COLIEE-retrieval,0,0
p1519,pm271,A4,test,1,0,RAG-only,0,0
p1519,pm271,A4,test,1,0,ALERT-flat,0,0
p1519,pm271,A4,test,1,0,ALERT,0,0
p1520,pm272,A0,train,0,1,cosine,1,0
p1520,pm272,A0,train,0,1,LegalBERT-NLI,0,0
p1520,pm272,A0,train,0,1,COLIEE-retrieval,1,0
p1520,pm272,A0,train,0,1,RAG-only,1,0
p1520,pm272,A0,train,0,1,ALERT-flat,0,0
p1520,pm272,A0,train,0,1,ALERT,1,0
p1521,pm273,A1,test,1,0,cosine,0,0
p1521,pm273,A1,test,1,0,LegalBERT-NLI,0,0
p1521,pm273,A1,test,1,0,COLIEE-retrieval,0,0
p1521,pm273,A1,test,1,0,RAG-only,0,0
p1521,pm273,A1,test,1,0,ALERT-flat,1,1
p1521,pm273,A1,test,1,0,ALERT,0,0
p1522,pm274,A2,test,0,0,cosine,0,0
p1522,pm274,A2,test,0,0,LegalBERT-NLI,0,0
p1522,pm274,A2,test,0,0,COLIEE-retrieval,1,0
p1522,pm274,A2,test,0,0,RAG-only,0,0
p1522,pm274,A2,test,0,0,ALERT-flat,0,0
p1522,pm274,A2,test,0,0,ALERT,0,0
p1523,pm275,A3,test,0,0,cosine,0,0
p1523,pm275,A3,test,0,0,LegalBERT-NLI,0,0
p1523,pm275,A3,test,0,0,COLIEE-retrieval,0,0
p1523,pm275,A3,test,0,0,RAG-only,0,0
p1523,pm275,A3,test,0,0,ALERT-flat,0,0
p1523,pm275,A3,test,0,0,ALERT,0,0
p1524,pm276,A4,test,0,1,cosine,1,0
p1524,pm276,A4,test,0,1,LegalBERT-NLI,1,0
p1524,pm276,A4,test,0,1,COLIEE-retrieval,1,0
p1524,pm276,A4,test,0,1,RAG-only,1,0
p1524,pm276,A4,test,0,1,ALERT-flat,1,0
p1524,pm276,A4,test,0,1,ALERT,1,0
p1525,pm277,A0,train,0,0,cosine,0,0
p1525,pm277,A0,train,0,0,LegalBERT-NLI,0,0
p1525,pm277,A0,train,0,0,COLIEE-retrieval,0,0
p1525,pm277,A0,train,0,0,RAG-only,0,0
p1525,pm277,A0,train,0,0,ALERT-flat,0,0
p1525,pm277,A0,train,0,0,ALERT,1,0
p1526,pm278,A1,test,0,1,cosine,0,0
p1526,pm278,A1,test,0,1,LegalBERT-NLI,1,0
p1526,pm278,A1,test,0,1,COLIEE-retrieval,1,0
p1526,pm278,A1,test,0,1,RAG-only,1,0
p1526,pm278,A1,test,0,1,ALERT-flat,1,0
p1526,pm278,A1,test,0,1,ALERT,1,0
p1527,pm279,A2,test,1,0,cosine,0,0
p1527,pm279,A2,test,1,0,LegalBERT-NLI,0,0
p1527,pm279,A2,test,1,0,COLIEE-retrieval,0,0
p1527,pm279,A2,test,1,0,RAG-only,1,1
p1527,pm279,A2,test,1,0,ALERT-flat,0,0
p1527,pm279,A2,test,1,0,ALERT,0,0
p1528,pm280,A3,test,0,0,cosine,0,0
p1528,pm280,A3,test,0,0,LegalBERT-NLI,0,0
p1528,pm280,A3,test,0,0,COLIEE-retrieval,1,0
p1528,pm280,A3,test,0,0,RAG-only,1,0
p1528,pm280,A3,test,0,0,ALERT-flat,0,0
p1528,pm280,A3,test,0,0,ALERT,0,0
p1529,pm281,A4,test,0,0,cosine,0,0
p1529,pm281,A4,test,0,0,LegalBERT-NLI,0,0
p1529,pm281,A4,test,0,0,COLIEE-retrieval,1,0
p1529,pm281,A4,test,0,0,RAG-only,0,0
p1529,pm281,A4,test,0,0,ALERT-flat,0,0
p1529,pm281,A4,test,0,0,ALERT,0,0
p1530,pm282,A0,train,0,1,cosine,1,0
p1530,pm282,A0,train,0,1,LegalBERT-NLI,1,0
p1530,pm282,A0,train,0,1,COLIEE-retrieval,1,0
p1530,pm282,A0,train,0,1,RAG-only,0,0
p1530,pm282,A0,train,0,1,ALERT-flat,1,0
p1530,pm282,A0,train,0,1,ALERT,1,0
p1531,pm283,A1,test,0,1,cosine,1,0
p1531,pm283,A1,test,0,1,LegalBERT-NLI,1,0
p1531,pm283,A1,test,0,1,COLIEE-retrieval,0,0
p1531,pm283,A1,test,0,1,RAG-only,0,0
p1531,pm283,A1,test,0,1,ALERT-flat,1,0
p1531,pm283,A1,test,0,1,ALERT,1,0
p1532,pm284,A2,test,0,1,cosine,1,0
p1532,pm284,A2,test,0,1,LegalBERT-NLI,1,0
p1532,pm284,A2,test,0,1,COLIEE-retrieval,1,0
p1532,pm284,A2,test,0,1,RAG-only,1,0
p1532,pm284,A2,test,0,1,ALERT-flat,0,0
p1532,pm284,A2,test,0,1,ALERT,0,0
p1533,pm285,A3,test,0,0,cosine,0,0
p1533,pm285,A3,test,0,0,LegalBERT-NLI,0,0
p1533,pm285,A3,test,0,0,COLIEE-retrieval,0,0
p1533,pm285,A3,test,0,0,RAG-only,0,0
p1533,pm285,A3,test,0,0,ALERT-flat,0,0
p1533,pm285,A3,test,0,0,ALERT,0,0
p1534,pm286,A4,test,0,1,cosine,1,0
p1534,pm286,A4,test,0,1,LegalBERT-NLI,1,0
p1534,pm286,A4,test,0,1,COLIEE-retrieval,1,0
p1534,pm286,A4,test,0,1,RAG-only,0,0
p1534,pm286,A4,test,0,1,ALERT-flat,1,0
p1534,pm286,A4,test,0,1,ALERT,1,0
p1535,pm287,A0,train,0,0,cosine,0,0
p1535,pm287,A0,train,0,0,LegalBERT-NLI,0,0
p1535,pm287,A0,train,0,0,COLIEE-retrieval,1,0
p1535,pm287,A0,train,0,0,RAG-only,1,0
p1535,pm287,A0,train,0,0,ALERT-flat,0,0
p1535,pm287,A0,train,0,0,ALERT,0,0
p1536,pm288,A1,test,1,0,cosine,0,0
p1536,pm288,A1,test,1,0,LegalBERT-NLI,0,0
p1536,pm288,A1,test,1,0,COLIEE-retrieval,0,0
p1536,pm288,A1,test,1,0,RAG-only,0,0
p1536,pm288,A1,test,1,0,ALERT-flat,0,0
p1536,pm288,A1,test,1,0,ALERT,0,0
p1537,pm289,A2,test,0,1,cosine,0,0
p1537,pm289,A2,test,0,1,LegalBERT-NLI,0,0
p1537,pm289,A2,test,0,1,COLIEE-retrieval,0,0
p1537,pm289,A2,test,0,1,RAG-only,1,0
p1537,pm289,A2,test,0,1,ALERT-flat,1,0
p1537,pm289,A2,test,0,1,ALERT,1,0
p1538,pm290,A3,test,0,1,cosine,1,0
p1538,pm290,A3,test,0,1,LegalBERT-NLI,0,0
p1538,pm290,A3,test,0,1,COLIEE-retrieval,1,0
p1538,pm290,A3,test,0,1,RAG-only,1,0
p1538,pm290,A3,test,0,1,ALERT-flat,1,0
p1538,pm290,A3,test,0,1,ALERT,1,0
p1539,pm291,A4,test,0,0,cosine,0,0
p1539,pm291,A4,test,0,0,LegalBERT-NLI,0,0
p1539,pm291,A4,test,0,0,COLIEE-retrieval,0,0
p1539,pm291,A4,test,0,0,RAG-only,0,0
p1539,pm291,A4,test,0,0,ALERT-flat,0,0
p1539,pm291,A4,test,0,0,ALERT,0,0
p1540,pm292,A0,train,0,0,cosine,0,0
p1540,pm292,A0,train,0,0,LegalBERT-NLI,0,0
p1540,pm292,A0,train,0,0,COLIEE-retrieval,0,0
p1540,pm292,A0,train,0,0,RAG-only,0,0
p1540,pm292,A0,train,0,0,ALERT-flat,0,0
p1540,pm292,A0,train,0,0,ALERT,0,0
p1541,pm293,A1,test,0,1,cosine,1,0
p1541,pm293,A1,test,0,1,LegalBERT-NLI,0,0
p1541,pm293,A1,test,0,1,COLIEE-retrieval,1,0
p1541,pm293,A1,test,0,1,RAG-only,1,0
p1541,pm293,A1,test,0,1,ALERT-flat,1,0
p1541,pm293,A1,test,0,1,ALERT,1,0
p1542,pm294,A2,test,0,0,cosine,0,0
p1542,pm294,A2,test,0,0,LegalBERT-NLI,0,0
p1542,pm294,A2,test,0,0,COLIEE-retrieval,0,0
p1542,pm294,A2,test,0,0,RAG-only,0,0
p1542,pm294,A2,test,0,0,ALERT-flat,1,0
p1542,pm294,A2,test,0,0,ALERT,0,0
p1543,pm295,A3,test,1,0,cosine,0,0
p1543,pm295,A3,test,1,0,LegalBERT-NLI,0,0
p1543,pm295,A3,test,1,0,COLIEE-retrieval,0,0
p1543,pm295,A3,test,1,0,RAG-only,0,0
p1543,pm295,A3,test,1,0,ALERT-flat,0,0
p1543,pm295,A3,test,1,0,ALERT,1,1
p1544,pm296,A4,test,0,1,cosine,1,0
p1544,pm296,A4,test,0,1,LegalBERT-NLI,0,0
p1544,pm296,A4,test,0,1,COLIEE-retrieval,0,0
p1544,pm296,A4,test,0,1,RAG-only,1,0
p1544,pm296,A4,test,0,1,ALERT-flat,1,0
p1544,pm296,A4,test,0,1,ALERT,0,0
p1545,pm297,A0,train,0,0,cosine,0,0
p1545,pm297,A0,train,0,0,LegalBERT-NLI,1,0
p1545,pm297,A0,train,0,0,COLIEE-retrieval,0,0
p1545,pm297,A0,train,0,0,RAG-only,0,0
p1545,pm297,A0,train,0,0,ALERT-flat,0,0
p1545,pm297,A0,train,0,0,ALERT,1,0
p1546,pm298,A1,test,0,1,cosine,1,0
p1546,pm298,A1,test,0,1,LegalBERT-NLI,1,0
p1546,pm298,A1,test,0,1,COLIEE-retrieval,1,0
p1546,pm298,A1,test,0,1,RAG-only,1,0
p1546,pm298,A1,test,0,1,ALERT-flat,1,0
p1546,pm298,A1,test,0,1,ALERT,1,0
p1547,pm299,A2,test,0,0,cosine,0,0
p1547,pm299,A2,test,0,0,LegalBERT-NLI,0,0
p1547,pm299,A2,test,0,0,COLIEE-retrieval,0,0
p1547,pm299,A2,test,0,0,RAG-only,0,0
p1547,pm299,A2,test,0,0,ALERT-flat,0,0
p1547,pm299,A2,test,0,0,ALERT,0,0
p1548,pm300,A3,test,0,0,cosine,0,0
p1548,pm300,A3,test,0,0,LegalBERT-NLI,0,0
p1548,pm300,A3,test,0,0,COLIEE-retrieval,1,0
p1548,pm300,A3,test,0,0,RAG-only,0,0
p1548,pm300,A3,test,0,0,ALERT-flat,0,0
p1548,pm300,A3,test,0,0,ALERT,0,0
p1549,pm301,A4,test,0,1,cosine,1,0
p1549,pm301,A4,test,0,1,LegalBERT-NLI,1,0
p1549,pm301,A4,test,0,1,COLIEE-retrieval,1,0
p1549,pm301,A4,test,0,1,RAG-only,1,0
p1549,pm301,A4,test,0,1,ALERT-flat,1,0
p1549,pm301,A4,test,0,1,ALERT,0,0
p1550,pm302,A0,train,0,0,cosine,0,0
p1550,pm302,A0,train,0,0,LegalBERT-NLI,0,0
p1550,pm302,A0,train,0,0,COLIEE-retrieval,0,0
p1550,pm302,A0,train,0,0,RAG-only,0,0
p1550,pm302,A0,train,0,0,ALERT-flat,0,0
p1550,pm302,A0,train,0,0,ALERT,0,0
p1551,pm303,A1,test,0,0,cosine,0,0
p1551,pm303,A1,test,0,0,LegalBERT-NLI,0,0
p1551,pm303,A1,test,0,0,COLIEE-retrieval,0,0
p1551,pm303,A1,test,0,0,RAG-only,0,0
p1551,pm303,A1,test,0,0,ALERT-flat,0,0
p1551,pm303,A1,test,0,0,ALERT,0,0
p1552,pm304,A2,test,1,0,cosine,0,0
p1552,pm304,A2,test,1,0,LegalBERT-NLI,0,0
p1552,pm304,A2,test,1,0,COLIEE-retrieval,1,1
p1552,pm304,A2,test,1,0,RAG-only,0,0
p1552,pm304,A2,test,1,0,ALERT-flat,0,0
p1552,pm304,A2,test,1,0,ALERT,0,0
p1553,pm305,A3,test,0,1,cosine,1,0
p1553,pm305,A3,test,0,1,LegalBERT-NLI,0,0
p1553,pm305,A3,test,0,1,COLIEE-retrieval,0,0
p1553,pm305,A3,test,0,1,RAG-only,1,0
p1553,pm305,A3,test,0,1,ALERT-flat,1,0
p1553,pm305,A3,test,0,1,ALERT,0,0
p1554,pm306,A4,test,0,0,cosine,1,0
p1554,pm306,A4,test,0,0,LegalBERT-NLI,0,0
p1554,pm306,A4,test,0,0,COLIEE-retrieval,0,0
p1554,pm306,A4,test,0,0,RAG-only,1,0
p1554,pm306,A4,test,0,0,ALERT-flat,0,0
p1554,pm306,A4,test,0,0,ALERT,0,0
p1555,pm307,A0,train,0,0,cosine,1,0
p1555,pm307,A0,train,0,0,LegalBERT-NLI,0,0
p1555,pm307,A0,train,0,0,COLIEE-retrieval,0,0
p1555,pm307,A0,train,0,0,RAG-only,0,0
p1555,pm307,A0,train,0,0,ALERT-flat,0,0
p1555,pm307,A0,train,0,0,ALERT,0,0
p1556,pm308,A1,test,1,0,cosine,0,0
p1556,pm308,A1,test,1,0,LegalBERT-NLI,0,0
p1556,pm308,A1,test,1,0,COLIEE-retrieval,0,0
p1556,pm308,A1,test,1,0,RAG-only,0,0
p1556,pm308,A1,test,1,0,ALERT-flat,0,0
p1556,pm308,A1,test,1,0,ALERT,0,0
p1557,pm309,A2,test,1,0,cosine,1,1
p1557,pm309,A2,test,1,0,LegalBERT-NLI,0,0
p1557,pm309,A2,test,1,0,COLIEE-retrieval,1,1
p1557,pm309,A2,test,1,0,RAG-only,1,1
p1557,pm309,A2,test,1,0,ALERT-flat,1,1
p1557,pm309,A2,test,1,0,ALERT,0,0
p1558,pm310,A3,test,0,0,cosine,0,0
p1558,pm310,A3,test,0,0,LegalBERT-NLI,0,0
p1558,pm310,A3,test,0,0,COLIEE-retrieval,0,0
p1558,pm310,A3,test,0,0,RAG-only,1,0
p1558,pm310,A3,test,0,0,ALERT-flat,0,0
p1558,pm310,A3,test,0,0,ALERT,0,0
p1559,pm311,A4,test,0,0,cosine,1,0
p1559,pm311,A4,test,0,0,LegalBERT-NLI,0,0
p1559,pm311,A4,test,0,0,COLIEE-retrieval,0,0
p1559,pm311,A4,test,0,0,RAG-only,0,0
p1559,pm311,A4,test,0,0,ALERT-flat,0,0
p1559,pm311,A4,test,0,0,ALERT,0,0
p1560,pm000,A0,train,0,0,cosine,1,0
p1560,pm000,A0,train,0,0,LegalBERT-NLI,0,0
p1560,pm000,A0,train,0,0,COLIEE-retrieval,1,0
p1560,pm000,A0,train,0,0,RAG-only,0,0
p1560,pm000,A0,train,0,0,ALERT-flat,0,0
p1560,pm000,A0,train,0,0,ALERT,0,0
p1561,pm001,A1,test,0,0,cosine,0,0
p1561,pm001,A1,test,0,0,LegalBERT-NLI,0,0
p1561,pm001,A1,test,0,0,COLIEE-retrieval,1,0
p1561,pm001,A1,test,0,0,RAG-only,0,0
p1561,pm001,A1,test,0,0,ALERT-flat,0,0
p1561,pm001,A1,test,0,0,ALERT,0,0
p1562,pm002,A2,test,1,0,cosine,0,0
p1562,pm002,A2,test,1,0,LegalBERT-NLI,0,0
p1562,pm002,A2,test,1,0,COLIEE-retrieval,0,0
p1562,pm002,A2,test,1,0,RAG-only,1,1
p1562,pm002,A2,test,1,0,ALERT-flat,1,1
p1562,pm002,A2,test,1,0,ALERT,0,0
p1563,pm003,A3,test,1,0,cosine,0,0
p1563,pm003,A3,test,1,0,LegalBERT-NLI,0,0
p1563,pm003,A3,test,1,0,COLIEE-retrieval,0,0
p1563,pm003,A3,test,1,0,RAG-only,0,0
p1563,pm003,A3,test,1,0,ALERT-flat,0,0
p1563,pm003,A3,test,1,0,ALERT,1,1
p1564,pm004,A4,test,0,1,cosine,1,0
p1564,pm004,A4,test,0,1,LegalBERT-NLI,1,0
p1564,pm004,A4,test,0,1,COLIEE-retrieval,1,0
p1564,pm004,A4,test,0,1,RAG-only,0,0
p1564,pm004,A4,test,0,1,ALERT-flat,1,0
p1564,pm004,A4,test,0,1,ALERT,1,0
p1565,pm005,A0,train,0,1,cosine,1,0
p1565,pm005,A0,train,0,1,LegalBERT-NLI,1,0
p1565,pm005,A0,train,0,1,COLIEE-retrieval,1,0
p1565,pm005,A0,train,0,1,RAG-only,1,0
p1565,pm005,A0,train,0,1,ALERT-flat,1,0
p1565,pm005,A0,train,0,1,ALERT,0,0
p1566,pm006,A1,test,0,0,cosine,0,0
p1566,pm006,A1,test,0,0,LegalBERT-NLI,0,0
p1566,pm006,A1,test,0,0,COLIEE-retrieval,0,0
p1566,pm006,A1,test,0,0,RAG-only,1,0
p1566,pm006,A1,test,0,0,ALERT-flat,0,0
p1566,pm006,A1,test,0,0,ALERT,0,0
p1567,pm007,A2,test,0,1,cosine,1,0
p1567,pm007,A2,test,0,1,LegalBERT-NLI,0,0
p1567,pm007,A2,test,0,1,COLIEE-retrieval,1,0
p1567,pm007,A2,test,0,1,RAG-only,0,0
p1567,pm007,A2,test,0,1,ALERT-flat,1,0
p1567,pm007,A2,test,0,1,ALERT,1,0
p1568,pm008,A3,test,1,0,cosine,0,0
p1568,pm008,A3,test,1,0,LegalBERT-NLI,0,0
p1568,pm008,A3,test,1,0,COLIEE-retrieval,0,0
p1568,pm008,A3,test,1,0,RAG-only,1,1
p1568,pm008,A3,test,1,0,ALERT-flat,0,0
p1568,pm008,A3,test,1,0,ALERT,0,0
p1569,pm009,A4,test,0,0,cosine,0,0
p1569,pm009,A4,test,0,0,LegalBERT-NLI,0,0
p1569,pm009,A4,test,0,0,COLIEE-retrieval,0,0
p1569,pm009,A4,test,0,0,RAG-only,0,0
p1569,pm009,A4,test,0,0,ALERT-flat,0,0
p1569,pm009,A4,test,0,0,ALERT,0,0
p1570,pm010,A0,train,0,1,cosine,1,0
p1570,pm010,A0,train,0,1,LegalBERT-NLI,1,0
p1570,pm010,A0,train,0,1,COLIEE-retrieval,1,0
p1570,pm010,A0,train,0,1,RAG-only,1,0
p1570,pm010,A0,train,0,1,ALERT-flat,1,0
p1570,pm010,A0,train,0,1,ALERT,1,0
p1571,pm011,A1,test,0,0,cosine,1,0
p1571,pm011,A1,test,0,0,LegalBERT-NLI,0,0
p1571,pm011,A1,test,0,0,COLIEE-retrieval,0,0
p1571,pm011,A1,test,0,0,RAG-only,0,0
p1571,pm011,A1,test,0,0,ALERT-flat,0,0
p1571,pm011,A1,test,0,0,ALERT,1,0
p1572,pm012,A2,test,0,0,cosine,0,0
p1572,pm012,A2,test,0,0,LegalBERT-NLI,0,0
p1572,pm012,A2,test,0,0,COLIEE-retrieval,0,0
p1572,pm012,A2,test,0,0,RAG-only,0,0
p1572,pm012,A2,test,0,0,ALERT-flat,0,0
p1572,pm012,A2,test,0,0,ALERT,0,0
p1573,pm013,A3,test,0,1,cosine,1,0
p1573,pm013,A3,test,0,1,LegalBERT-NLI,0,0
p1573,pm013,A3,test,0,1,COLIEE-retrieval,1,0
p1573,pm013,A3,test,0,1,RAG-only,1,0
p1573,pm013,A3,test,0,1,ALERT-flat,1,0
p1573,pm013,A3,test,0,1,ALERT,0,0
p1574,pm014,A4,test,0,1,cosine,1,0
p1574,pm014,A4,test,0,1,LegalBERT-NLI,0,0
p1574,pm014,A4,test,0,1,COLIEE-retrieval,1,0
p1574,pm014,A4,test,0,1,RAG-only,1,0
p1574,pm014,A4,test,0,1,ALERT-flat,1,0
p1574,pm014,A4,test,0,1,ALERT,1,0
p1575,pm015,A0,train,1,0,cosine,0,0
p1575,pm015,A0,train,1,0,LegalBERT-NLI,1,1
p1575,pm015,A0,train,1,0,COLIEE-retrieval,0,0
p1575,pm015,A0,train,1,0,RAG-only,0,0
p1575,pm015,A0,train,1,0,ALERT-flat,1,1
p1575,pm015,A0,train,1,0,ALERT,0,0
p1576,pm016,A1,test,0,0,cosine,1,0
p1576,pm016,A1,test,0,0,LegalBERT-NLI,0,0
p1576,pm016,A1,test,0,0,COLIEE-retrieval,0,0
p1576,pm016,A1,test,0,0,RAG-only,1,0
p1576,pm016,A1,test,0,0,ALERT-flat,1,0
p1576,pm016,A1,test,0,0,ALERT,1,0
p1577,pm017,A2,test,0,1,cosine,1,0
p1577,pm017,A2,test,0,1,LegalBERT-NLI,0,0
p1577,pm017,A2,test,0,1,COLIEE-retrieval,1,0
p1577,pm017,A2,test,0,1,RAG-only,1,0
p1577,pm017,A2,test,0,1,ALERT-flat,1,0
p1577,pm017,A2,test,0,1,ALERT,1,0
p1578,pm018,A3,test,0,0,cosine,0,0
p1578,pm018,A3,test,0,0,LegalBERT-NLI,1,0
p1578,pm018,A3,test,0,0,COLIEE-retrieval,0,0
p1578,pm018,A3,test,0,0,RAG-only,0,0
p1578,pm018,A3,test,0,0,ALERT-flat,0,0
p1578,pm018,A3,test,0,0,ALERT,1,0
p1579,pm019,A4,test,1,0,cosine,0,0
p1579,pm019,A4,test,1,0,LegalBERT-NLI,0,0
p1579,pm019,A4,test,1,0,COLIEE-retrieval,0,0
p1579,pm019,A4,test,1,0,RAG-only,1,1
p1579,pm019,A4,test,1,0,ALERT-flat,0,0
p1579,pm019,A4,test,1,0,ALERT,0,0
p1580,pm020,A0,train,0,1,cosine,1,0
p1580,pm020,A0,train,0,1,LegalBERT-NLI,1,0
p1580,pm020,A0,train,0,1,COLIEE-retrieval,1,0
p1580,pm020,A0,train,0,1,RAG-only,1,0
p1580,pm020,A0,train,0,1,ALERT-flat,1,0
p1580,pm020,A0,train,0,1,ALERT,1,0
p1581,pm021,A1,test,0,0,cosine,0,0
p1581,pm021,A1,test,0,0,LegalBERT-NLI,0,0
p1581,pm021,A1,test,0,0,COLIEE-retrieval,0,0
p1581,pm021,A1,test,0,0,RAG-only,0,0
p1581,pm021,A1,test,0,0,ALERT-flat,0,0
p1581,pm021,A1,test,0,0,ALERT,0,0
p1582,pm022,A2,test,1,0,cosine,0,0
p1582,pm022,A2,test,1,0,LegalBERT-NLI,1,1
p1582,pm022,A2,test,1,0,COLIEE-retrieval,0,0
p1582,pm022,A2,test,1,0,RAG-only,0,0
p1582,pm022,A2,test,1,0,ALERT-flat,0,0
p1582,pm022,A2,test,1,0,ALERT,0,0
p1583,pm023,A3,test,0,0,cosine,0,0
p1583,pm023,A3,test,0,0,LegalBERT-NLI,0,0
p1583,pm023,A3,test,0,0,COLIEE-retrieval,0,0
p1583,pm023,A3,test,0,0,RAG-only,0,0
p1583,pm023,A3,test,0,0,ALERT-flat,0,0
p1583,pm023,A3,test,0,0,ALERT,0,0
p1584,pm024,A4,test,0,1,cosine,1,0
p1584,pm024,A4,test,0,1,LegalBERT-NLI,1,0
p1584,pm024,A4,test,0,1,COLIEE-retrieval,1,0
p1584,pm024,A4,test,0,1,RAG-only,1,0
p1584,pm024,A4,test,0,1,ALERT-flat,1,0
p1584,pm024,A4,test,0,1,ALERT,1,0
p1585,pm025,A0,train,0,1,cosine,0,0
p1585,pm025,A0,train,0,1,LegalBERT-NLI,1,0
p1585,pm025,A0,train,0,1,COLIEE-retrieval,1,0
p1585,pm025,A0,train,0,1,RAG-only,1,0
p1585,pm025,A0,train,0,1,ALERT-flat,1,0
p1585,pm025,A0,train,0,1,ALERT,1,0
p1586,pm026,A1,test,0,0,cosine,0,0
p1586,pm026,A1,test,0,0,LegalBERT-NLI,1,0
p1586,pm026,A1,test,0,0,COLIEE-retrieval,0,0
p1586,pm026,A1,test,0,0,RAG-only,0,0
p1586,pm026,A1,test,0,0,ALERT-flat,0,0
p1586,pm026,A1,test,0,0,ALERT,0,0
p1587,pm027,A2,test,0,1,cosine,0,0
p1587,pm027,A2,test,0,1,LegalBERT-NLI,0,0
p1587,pm027,A2,test,0,1,COLIEE-retrieval,1,0
p1587,pm027,A2,test,0,1,RAG-only,0,0
p1587,pm027,A2,test,0,1,ALERT-flat,1,0
p1587,pm027,A2,test,0,1,ALERT,1,0
p1588,pm028,A3,test,1,0,cosine,1,1
p1588,pm028,A3,test,1,0,LegalBERT-NLI,0,0
p1588,pm028,A3,test,1,0,COLIEE-retrieval,0,0
p1588,pm028,A3,test,1,0,RAG-only,0,0
p1588,pm028,A3,test,1,0,ALERT-flat,1,1
p1588,pm028,A3,test,1,0,ALERT,0,0
p1589,pm029,A4,test,0,0,cosine,0,0
p1589,pm029,A4,test,0,0,LegalBERT-NLI,0,0
p1589,pm029,A4,test,0,0,COLIEE-retrieval,0,0
p1589,pm029,A4,test,0,0,RAG-only,1,0
p1589,pm029,A4,test,0,0,ALERT-flat,0,0
p1589,pm029,A4,test,0,0,ALERT,1,0
p1590,pm030,A0,train,0,0,cosine,0,0
p1590,pm030,A0,train,0,0,LegalBERT-NLI,0,0
p1590,pm030,A0,train,0,0,COLIEE-retrieval,1,0
p1590,pm030,A0,train,0,0,RAG-only,1,0
p1590,pm030,A0,train,0,0,ALERT-flat,0,0
p1590,pm030,A0,train,0,0,ALERT,0,0
p1591,pm031,A1,test,0,0,cosine,1,0
p1591,pm031,A1,test,0,0,LegalBERT-NLI,0,0
p1591,pm031,A1,test,0,0,COLIEE-retrieval,0,0
p1591,pm031,A1,test,0,0,RAG-only,0,0
p1591,pm031,A1,test,0,0,ALERT-flat,0,0
p1591,pm031,A1,test,0,0,ALERT,0,0
p1592,pm032,A2,test,0,1,cosine,1,0
p1592,pm032,A2,test,0,1,LegalBERT-NLI,1,0
p1592,pm032,A2,test,0,1,COLIEE-retrieval,1,0
p1592,pm032,A2,test,0,1,RAG-only,1,0
p1592,pm032,A2,test,0,1,ALERT-flat,1,0
p1592,pm032,A2,test,0,1,ALERT,1,0
p1593,pm033,A3,test,0,1,cosine,1,0
p1593,pm033,A3,test,0,1,LegalBERT-NLI,0,0
p1593,pm033,A3,test,0,1,COLIEE-retrieval,1,0
p1593,pm033,A3,test,0,1,RAG-only,1,0
p1593,pm033,A3,test,0,1,ALERT-flat,1,0
p1593,pm033,A3,test,0,1,ALERT,1,0
p1594,pm034,A4,test,1,0,cosine,1,1
p1594,pm034,A4,test,1,0,LegalBERT-NLI,1,1
p1594,pm034,A4,test,1,0,COLIEE-retrieval,0,0
p1594,pm034,A4,test,1,0,RAG-only,0,0
p1594,pm034,A4,test,1,0,ALERT-flat,0,0
p1594,pm034,A4,test,1,0,ALERT,1,1
p1595,pm035,A0,train,0,1,cosine,0,0
p1595,pm035,A0,train,0,1,LegalBERT-NLI,1,0
p1595,pm035,A0,train,0,1,COLIEE-retrieval,1,0
p1595,pm035,A0,train,0,1,RAG-only,1,0
p1595,pm035,A0,train,0,1,ALERT-flat,1,0
p1595,pm035,A0,train,0,1,ALERT,1,0
p1596,pm036,A1,test,0,0,cosine,1,0
p1596,pm036,A1,test,0,0,LegalBERT-NLI,0,0
p1596,pm036,A1,test,0,0,COLIEE-retrieval,0,0
p1596,pm036,A1,test,0,0,RAG-only,1,0
p1596,pm036,A1,test,0,0,ALERT-flat,1,0
p1596,pm036,A1,test,0,0,ALERT,0,0
p1597,pm037,A2,test,0,0,cosine,0,0
p1597,pm037,A2,test,0,0,LegalBERT-NLI,0,0
p1597,pm037,A2,test,0,0,COLIEE-retrieval,0,0
p1597,pm037,A2,test,0,0,RAG-only,0,0
p1597,pm037,A2,test,0,0,ALERT-flat,0,0
p1597,pm037,A2,test,0,0,ALERT,0,0
p1598,pm038,A3,test,0,0,cosine,0,0
p1598,pm038,A3,test,0,0,LegalBERT-NLI,0,0
p1598,pm038,A3,test,0,0,COLIEE-retrieval,0,0
p1598,pm038,A3,test,0,0,RAG-only,0,0
p1598,pm038,A3,test,0,0,ALERT-flat,0,0
p1598,pm038,A3,test,0,0,ALERT,0,0
p1599,pm039,A4,test,0,0,cosine,0,0
p1599,pm039,A4,test,0,0,LegalBERT-NLI,0,0
p1599,pm039,A4,test,0,0,COLIEE-retrieval,0,0
p1599,pm039,A4,test,0,0,RAG-only,0,0
p1599,pm039,A4,test,0,0,ALERT-flat,1,0
p1599,pm039,A4,test,0,0,ALERT,0,0
p1600,pm040,A0,train,0,1,cosine,1,0
p1600,pm040,A0,train,0,1,LegalBERT-NLI,1,0
p1600,pm040,A0,train,0,1,COLIEE-retrieval,1,0
p1600,pm040,A0,train,0,1,RAG-only,1,0
p1600,pm040,A0,train,0,1,ALERT-flat,1,0
p1600,pm040,A0,train,0,1,ALERT,1,0
p1601,pm041,A1,test,0,0,cosine,0,0
p1601,pm041,A1,test,0,0,LegalBERT-NLI,0,0
p1601,pm041,A1,test,0,0,COLIEE-retrieval,0,0
p1601,pm041,A1,test,0,0,RAG-only,0,0
p1601,pm041,A1,test,0,0,ALERT-flat,0,0
p1601,pm041,A1,test,0,0,ALERT,0,0
p1602,pm042,A2,test,0,0,cosine,0,0
p1602,pm042,A2,test,0,0,LegalBERT-NLI,0,0
p1602,pm042,A2,test,0,0,COLIEE-retrieval,0,0
p1602,pm042,A2,test,0,0,RAG-only,0,0
p1602,pm042,A2,test,0,0,ALERT-flat,0,0
p1602,pm042,A2,test,0,0,ALERT,0,0
p1603,pm043,A3,test,0,1,cosine,1,0
p1603,pm043,A3,test,0,1,LegalBERT-NLI,1,0
p1603,pm043,A3,test,0,1,COLIEE-retrieval,1,0
p1603,pm043,A3,test,0,1,RAG-only,1,0
p1603,pm043,A3,test,0,1,ALERT-flat,0,0
p1603,pm043,A3,test,0,1,ALERT,1,0
p1604,pm044,A4,test,1,0,cosine,0,0
p1604,pm044,A4,test,1,0,LegalBERT-NLI,0,0
p1604,pm044,A4,test,1,0,COLIEE-retrieval,0,0
p1604,pm044,A4,test,1,0,RAG-only,0,0
p1604,pm044,A4,test,1,0,ALERT-flat,0,0
p1604,pm044,A4,test,1,0,ALERT,0,0
p1605,pm045,A0,train,0,0,cosine,1,0
p1605,pm045,A0,train,0,0,LegalBERT-NLI,1,0
p1605,pm045,A0,train,0,0,COLIEE-retrieval,1,0
p1605,pm045,A0,train,0,0,RAG-only,0,0
p1605,pm045,A0,train,0,0,ALERT-flat,1,0
p1605,pm045,A0,train,0,0,ALERT,1,0
p1606,pm046,A1,test,0,1,cosine,1,0
p1606,pm046,A1,test,0,1,LegalBERT-NLI,1,0
p1606,pm046,A1,test,0,1,COLIEE-retrieval,1,0
p1606,pm046,A1,test,0,1,RAG-only,1,0
p1606,pm046,A1,test,0,1,ALERT-flat,0,0
p1606,pm046,A1,test,0,1,ALERT,1,0
p1607,pm047,A2,test,0,1,cosine,1,0
p1607,pm047,A2,test,0,1,LegalBERT-NLI,1,0
p1607,pm047,A2,test,0,1,COLIEE-retrieval,1,0
p1607,pm047,A2,test,0,1,RAG-only,1,0
p1607,pm047,A2,test,0,1,ALERT-flat,1,0
p1607,pm047,A2,test,0,1,ALERT,1,0
p1608,pm048,A3,test,0,0,cosine,0,0
p1608,pm048,A3,test,0,0,LegalBERT-NLI,0,0
p1608,pm048,A3,test,0,0,COLIEE-retrieval,0,0
p1608,pm048,A3,test,0,0,RAG-only,0,0
p1608,pm048,A3,test,0,0,ALERT-flat,1,0
p1608,pm048,A3,test,0,0,ALERT,1,0
p1609,pm049,A4,test,1,0,cosine,0,0
p1609,pm049,A4,test,1,0,LegalBERT-NLI,0,0
p1609,pm049,A4,test,1,0,COLIEE-retrieval,0,0
p1609,pm049,A4,test,1,0,RAG-only,1,1
p1609,pm049,A4,test,1,0,ALERT-flat,0,0
p1609,pm049,A4,test,1,0,ALERT,0,0
p1610,pm050,A0,train,0,0,cosine,0,0
p1610,pm050,A0,train,0,0,LegalBERT-NLI,0,0
p1610,pm050,A0,train,0,0,COLIEE-retrieval,0,0
p1610,pm050,A0,train,0,0,RAG-only,0,0
p1610,pm050,A0,train,0,0,ALERT-flat,0,0
p1610,pm050,A0,train,0,0,ALERT,0,0
p1611,pm051,A1,test,1,0,cosine,1,1
p1611,pm051,A1,test,1,0,LegalBERT-NLI,0,0
p1611,pm051,A1,test,1,0,COLIEE-retrieval,0,0
p1611,pm051,A1,test,1,0,RAG-only,0,0
p1611,pm051,A1,test,1,0,ALERT-flat,1,1
p1611,pm051,A1,test,1,0,ALERT,0,0
p1612,pm052,A2,test,0,1,cosine,1,0
p1612,pm052,A2,test,0,1,LegalBERT-NLI,1,0
p1612,pm052,A2,test,0,1,COLIEE-retrieval,0,0
p1612,pm052,A2,test,0,1,RAG-only,1,0
p1612,pm052,A2,test,0,1,ALERT-flat,1,0
p1612,pm052,A2,test,0,1,ALERT,1,0
p1613,pm053,A3,test,1,0,cosine,0,0
p1613,pm053,A3,test,1,0,LegalBERT-NLI,0,0
p1613,pm053,A3,test,1,0,COLIEE-retrieval,1,1
p1613,pm053,A3,test,1,0,RAG-only,0,0
p1613,pm053,A3,test,1,0,ALERT-flat,0,0
p1613,pm053,A3,test,1,0,ALERT,0,0
p1614,pm054,A4,test,0,0,cosine,0,0
p1614,pm054,A4,test,0,0,LegalBERT-NLI,1,0
p1614,pm054,A4,test,0,0,COLIEE-retrieval,0,0
p1614,pm054,A4,test,0,0,RAG-only,0,0
p1614,pm054,A4,test,0,0,ALERT-flat,0,0
p1614,pm054,A4,test,0,0,ALERT,0,0
p1615,pm055,A0,train,0,1,cosine,1,0
p1615,pm055,A0,train,0,1,LegalBERT-NLI,1,0
p1615,pm055,A0,train,0,1,COLIEE-retrieval,0,0
p1615,pm055,A0,train,0,1,RAG-only,0,0
p1615,pm055,A0,train,0,1,ALERT-flat,0,0
p1615,pm055,A0,train,0,1,ALERT,1,0
p1616,pm056,A1,test,0,0,cosine,1,0
p1616,pm056,A1,test,0,0,LegalBERT-NLI,1,0
p1616,pm056,A1,test,0,0,COLIEE-retrieval,0,0
p1616,pm056,A1,test,0,0,RAG-only,0,0
p1616,pm056,A1,test,0,0,ALERT-flat,0,0
p1616,pm056,A1,test,0,0,ALERT,0,0
p1617,pm057,A2,test,0,1,cosine,1,0
p1617,pm057,A2,test,0,1,LegalBERT-NLI,1,0
p1617,pm057,A2,test,0,1,COLIEE-retrieval,1,0
p1617,pm057,A2,test,0,1,RAG-only,1,0
p1617,pm057,A2,test,0,1,ALERT-flat,1,0
p1617,pm057,A2,test,0,1,ALERT,1,0
p1618,pm058,A3,test,0,1,cosine,1,0
p1618,pm058,A3,test,0,1,LegalBERT-NLI,1,0
p1618,pm058,A3,test,0,1,COLIEE-retrieval,1,0
p1618,pm058,A3,test,0,1,RAG-only,1,0
p1618,pm058,A3,test,0,1,ALERT-flat,1,0
p1618,pm058,A3,test,0,1,ALERT,1,0
p1619,pm059,A4,test,0,0,cosine,0,0
p1619,pm059,A4,test,0,0,LegalBERT-NLI,0,0
p1619,pm059,A4,test,0,0,COLIEE-retrieval,0,0
p1619,pm059,A4,test,0,0,RAG-only,0,0
p1619,pm059,A4,test,0,0,ALERT-flat,0,0
p1619,pm059,A4,test,0,0,ALERT,0,0
p1620,pm060,A0,train,1,0,cosine,0,0
p1620,pm060,A0,train,1,0,LegalBERT-NLI,0,0
p1620,pm060,A0,train,1,0,COLIEE-retrieval,0,0
p1620,pm060,A0,train,1,0,RAG-only,0,0
p1620,pm060,A0,train,1,0,ALERT-flat,0,0
p1620,pm060,A0,train,1,0,ALERT,0,0
p1621,pm061,A1,test,0,1,cosine,1,0
p1621,pm061,A1,test,0,1,LegalBERT-NLI,0,0
p1621,pm061,A1,test,0,1,COLIEE-retrieval,0,0
p1621,pm061,A1,test,0,1,RAG-only,0,0
p1621,pm061,A1,test,0,1,ALERT-flat,1,0
p1621,pm061,A1,test,0,1,ALERT,0,0
p1622,pm062,A2,test,0,1,cosine,1,0
p1622,pm062,A2,test,0,1,LegalBERT-NLI,1,0
p1622,pm062,A2,test,0,1,COLIEE-retrieval,1,0
p1622,pm062,A2,test,0,1,RAG-only,1,0
p1622,pm062,A2,test,0,1,ALERT-flat,1,0
p1622,pm062,A2,test,0,1,ALERT,1,0
p1623,pm063,A3,test,0,1,cosine,0,0
p1623,pm063,A3,test,0,1,LegalBERT-NLI,1,0
p1623,pm063,A3,test,0,1,COLIEE-retrieval,1,0
p1623,pm063,A3,test,0,1,RAG-only,0,0
p1623,pm063,A3,test,0,1,ALERT-flat,0,0
p1623,pm063,A3,test,0,1,ALERT,1,0
p1624,pm064,A4,test,0,1,cosine,1,0
p1624,pm064,A4,test,0,1,LegalBERT-NLI,1,0
p1624,pm064,A4,test,0,1,COLIEE-retrieval,0,0
p1624,pm064,A4,test,0,1,RAG-only,0,0
p1624,pm064,A4,test,0,1,ALERT-flat,0,0
p1624,pm064,A4,test,0,1,ALERT,1,0
p1625,pm065,A0,train,1,0,cosine,0,0
p1625,pm065,A0,train,1,0,LegalBERT-NLI,0,0
p1625,pm065,A0,train,1,0,COLIEE-retrieval,0,0
p1625,pm065,A0,train,1,0,RAG-only,0,0
p1625,pm065,A0,train,1,0,ALERT-flat,1,1
p1625,pm065,A0,train,1,0,ALERT,0,0
p1626,pm066,A1,test,0,0,cosine,0,0
p1626,pm066,A1,test,0,0,LegalBERT-NLI,0,0
p1626,pm066,A1,test,0,0,COLIEE-retrieval,0,0
p1626,pm066,A1,test,0,0,RAG-only,0,0
p1626,pm066,A1,test,0,0,ALERT-flat,1,0
p1626,pm066,A1,test,0,0,ALERT,0,0
p1627,pm067,A2,test,0,1,cosine,1,0
p1627,pm067,A2,test,0,1,LegalBERT-NLI,1,0
p1627,pm067,A2,test,0,1,COLIEE-retrieval,1,0
p1627,pm067,A2,test,0,1,RAG-only,1,0
p1627,pm067,A2,test,0,1,ALERT-flat,1,0
p1627,pm067,A2,test,0,1,ALERT,1,0
p1628,pm068,A3,test,1,0,cosine,0,0
p1628,pm068,A3,test,1,0,LegalBERT-NLI,0,0
p1628,pm068,A3,test,1,0,COLIEE-retrieval,0,0
p1628,pm068,A3,test,1,0,RAG-only,1,1
p1628,pm068,A3,test,1,0,ALERT-flat,0,0
p1628,pm068,A3,test,1,0,ALERT,0,0
p1629,pm069,A4,test,0,1,cosine,0,0
p1629,pm069,A4,test,0,1,LegalBERT-NLI,1,0
p1629,pm069,A4,test,0,1,COLIEE-retrieval,1,0
p1629,pm069,A4,test,0,1,RAG-only,1,0
p1629,pm069,A4,test,0,1,ALERT-flat,0,0
p1629,pm069,A4,test,0,1,ALERT,0,0
p1630,pm070,A0,train,0,1,cosine,1,0
p1630,pm070,A0,train,0,1,LegalBERT-NLI,1,0
p1630,pm070,A0,train,0,1,COLIEE-retrieval,1,0
p1630,pm070,A0,train,0,1,RAG-only,1,0
p1630,pm070,A0,train,0,1,ALERT-flat,1,0
p1630,pm070,A0,train,0,1,ALERT,1,0
p1631,pm071,A1,test,1,0,cosine,0,0
p1631,pm071,A1,test,1,0,LegalBERT-NLI,0,0
p1631,pm071,A1,test,1,0,COLIEE-retrieval,1,1
p1631,pm071,A1,test,1,0,RAG-only,0,0
p1631,pm071,A1,test,1,0,ALERT-flat,1,1
p1631,pm071,A1,test,1,0,ALERT,0,0
p1632,pm072,A2,test,0,0,cosine,0,0
p1632,pm072,A2,test,0,0,LegalBERT-NLI,0,0
p1632,pm072,A2,test,0,0,COLIEE-retrieval,0,0
p1632,pm072,A2,test,0,0,RAG-only,0,0
p1632,pm072,A2,test,0,0,ALERT-flat,0,0
p1632,pm072,A2,test,0,0,ALERT,0,0
p1633,pm073,A3,test,0,0,cosine,0,0
p1633,pm073,A3,test,0,0,LegalBERT-NLI,1,0
p1633,pm073,A3,test,0,0,COLIEE-retrieval,0,0
p1633,pm073,A3,test,0,0,RAG-only,0,0
p1633,pm073,A3,test,0,0,ALERT-flat,0,0
p1633,pm073,A3,test,0,0,ALERT,0,0
p1634,pm074,A4,test,0,1,cosine,1,0
p1634,pm074,A4,test,0,1,LegalBERT-NLI,1,0
p1634,pm074,A4,test,0,1,COLIEE-retrieval,1,0
p1634,pm074,A4,test,0,1,RAG-only,1,0
p1634,pm074,A4,test,0,1,ALERT-flat,1,0
p1634,pm074,A4,test,0,1,ALERT,1,0
p1635,pm075,A0,train,0,0,cosine,0,0
p1635,pm075,A0,train,0,0,LegalBERT-NLI,0,0
p1635,pm075,A0,train,0,0,COLIEE-retrieval,0,0
p1635,pm075,A0,train,0,0,RAG-only,0,0
p1635,pm075,A0,train,0,0,ALERT-flat,0,0
p1635,pm075,A0,train,0,0,ALERT,0,0
p1636,pm076,A1,test,0,0,cosine,0,0
p1636,pm076,A1,test,0,0,LegalBERT-NLI,1,0
p1636,pm076,A1,test,0,0,COLIEE-retrieval,0,0
p1636,pm076,A1,test,0,0,RAG-only,0,0
p1636,pm076,A1,test,0,0,ALERT-flat,0,0
p1636,pm076,A1,test,0,0,ALERT,0,0
p1637,pm077,A2,test,0,0,cosine,0,0
p1637,pm077,A2,test,0,0,LegalBERT-NLI,0,0
p1637,pm077,A2,test,0,0,COLIEE-retrieval,0,0
p1637,pm077,A2,test,0,0,RAG-only,0,0
p1637,pm077,A2,test,0,0,ALERT-flat,0,0
p1637,pm077,A2,test,0,0,ALERT,0,0
p1638,pm078,A3,test,0,0,cosine,0,0
p1638,pm078,A3,test,0,0,LegalBERT-NLI,0,0
p1638,pm078,A3,test,0,0,COLIEE-retrieval,0,0
p1638,pm078,A3,test,0,0,RAG-only,0,0
p1638,pm078,A3,test,0,0,ALERT-flat,0,0
p1638,pm078,A3,test,0,0,ALERT,1,0
p1639,pm079,A4,test,0,0,cosine,0,0
p1639,pm079,A4,test,0,0,LegalBERT-NLI,0,0
p1639,pm079,A4,test,0,0,COLIEE-retrieval,0,0
p1639,pm079,A4,test,0,0,RAG-only,0,0
p1639,pm079,A4,test,0,0,ALERT-flat,0,0
p1639,pm079,A4,test,0,0,ALERT,0,0
p1640,pm080,A0,train,0,0,cosine,0,0
p1640,pm080,A0,train,0,0,LegalBERT-NLI,0,0
p1640,pm080,A0,train,0,0,COLIEE-retrieval,0,0
p1640,pm080,A0,train,0,0,RAG-only,0,0
p1640,pm080,A0,train,0,0,ALERT-flat,0,0
p1640,pm080,A0,train,0,0,ALERT,0,0
p1641,pm081,A1,test,0,1,cosine,1,0
p1641,pm081,A1,test,0,1,LegalBERT-NLI,1,0
p1641,pm081,A1,test,0,1,COLIEE-retrieval,1,0
p1641,pm081,A1,test,0,1,RAG-only,1,0
p1641,pm081,A1,test,0,1,ALERT-flat,1,0
p1641,pm081,A1,test,0,1,ALERT,1,0
p1642,pm082,A2,test,0,1,cosine,1,0
p1642,pm082,A2,test,0,1,LegalBERT-NLI,1,0
p1642,pm082,A2,test,0,1,COLIEE-retrieval,1,0
p1642,pm082,A2,test,0,1,RAG-only,0,0
p1642,pm082,A2,test,0,1,ALERT-flat,1,0
p1642,pm082,A2,test,0,1,ALERT,1,0
p1643,pm083,A3,test,0,0,cosine,0,0
p1643,pm083,A3,test,0,0,LegalBERT-NLI,1,0
p1643,pm083,A3,test,0,0,COLIEE-retrieval,0,0
p1643,pm083,A3,test,0,0,RAG-only,0,0
p1643,pm083,A3,test,0,0,ALERT-flat,0,0
p1643,pm083,A3,test,0,0,ALERT,1,0
p1644,pm084,A4,test,0,0,cosine,0,0
p1644,pm084,A4,test,0,0,LegalBERT-NLI,0,0
p1644,pm084,A4,test,0,0,COLIEE-retrieval,1,0
p1644,pm084,A4,test,0,0,RAG-only,0,0
p1644,pm084,A4,test,0,0,ALERT-flat,0,0
p1644,pm084,A4,test,0,0,ALERT,0,0
p1645,pm085,A0,train,0,0,cosine,0,0
p1645,pm085,A0,train,0,0,LegalBERT-NLI,0,0
p1645,pm085,A0,train,0,0,COLIEE-retrieval,0,0
p1645,pm085,A0,train,0,0,RAG-only,0,0
p1645,pm085,A0,train,0,0,ALERT-flat,0,0
p1645,pm085,A0,train,0,0,ALERT,0,0
p1646,pm086,A1,test,0,0,cosine,0,0
p1646,pm086,A1,test,0,0,LegalBERT-NLI,1,0
p1646,pm086,A1,test,0,0,COLIEE-retrieval,0,0
p1646,pm086,A1,test,0,0,RAG-only,0,0
p1646,pm086,A1,test,0,0,ALERT-flat,0,0
p1646,pm086,A1,test,0,0,ALERT,0,0
p1647,pm087,A2,test,0,1,cosine,0,0
p1647,pm087,A2,test,0,1,LegalBERT-NLI,0,0
p1647,pm087,A2,test,0,1,COLIEE-retrieval,0,0
p1647,pm087,A2,test,0,1,RAG-only,1,0
p1647,pm087,A2,test,0,1,ALERT-flat,1,0
p1647,pm087,A2,test,0,1,ALERT,1,0
p1648,pm088,A3,test,0,0,cosine,1,0
p1648,pm088,A3,test,0,0,LegalBERT-NLI,0,0
p1648,pm088,A3,test,0,0,COLIEE-retrieval,0,0
p1648,pm088,A3,test,0,0,RAG-only,0,0
p1648,pm088,A3,test,0,0,ALERT-flat,0,0
p1648,pm088,A3,test,0,0,ALERT,0,0
p1649,pm089,A4,test,0,1,cosine,0,0
p1649,pm089,A4,test,0,1,LegalBERT-NLI,1,0
p1649,pm089,A4,test,0,1,COLIEE-retrieval,1,0
p1649,pm089,A4,test,0,1,RAG-only,1,0
p1649,pm089,A4,test,0,1,ALERT-flat,1,0
p1649,pm089,A4,test,0,1,ALERT,1,0
p1650,pm090,A0,train,0,0,cosine,0,0
p1650,pm090,A0,train,0,0,LegalBERT-NLI,0,0
p1650,pm090,A0,train,0,0,COLIEE-retrieval,0,0
p1650,pm090,A0,train,0,0,RAG-only,1,0
p1650,pm090,A0,train,0,0,ALERT-flat,1,0
p1650,pm090,A0,train,0,0,ALERT,0,0
p1651,pm091,A1,test,0,0,cosine,1,0
p1651,pm091,A1,test,0,0,LegalBERT-NLI,0,0
p1651,pm091,A1,test,0,0,COLIEE-retrieval,1,0
p1651,pm091,A1,test,0,0,RAG-only,0,0
p1651,pm091,A1,test,0,0,ALERT-flat,1,0
p1651,pm091,A1,test,0,0,ALERT,0,0
p1652,pm092,A2,test,0,0,cosine,1,0
p1652,pm092,A2,test,0,0,LegalBERT-NLI,0,0
p1652,pm092,A2,test,0,0,COLIEE-retrieval,0,0
p1652,pm092,A2,test,0,0,RAG-only,0,0
p1652,pm092,A2,test,0,0,ALERT-flat,0,0
p1652,pm092,A2,test,0,0,ALERT,0,0
p1653,pm093,A3,test,0,0,cosine,0,0
p1653,pm093,A3,test,0,0,LegalBERT-NLI,0,0
p1653,pm093,A3,test,0,0,COLIEE-retrieval,0,0
p1653,pm093,A3,test,0,0,RAG-only,0,0
p1653,pm093,A3,test,0,0,ALERT-flat,0,0
p1653,pm093,A3,test,0,0,ALERT,0,0
p1654,pm094,A4,test,0,1,cosine,1,0
p1654,pm094,A4,test,0,1,LegalBERT-NLI,1,0
p1654,pm094,A4,test,0,1,COLIEE-retrieval,1,0
p1654,pm094,A4,test,0,1,RAG-only,1,0
p1654,pm094,A4,test,0,1,ALERT-flat,1,0
p1654,pm094,A4,test,0,1,ALERT,1,0
p1655,pm095,A0,train,0,0,cosine,0,0
p1655,pm095,A0,train,0,0,LegalBERT-NLI,0,0
p1655,pm095,A0,train,0,0,COLIEE-retrieval,0,0
p1655,pm095,A0,train,0,0,RAG-only,0,0
p1655,pm095,A0,train,0,0,ALERT-flat,0,0
p1655,pm095,A0,train,0,0,ALERT,0,0
p1656,pm096,A1,test,0,0,cosine,0,0
p1656,pm096,A1,test,0,0,LegalBERT-NLI,0,0
p1656,pm096,A1,test,0,0,COLIEE-retrieval,0,0
p1656,pm096,A1,test,0,0,RAG-only,0,0
p1656,pm096,A1,test,0,0,ALERT-flat,0,0
p1656,pm096,A1,test,0,0,ALERT,1,0
p1657,pm097,A2,test,0,0,cosine,0,0
p1657,pm097,A2,test,0,0,LegalBERT-NLI,0,0
p1657,pm097,A2,test,0,0,COLIEE-retrieval,0,0
p1657,pm097,A2,test,0,0,RAG-only,0,0
p1657,pm097,A2,test,0,0,ALERT-flat,0,0
p1657,pm097,A2,test,0,0,ALERT,0,0
p1658,pm098,A3,test,1,0,cosine,0,0
p1658,pm098,A3,test,1,0,LegalBERT-NLI,0,0
p1658,pm098,A3,test,1,0,COLIEE-retrieval,0,0
p1658,pm098,A3,test,1,0,RAG-only,0,0
p1658,pm098,A3,test,1,0,ALERT-flat,0,0
p1658,pm098,A3,test,1,0,ALERT,0,0
p1659,pm099,A4,test,0,0,cosine,0,0
p1659,pm099,A4,test,0,0,LegalBERT-NLI,1,0
p1659,pm099,A4,test,0,0,COLIEE-retrieval,0,0
p1659,pm099,A4,test,0,0,RAG-only,0,0
p1659,pm099,A4,test,0,0,ALERT-flat,0,0
p1659,pm099,A4,test,0,0,ALERT,0,0
p1660,pm100,A0,train,0,0,cosine,0,0
p1660,pm100,A0,train,0,0,LegalBERT-NLI,0,0
p1660,pm100,A0,train,0,0,COLIEE-retrieval,0,0
p1660,pm100,A0,train,0,0,RAG-only,0,0
p1660,pm100,A0,train,0,0,ALERT-flat,1,0
p1660,pm100,A0,train,0,0,ALERT,1,0
p1661,pm101,A1,test,1,0,cosine,0,0
p1661,pm101,A1,test,1,0,LegalBERT-NLI,0,0
p1661,pm101,A1,test,1,0,COLIEE-retrieval,0,0
p1661,pm101,A1,test,1,0,RAG-only,0,0
p1661,pm101,A1,test,1,0,ALERT-flat,0,0
p1661,pm101,A1,test,1,0,ALERT,0,0
p1662,pm102,A2,test,0,0,cosine,0,0
p1662,pm102,A2,test,0,0,LegalBERT-NLI,0,0
p1662,pm102,A2,test,0,0,COLIEE-retrieval,0,0
p1662,pm102,A2,test,0,0,RAG-only,0,0
p1662,pm102,A2,test,0,0,ALERT-flat,0,0
p1662,pm102,A2,test,0,0,ALERT,0,0
p1663,pm103,A3,test,0,0,cosine,0,0
p1663,pm103,A3,test,0,0,LegalBERT-NLI,0,0
p1663,pm103,A3,test,0,0,COLIEE-retrieval,0,0
p1663,pm103,A3,test,0,0,RAG-only,0,0
p1663,pm103,A3,test,0,0,ALERT-flat,0,0
p1663,pm103,A3,test,0,0,ALERT,0,0
p1664,pm104,A4,test,0,1,cosine,1,0
p1664,pm104,A4,test,0,1,LegalBERT-NLI,1,0
p1664,pm104,A4,test,0,1,COLIEE-retrieval,1,0
p1664,pm104,A4,test,0,1,RAG-only,1,0
p1664,pm104,A4,test,0,1,ALERT-flat,1,0
p1664,pm104,A4,test,0,1,ALERT,0,0
p1665,pm105,A0,train,0,0,cosine,0,0
p1665,pm105,A0,train,0,0,LegalBERT-NLI,1,0
p1665,pm105,A0,train,0,0,COLIEE-retrieval,1,0
p1665,pm105,A0,train,0,0,RAG-only,0,0
p1665,pm105,A0,train,0,0,ALERT-flat,0,0
p1665,pm105,A0,train,0,0,ALERT,0,0
p1666,pm106,A1,test,0,1,cosine,1,0
p1666,pm106,A1,test,0,1,LegalBERT-NLI,1,0
p1666,pm106,A1,test,0,1,COLIEE-retrieval,1,0
p1666,pm106,A1,test,0,1,RAG-only,1,0
p1666,pm106,A1,test,0,1,ALERT-flat,1,0
p1666,pm106,A1,test,0,1,ALERT,1,0
p1667,pm107,A2,test,0,1,cosine,1,0
p1667,pm107,A2,test,0,1,LegalBERT-NLI,0,0
p1667,pm107,A2,test,0,1,COLIEE-retrieval,1,0
p1667,pm107,A2,test,0,1,RAG-only,1,0
p1667,pm107,A2,test,0,1,ALERT-flat,1,0
p1667,pm107,A2,test,0,1,ALERT,1,0
p1668,pm108,A3,test,0,0,cosine,0,0
p1668,pm108,A3,test,0,0,LegalBERT-NLI,1,0
p1668,pm108,A3,test,0,0,COLIEE-retrieval,0,0
p1668,pm108,A3,test,0,0,RAG-only,0,0
p1668,pm108,A3,test,0,0,ALERT-flat,0,0
p1668,pm108,A3,test,0,0,ALERT,1,0
p1669,pm109,A4,test,1,0,cosine,0,0
p1669,pm109,A4,test,1,0,LegalBERT-NLI,0,0
p1669,pm109,A4,test,1,0,COLIEE-retrieval,0,0
p1669,pm109,A4,test,1,0,RAG-only,0,0
p1669,pm109,A4,test,1,0,ALERT-flat,1,1
p1669,pm109,A4,test,1,0,ALERT,0,0
p1670,pm110,A0,train,1,0,cosine,0,0
p1670,pm110,A0,train,1,0,LegalBERT-NLI,0,0
p1670,pm110,A0,train,1,0,COLIEE-retrieval,0,0
p1670,pm110,A0,train,1,0,RAG-only,1,1
p1670,pm110,A0,train,1,0,ALERT-flat,0,0
p1670,pm110,A0,train,1,0,ALERT,0,0
p1671,pm111,A1,test,1,0,cosine,1,1
p1671,pm111,A1,test,1,0,LegalBERT-NLI,1,1
p1671,pm111,A1,test,1,0,COLIEE-retrieval,1,1
p1671,pm111,A1,test,1,0,RAG-only,0,0
p1671,pm111,A1,test,1,0,ALERT-flat,0,0
p1671,pm111,A1,test,1,0,ALERT,0,0
p1672,pm112,A2,test,0,0,cosine,0,0
p1672,pm112,A2,test,0,0,LegalBERT-NLI,0,0
p1672,pm112,A2,test,0,0,COLIEE-retrieval,0,0
p1672,pm112,A2,test,0,0,RAG-only,0,0
p1672,pm112,A2,test,0,0,ALERT-flat,0,0
p1672,pm112,A2,test,0,0,ALERT,0,0
p1673,pm113,A3,test,0,1,cosine,0,0
p1673,pm113,A3,test,0,1,LegalBERT-NLI,1,0
p1673,pm113,A3,test,0,1,COLIEE-retrieval,1,0
p1673,pm113,A3,test,0,1,RAG-only,0,0
p1673,pm113,A3,test,0,1,ALERT-flat,1,0
p1673,pm113,A3,test,0,1,ALERT,0,0
p1674,pm114,A4,test,0,1,cosine,1,0
p1674,pm114,A4,test,0,1,LegalBERT-NLI,1,0
p1674,pm114,A4,test,0,1,COLIEE-retrieval,1,0
p1674,pm114,A4,test,0,1,RAG-only,1,0
p1674,pm114,A4,test,0,1,ALERT-flat,1,0
p1674,pm114,A4,test,0,1,ALERT,0,0
p1675,pm115,A0,train,1,0,cosine,0,0
p1675,pm115,A0,train,1,0,LegalBERT-NLI,1,1
p1675,pm115,A0,train,1,0,COLIEE-retrieval,0,0
p1675,pm115,A0,train,1,0,RAG-only,0,0
p1675,pm115,A0,train,1,0,ALERT-flat,0,0
p1675,pm115,A0,train,1,0,ALERT,0,0
p1676,pm116,A1,test,1,0,cosine,1,1
p1676,pm116,A1,test,1,0,LegalBERT-NLI,1,1
p1676,pm116,A1,test,1,0,COLIEE-retrieval,0,0
p1676,pm116,A1,test,1,0,RAG-only,1,1
p1676,pm116,A1,test,1,0,ALERT-flat,0,0
p1676,pm116,A1,test,1,0,ALERT,0,0
p1677,pm117,A2,test,1,0,cosine,1,1
p1677,pm117,A2,test,1,0,LegalBERT-NLI,0,0
p1677,pm117,A2,test,1,0,COLIEE-retrieval,0,0
p1677,pm117,A2,test,1,0,RAG-only,0,0
p1677,pm117,A2,test,1,0,ALERT-flat,0,0
p1677,pm117,A2,test,1,0,ALERT,0,0
p1678,pm118,A3,test,0,1,cosine,0,0
p1678,pm118,A3,test,0,1,LegalBERT-NLI,1,0
p1678,pm118,A3,test,0,1,COLIEE-retrieval,1,0
p1678,pm118,A3,test,0,1,RAG-only,0,0
p1678,pm118,A3,test,0,1,ALERT-flat,1,0
p1678,pm118,A3,test,0,1,ALERT,1,0
p1679,pm119,A4,test,0,0,cosine,0,0
p1679,pm119,A4,test,0,0,LegalBERT-NLI,0,0
p1679,pm119,A4,test,0,0,COLIEE-retrieval,0,0
p1679,pm119,A4,test,0,0,RAG-only,0,0
p1679,pm119,A4,test,0,0,ALERT-flat,0,0
p1679,pm119,A4,test,0,0,ALERT,0,0
p1680,pm120,A0,train,0,0,cosine,0,0
p1680,pm120,A0,train,0,0,LegalBERT-NLI,0,0
p1680,pm120,A0,train,0,0,COLIEE-retrieval,0,0
p1680,pm120,A0,train,0,0,RAG-only,0,0
p1680,pm120,A0,train,0,0,ALERT-flat,0,0
p1680,pm120,A0,train,0,0,ALERT,0,0
p1681,pm121,A1,test,0,0,cosine,0,0
p1681,pm121,A1,test,0,0,LegalBERT-NLI,0,0
p1681,pm121,A1,test,0,0,COLIEE-retrieval,1,0
p1681,pm121,A1,test,0,0,RAG-only,0,0
p1681,pm121,A1,test,0,0,ALERT-flat,0,0
p1681,pm121,A1,test,0,0,ALERT,0,0
p1682,pm122,A2,test,1,0,cosine,0,0
p1682,pm122,A2,test,1,0,LegalBERT-NLI,0,0
p1682,pm122,A2,test,1,0,COLIEE-retrieval,0,0
p1682,pm122,A2,test,1,0,RAG-only,0,0
p1682,pm122,A2,test,1,0,ALERT-flat,1,1
p1682,pm122,A2,test,1,0,ALERT,0,0
p1683,pm123,A3,test,0,0,cosine,1,0
p1683,pm123,A3,test,0,0,LegalBERT-NLI,0,0
p1683,pm123,A3,test,0,0,COLIEE-retrieval,0,0
p1683,pm123,A3,test,0,0,RAG-only,0,0
p1683,pm123,A3,test,0,0,ALERT-flat,0,0
p1683,pm123,A3,test,0,0,ALERT,0,0
p1684,pm124,A4,test,0,0,cosine,0,0
p1684,pm124,A4,test,0,0,LegalBERT-NLI,0,0
p1684,pm124,A4,test,0,0,COLIEE-retrieval,1,0
p1684,pm124,A4,test,0,0,RAG-only,1,0
p1684,pm124,A4,test,0,0,ALERT-flat,1,0
p1684,pm124,A4,test,0,0,ALERT,0,0
p1685,pm125,A0,train,0,1,cosine,1,0
p1685,pm125,A0,train,0,1,LegalBERT-NLI,0,0
p1685,pm125,A0,train,0,1,COLIEE-retrieval,1,0
p1685,pm125,A0,train,0,1,RAG-only,1,0
p1685,pm125,A0,train,0,1,ALERT-flat,1,0
p1685,pm125,A0,train,0,1,ALERT,1,0
p1686,pm126,A1,test,0,0,cosine,0,0
p1686,pm126,A1,test,0,0,LegalBERT-NLI,0,0
p1686,pm126,A1,test,0,0,COLIEE-retrieval,1,0
p1686,pm126,A1,test,0,0,RAG-only,0,0
p1686,pm126,A1,test,0,0,ALERT-flat,0,0
p1686,pm126,A1,test,0,0,ALERT,0,0
p1687,pm127,A2,test,1,0,cosine,0,0
p1687,pm127,A2,test,1,0,LegalBERT-NLI,0,0
p1687,pm127,A2,test,1,0,COLIEE-retrieval,0,0
p1687,pm127,A2,test,1,0,RAG-only,0,0
p1687,pm127,A2,test,1,0,ALERT-flat,0,0
p1687,pm127,A2,test,1,0,ALERT,0,0
p1688,pm128,A3,test,1,0,cosine,1,1
p1688,pm128,A3,test,1,0,LegalBERT-NLI,0,0
p1688,pm128,A3,test,1,0,COLIEE-retrieval,0,0
p1688,pm128,A3,test,1,0,RAG-only,0,0
p1688,pm128,A3,test,1,0,ALERT-flat,0,0
p1688,pm128,A3,test,1,0,ALERT,0,0
p1689,pm129,A4,test,0,1,cosine,1,0
p1689,pm129,A4,test,0,1,LegalBERT-NLI,0,0
p1689,pm129,A4,test,0,1,COLIEE-retrieval,0,0
p1689,pm129,A4,test,0,1,RAG-only,0,0
p1689,pm129,A4,test,0,1,ALERT-flat,1,0
p1689,pm129,A4,test,0,1,ALERT,1,0
p1690,pm130,A0,train,0,0,cosine,0,0
p1690,pm130,A0,train,0,0,LegalBERT-NLI,0,0
p1690,pm130,A0,train,0,0,COLIEE-retrieval,0,0
p1690,pm130,A0,train,0,0,RAG-only,1,0
p1690,pm130,A0,train,0,0,ALERT-flat,1,0
p1690,pm130,A0,train,0,0,ALERT,0,0
p1691,pm131,A1,test,0,1,cosine,1,0
p1691,pm131,A1,test,0,1,LegalBERT-NLI,0,0
p1691,pm131,A1,test,0,1,COLIEE-retrieval,1,0
p1691,pm131,A1,test,0,1,RAG-only,1,0
p1691,pm131,A1,test,0,1,ALERT-flat,1,0
p1691,pm131,A1,test,0,1,ALERT,0,0
p1692,pm132,A2,test,0,1,cosine,1,0
p1692,pm132,A2,test,0,1,LegalBERT-NLI,1,0
p1692,pm132,A2,test,0,1,COLIEE-retrieval,1,0
p1692,pm132,A2,test,0,1,RAG-only,0,0
p1692,pm132,A2,test,0,1,ALERT-flat,1,0
p1692,pm132,A2,test,0,1,ALERT,0,0
p1693,pm133,A3,test,1,0,cosine,0,0
p1693,pm133,A3,test,1,0,LegalBERT-NLI,0,0
p1693,pm133,A3,test,1,0,COLIEE-retrieval,0,0
p1693,pm133,A3,test,1,0,RAG-only,0,0
p1693,pm133,A3,test,1,0,ALERT-flat,1,1
p1693,pm133,A3,test,1,0,ALERT,0,0
p1694,pm134,A4,test,0,0,cosine,0,0
p1694,pm134,A4,test,0,0,LegalBERT-NLI,0,0
p1694,pm134,A4,test,0,0,COLIEE-retrieval,0,0
p1694,pm134,A4,test,0,0,RAG-only,0,0
p1694,pm134,A4,test,0,0,ALERT-flat,1,0
p1694,pm134,A4,test,0,0,ALERT,0,0
p1695,pm135,A0,train,0,0,cosine,1,0
p1695,pm135,A0,train,0,0,LegalBERT-NLI,0,0
p1695,pm135,A0,train,0,0,COLIEE-retrieval,1,0
p1695,pm135,A0,train,0,0,RAG-only,1,0
p1695,pm135,A0,train,0,0,ALERT-flat,1,0
p1695,pm135,A0,train,0,0,ALERT,0,0
p1696,pm136,A1,test,1,0,cosine,0,0
p1696,pm136,A1,test,1,0,LegalBERT-NLI,0,0
p1696,pm136,A1,test,1,0,COLIEE-retrieval,0,0
p1696,pm136,A1,test,1,0,RAG-only,0,0
p1696,pm136,A1,test,1,0,ALERT-flat,0,0
p1696,pm136,A1,test,1,0,ALERT,0,0
p1697,pm137,A2,test,0,1,cosine,1,0
p1697,pm137,A2,test,0,1,LegalBERT-NLI,1,0
p1697,pm137,A2,test,0,1,COLIEE-retrieval,1,0
p1697,pm137,A2,test,0,1,RAG-only,1,0
p1697,pm137,A2,test,0,1,ALERT-flat,1,0
p1697,pm137,A2,test,0,1,ALERT,1,0
p1698,pm138,A3,test,0,1,cosine,1,0
p1698,pm138,A3,test,0,1,LegalBERT-NLI,0,0
p1698,pm138,A3,test,0,1,COLIEE-retrieval,1,0
p1698,pm138,A3,test,0,1,RAG-only,1,0
p1698,pm138,A3,test,0,1,ALERT-flat,0,0
p1698,pm138,A3,test,0,1,ALERT,1,0
p1699,pm139,A4,test,0,0,cosine,0,0
p1699,pm139,A4,test,0,0,LegalBERT-NLI,0,0
p1699,pm139,A4,test,0,0,COLIEE-retrieval,0,0
p1699,pm139,A4,test,0,0,RAG-only,0,0
p1699,pm139,A4,test,0,0,ALERT-flat,0,0
p1699,pm139,A4,test,0,0,ALERT,1,0
p1700,pm140,A0,train,1,0,cosine,0,0
p1700,pm140,A0,train,1,0,LegalBERT-NLI,0,0
p1700,pm140,A0,train,1,0,COLIEE-retrieval,0,0
p1700,pm140,A0,train,1,0,RAG-only,0,0
p1700,pm140,A0,train,1,0,ALERT-flat,0,0
p1700,pm140,A0,train,1,0,ALERT,0,0
p1701,pm141,A1,test,1,0,cosine,0,0
p1701,pm141,A1,test,1,0,LegalBERT-NLI,1,1
p1701,pm141,A1,test,1,0,COLIEE-retrieval,0,0
p1701,pm141,A1,test,1,0,RAG-only,0,0
p1701,pm141,A1,test,1,0,ALERT-flat,0,0
p1701,pm141,A1,test,1,0,ALERT,0,0
p1702,pm142,A2,test,1,0,cosine,0,0
p1702,pm142,A2,test,1,0,LegalBERT-NLI,0,0
p1702,pm142,A2,test,1,0,COLIEE-retrieval,1,1
p1702,pm142,A2,test,1,0,RAG-only,1,1
p1702,pm142,A2,test,1,0,ALERT-flat,0,0
p1702,pm142,A2,test,1,0,ALERT,0,0
p1703,pm143,A3,test,0,0,cosine,0,0
p1703,pm143,A3,test,0,0,LegalBERT-NLI,0,0
p1703,pm143,A3,test,0,0,COLIEE-retrieval,0,0
p1703,pm143,A3,test,0,0,RAG-only,1,0
p1703,pm143,A3,test,0,0,ALERT-flat,0,0
p1703,pm143,A3,test,0,0,ALERT,1,0
p1704,pm144,A4,test,0,0,cosine,0,0
p1704,pm144,A4,test,0,0,LegalBERT-NLI,0,0
p1704,pm144,A4,test,0,0,COLIEE-retrieval,0,0
p1704,pm144,A4,test,0,0,RAG-only,1,0
p1704,pm144,A4,test,0,0,ALERT-flat,0,0
p1704,pm144,A4,test,0,0,ALERT,0,0
p1705,pm145,A0,train,0,0,cosine,0,0
p1705,pm145,A0,train,0,0,LegalBERT-NLI,0,0
p1705,pm145,A0,train,0,0,COLIEE-retrieval,0,0
p1705,pm145,A0,train,0,0,RAG-only,0,0
p1705,pm145,A0,train,0,0,ALERT-flat,0,0
p1705,pm145,A0,train,0,0,ALERT,0,0
p1706,pm146,A1,test,0,1,cosine,1,0
p1706,pm146,A1,test,0,1,LegalBERT-NLI,1,0
p1706,pm146,A1,test,0,1,COLIEE-retrieval,1,0
p1706,pm146,A1,test,0,1,RAG-only,0,0
p1706,pm146,A1,test,0,1,ALERT-flat,0,0
p1706,pm146,A1,test,0,1,ALERT,1,0
p1707,pm147,A2,test,1,0,cosine,0,0
p1707,pm147,A2,test,1,0,LegalBERT-NLI,0,0
p1707,pm147,A2,test,1,0,COLIEE-retrieval,0,0
p1707,pm147,A2,test,1,0,RAG-only,1,1
p1707,pm147,A2,test,1,0,ALERT-flat,0,0
p1707,pm147,A2,test,1,0,ALERT,0,0
p1708,pm148,A3,test,0,1,cosine,1,0
p1708,pm148,A3,test,0,1,LegalBERT-NLI,1,0
p1708,pm148,A3,test,0,1,COLIEE-retrieval,1,0
p1708,pm148,A3,test,0,1,RAG-only,1,0
p1708,pm148,A3,test,0,1,ALERT-flat,0,0
p1708,pm148,A3,test,0,1,ALERT,1,0
p1709,pm149,A4,test,0,1,cosine,1,0
p1709,pm149,A4,test,0,1,LegalBERT-NLI,1,0
p1709,pm149,A4,test,0,1,COLIEE-retrieval,0,0
p1709,pm149,A4,test,0,1,RAG-only,1,0
p1709,pm149,A4,test,0,1,ALERT-flat,1,0
p1709,pm149,A4,test,0,1,ALERT,1,0
p1710,pm150,A0,train,0,1,cosine,1,0
p1710,pm150,A0,train,0,1,LegalBERT-NLI,1,0
p1710,pm150,A0,train,0,1,COLIEE-retrieval,1,0
p1710,pm150,A0,train,0,1,RAG-only,1,0
p1710,pm150,A0,train,0,1,ALERT-flat,1,0
p1710,pm150,A0,train,0,1,ALERT,1,0
p1711,pm151,A1,test,0,0,cosine,0,0
p1711,pm151,A1,test,0,0,LegalBERT-NLI,0,0
p1711,pm151,A1,test,0,0,COLIEE-retrieval,0,0
p1711,pm151,A1,test,0,0,RAG-only,0,0
p1711,pm151,A1,test,0,0,ALERT-flat,0,0
p1711,pm151,A1,test,0,0,ALERT,0,0
p1712,pm152,A2,test,0,0,cosine,0,0
p1712,pm152,A2,test,0,0,LegalBERT-NLI,0,0
p1712,pm152,A2,test,0,0,COLIEE-retrieval,0,0
p1712,pm152,A2,test,0,0,RAG-only,0,0
p1712,pm152,A2,test,0,0,ALERT-flat,0,0
p1712,pm152,A2,test,0,0,ALERT,0,0
p1713,pm153,A3,test,0,0,cosine,0,0
p1713,pm153,A3,test,0,0,LegalBERT-NLI,0,0
p1713,pm153,A3,test,0,0,COLIEE-retrieval,0,0
p1713,pm153,A3,test,0,0,RAG-only,0,0
p1713,pm153,A3,test,0,0,ALERT-flat,0,0
p1713,pm153,A3,test,0,0,ALERT,0,0
p1714,pm154,A4,test,1,0,cosine,0,0
p1714,pm154,A4,test,1,0,LegalBERT-NLI,1,1
p1714,pm154,A4,test,1,0,COLIEE-retrieval,0,0
p1714,pm154,A4,test,1,0,RAG-only,0,0
p1714,pm154,A4,test,1,0,ALERT-flat,0,0
p1714,pm154,A4,test,1,0,ALERT,0,0
p1715,pm155,A0,train,0,1,cosine,1,0
p1715,pm155,A0,train,0,1,LegalBERT-NLI,1,0
p1715,pm155,A0,train,0,1,COLIEE-retrieval,1,0
p1715,pm155,A0,train,0,1,RAG-only,0,0
p1715,pm155,A0,train,0,1,ALERT-flat,1,0
p1715,pm155,A0,train,0,1,ALERT,1,0
p1716,pm156,A1,test,0,0,cosine,0,0
p1716,pm156,A1,test,0,0,LegalBERT-NLI,0,0
p1716,pm156,A1,test,0,0,COLIEE-retrieval,0,0
p1716,pm156,A1,test,0,0,RAG-only,0,0
p1716,pm156,A1,test,0,0,ALERT-flat,0,0
p1716,pm156,A1,test,0,0,ALERT,0,0
p1717,pm157,A2,test,0,0,cosine,0,0
p1717,pm157,A2,test,0,0,LegalBERT-NLI,0,0
p1717,pm157,A2,test,0,0,COLIEE-retrieval,0,0
p1717,pm157,A2,test,0,0,RAG-only,0,0
p1717,pm157,A2,test,0,0,ALERT-flat,0,0
p1717,pm157,A2,test,0,0,ALERT,0,0
p1718,pm158,A3,test,0,1,cosine,1,0
p1718,pm158,A3,test,0,1,LegalBERT-NLI,1,0
p1718,pm158,A3,test,0,1,COLIEE-retrieval,1,0
p1718,pm158,A3,test,0,1,RAG-only,1,0
p1718,pm158,A3,test,0,1,ALERT-flat,0,0
p1718,pm158,A3,test,0,1,ALERT,1,0
p1719,pm159,A4,test,0,0,cosine,0,0
p1719,pm159,A4,test,0,0,LegalBERT-NLI,0,0
p1719,pm159,A4,test,0,0,COLIEE-retrieval,1,0
p1719,pm159,A4,test,0,0,RAG-only,0,0
p1719,pm159,A4,test,0,0,ALERT-flat,0,0
p1719,pm159,A4,test,0,0,ALERT,0,0
p1720,pm160,A0,train,0,0,cosine,0,0
p1720,pm160,A0,train,0,0,LegalBERT-NLI,0,0
p1720,pm160,A0,train,0,0,COLIEE-retrieval,0,0
p1720,pm160,A0,train,0,0,RAG-only,0,0
p1720,pm160,A0,train,0,0,ALERT-flat,0,0
p1720,pm160,A0,train,0,0,ALERT,0,0
p1721,pm161,A1,test,0,0,cosine,0,0
p1721,pm161,A1,test,0,0,LegalBERT-NLI,1,0
p1721,pm161,A1,test,0,0,COLIEE-retrieval,0,0
p1721,pm161,A1,test,0,0,RAG-only,0,0
p1721,pm161,A1,test,0,0,ALERT-flat,1,0
p1721,pm161,A1,test,0,0,ALERT,1,0
p1722,pm162,A2,test,0,0,cosine,0,0
p1722,pm162,A2,test,0,0,LegalBERT-NLI,1,0
p1722,pm162,A2,test,0,0,COLIEE-retrieval,0,0
p1722,pm162,A2,test,0,0,RAG-only,1,0
p1722,pm162,A2,test,0,0,ALERT-flat,0,0
p1722,pm162,A2,test,0,0,ALERT,0,0
p1723,pm163,A3,test,0,0,cosine,0,0
p1723,pm163,A3,test,0,0,LegalBERT-NLI,1,0
p1723,pm163,A3,test,0,0,COLIEE-retrieval,1,0
p1723,pm163,A3,test,0,0,RAG-only,0,0
p1723,pm163,A3,test,0,0,ALERT-flat,0,0
p1723,pm163,A3,test,0,0,ALERT,1,0
p1724,pm164,A4,test,0,1,cosine,1,0
p1724,pm164,A4,test,0,1,LegalBERT-NLI,0,0
p1724,pm164,A4,test,0,1,COLIEE-retrieval,1,0
p1724,pm164,A4,test,0,1,RAG-only,1,0
p1724,pm164,A4,test,0,1,ALERT-flat,1,0
p1724,pm164,A4,test,0,1,ALERT,1,0
p1725,pm165,A0,train,0,0,cosine,1,0
p1725,pm165,A0,train,0,0,LegalBERT-NLI,0,0
p1725,pm165,A0,train,0,0,COLIEE-retrieval,1,0
p1725,pm165,A0,train,0,0,RAG-only,0,0
p1725,pm165,A0,train,0,0,ALERT-flat,1,0
p1725,pm165,A0,train,0,0,ALERT,0,0
p1726,pm166,A1,test,0,0,cosine,0,0
p1726,pm166,A1,test,0,0,LegalBERT-NLI,0,0
p1726,pm166,A1,test,0,0,COLIEE-retrieval,0,0
p1726,pm166,A1,test,0,0,RAG-only,0,0
p1726,pm166,A1,test,0,0,ALERT-flat,0,0
p1726,pm166,A1,test,0,0,ALERT,0,0
p1727,pm167,A2,test,0,1,cosine,1,0
p1727,pm167,A2,test,0,1,LegalBERT-NLI,1,0
p1727,pm167,A2,test,0,1,COLIEE-retrieval,0,0
p1727,pm167,A2,test,0,1,RAG-only,1,0
p1727,pm167,A2,test,0,1,ALERT-flat,0,0
p1727,pm167,A2,test,0,1,ALERT,1,0
p1728,pm168,A3,test,0,0,cosine,0,0
p1728,pm168,A3,test,0,0,LegalBERT-NLI,0,0
p1728,pm168,A3,test,0,0,COLIEE-retrieval,0,0
p1728,pm168,A3,test,0,0,RAG-only,0,0
p1728,pm168,A3,test,0,0,ALERT-flat,0,0
p1728,pm168,A3,test,0,0,ALERT,0,0
p1729,pm169,A4,test,0,0,cosine,0,0
p1729,pm169,A4,test,0,0,LegalBERT-NLI,0,0
p1729,pm169,A4,test,0,0,COLIEE-retrieval,1,0
p1729,pm169,A4,test,0,0,RAG-only,0,0
p1729,pm169,A4,test,0,0,ALERT-flat,1,0
p1729,pm169,A4,test,0,0,ALERT,0,0
p1730,pm170,A0,train,0,1,cosine,1,0
p1730,pm170,A0,train,0,1,LegalBERT-NLI,1,0
p1730,pm170,A0,train,0,1,COLIEE-retrieval,0,0
p1730,pm170,A0,train,0,1,RAG-only,1,0
p1730,pm170,A0,train,0,1,ALERT-flat,1,0
p1730,pm170,A0,train,0,1,ALERT,1,0
p1731,pm171,A1,test,0,0,cosine,1,0
p1731,pm171,A1,test,0,0,LegalBERT-NLI,1,0
p1731,pm171,A1,test,0,0,COLIEE-retrieval,1,0
p1731,pm171,A1,test,0,0,RAG-only,1,0
p1731,pm171,A1,test,0,0,ALERT-flat,0,0
p1731,pm171,A1,test,0,0,ALERT,0,0
p1732,pm172,A2,test,0,0,cosine,0,0
p1732,pm172,A2,test,0,0,LegalBERT-NLI,1,0
p1732,pm172,A2,test,0,0,COLIEE-retrieval,0,0
p1732,pm172,A2,test,0,0,RAG-only,0,0
p1732,pm172,A2,test,0,0,ALERT-flat,0,0
p1732,pm172,A2,test,0,0,ALERT,0,0
p1733,pm173,A3,test,0,0,cosine,0,0
p1733,pm173,A3,test,0,0,LegalBERT-NLI,1,0
p1733,pm173,A3,test,0,0,COLIEE-retrieval,1,0
p1733,pm173,A3,test,0,0,RAG-only,1,0
p1733,pm173,A3,test,0,0,ALERT-flat,1,0
p1733,pm173,A3,test,0,0,ALERT,0,0
p1734,pm174,A4,test,0,0,cosine,1,0
p1734,pm174,A4,test,0,0,LegalBERT-NLI,0,0
p1734,pm174,A4,test,0,0,COLIEE-retrieval,0,0
p1734,pm174,A4,test,0,0,RAG-only,0,0
p1734,pm174,A4,test,0,0,ALERT-flat,0,0
p1734,pm174,A4,test,0,0,ALERT,0,0
p1735,pm175,A0,train,0,0,cosine,1,0
p1735,pm175,A0,train,0,0,LegalBERT-NLI,1,0
p1735,pm175,A0,train,0,0,COLIEE-retrieval,0,0
p1735,pm175,A0,train,0,0,RAG-only,0,0
p1735,pm175,A0,train,0,0,ALERT-flat,0,0
p1735,pm175,A0,train,0,0,ALERT,0,0
p1736,pm176,A1,test,0,0,cosine,0,0
p1736,pm176,A1,test,0,0,LegalBERT-NLI,1,0
p1736,pm176,A1,test,0,0,COLIEE-retrieval,0,0
p1736,pm176,A1,test,0,0,RAG-only,1,0
p1736,pm176,A1,test,0,0,ALERT-flat,0,0
p1736,pm176,A1,test,0,0,ALERT,0,0
p1737,pm177,A2,test,1,0,cosine,0,0
p1737,pm177,A2,test,1,0,LegalBERT-NLI,0,0
p1737,pm177,A2,test,1,0,COLIEE-retrieval,1,1
p1737,pm177,A2,test,1,0,RAG-only,0,0
p1737,pm177,A2,test,1,0,ALERT-flat,0,0
p1737,pm177,A2,test,1,0,ALERT,0,0
p1738,pm178,A3,test,0,0,cosine,0,0
p1738,pm178,A3,test,0,0,LegalBERT-NLI,0,0
p1738,pm178,A3,test,0,0,COLIEE-retrieval,0,0
p1738,pm178,A3,test,0,0,RAG-only,0,0
p1738,pm178,A3,test,0,0,ALERT-flat,0,0
p1738,pm178,A3,test,0,0,ALERT,1,0
p1739,pm179,A4,test,0,0,cosine,0,0
p1739,pm179,A4,test,0,0,LegalBERT-NLI,0,0
p1739,pm179,A4,test,0,0,COLIEE-retrieval,1,0
p1739,pm179,A4,test,0,0,RAG-only,0,0
p1739,pm179,A4,test,0,0,ALERT-flat,0,0
p1739,pm179,A4,test,0,0,ALERT,0,0
p1740,pm180,A0,train,0,0,cosine,1,0
p1740,pm180,A0,train,0,0,LegalBERT-NLI,0,0
p1740,pm180,A0,train,0,0,COLIEE-retrieval,0,0
p1740,pm180,A0,train,0,0,RAG-only,0,0
p1740,pm180,A0,train,0,0,ALERT-flat,0,0
p1740,pm180,A0,train,0,0,ALERT,0,0
p1741,pm181,A1,test,0,0,cosine,1,0
p1741,pm181,A1,test,0,0,LegalBERT-NLI,0,0
p1741,pm181,A1,test,0,0,COLIEE-retrieval,0,0
p1741,pm181,A1,test,0,0,RAG-only,0,0
p1741,pm181,A1,test,0,0,ALERT-flat,0,0
p1741,pm181,A1,test,0,0,ALERT,0,0
p1742,pm182,A2,test,1,0,cosine,0,0
p1742,pm182,A2,test,1,0,LegalBERT-NLI,0,0
p1742,pm182,A2,test,1,0,COLIEE-retrieval,0,0
p1742,pm182,A2,test,1,0,RAG-only,0,0
p1742,pm182,A2,test,1,0,ALERT-flat,0,0
p1742,pm182,A2,test,1,0,ALERT,0,0
p1743,pm183,A3,test,0,0,cosine,0,0
p1743,pm183,A3,test,0,0,LegalBERT-NLI,0,0
p1743,pm183,A3,test,0,0,COLIEE-retrieval,0,0
p1743,pm183,A3,test,0,0,RAG-only,0,0
p1743,pm183,A3,test,0,0,ALERT-flat,0,0
p1743,pm183,A3,test,0,0,ALERT,1,0
p1744,pm184,A4,test,0,1,cosine,1,0
p1744,pm184,A4,test,0,1,LegalBERT-NLI,1,0
p1744,pm184,A4,test,0,1,COLIEE-retrieval,0,0
p1744,pm184,A4,test,0,1,RAG-only,1,0
p1744,pm184,A4,test,0,1,ALERT-flat,1,0
p1744,pm184,A4,test,0,1,ALERT,1,0
p1745,pm185,A0,train,0,0,cosine,0,0
p1745,pm185,A0,train,0,0,LegalBERT-NLI,0,0
p1745,pm185,A0,train,0,0,COLIEE-retrieval,1,0
p1745,pm185,A0,train,0,0,RAG-only,1,0
p1745,pm185,A0,train,0,0,ALERT-flat,0,0
p1745,pm185,A0,train,0,0,ALERT,0,0
p1746,pm186,A1,test,0,0,cosine,0,0
p1746,pm186,A1,test,0,0,LegalBERT-NLI,0,0
p1746,pm186,A1,test,0,0,COLIEE-retrieval,0,0
p1746,pm186,A1,test,0,0,RAG-only,0,0
p1746,pm186,A1,test,0,0,ALERT-flat,0,0
p1746,pm186,A1,test,0,0,ALERT,0,0
p1747,pm187,A2,test,1,0,cosine,1,1
p1747,pm187,A2,test,1,0,LegalBERT-NLI,0,0
p1747,pm187,A2,test,1,0,COLIEE-retrieval,0,0
p1747,pm187,A2,test,1,0,RAG-only,0,0
p1747,pm187,A2,test,1,0,ALERT-flat,0,0
p1747,pm187,A2,test,1,0,ALERT,0,0
p1748,pm188,A3,test,0,0,cosine,0,0
p1748,pm188,A3,test,0,0,LegalBERT-NLI,0,0
p1748,pm188,A3,test,0,0,COLIEE-retrieval,0,0
p1748,pm188,A3,test,0,0,RAG-only,1,0
p1748,pm188,A3,test,0,0,ALERT-flat,0,0
p1748,pm188,A3,test,0,0,ALERT,0,0
p1749,pm189,A4,test,0,1,cosine,0,0
p1749,pm189,A4,test,0,1,LegalBERT-NLI,1,0
p1749,pm189,A4,test,0,1,COLIEE-retrieval,0,0
p1749,pm189,A4,test,0,1,RAG-only,1,0
p1749,pm189,A4,test,0,1,ALERT-flat,1,0
p1749,pm189,A4,test,0,1,ALERT,0,0
p1750,pm190,A0,train,0,1,cosine,0,0
p1750,pm190,A0,train,0,1,LegalBERT-NLI,1,0
p1750,pm190,A0,train,0,1,COLIEE-retrieval,1,0
p1750,pm190,A0,train,0,1,RAG-only,1,0
p1750,pm190,A0,train,0,1,ALERT-flat,1,0
p1750,pm190,A0,train,0,1,ALERT,1,0
p1751,pm191,A1,test,1,0,cosine,0,0
p1751,pm191,A1,test,1,0,LegalBERT-NLI,1,1
p1751,pm191,A1,test,1,0,COLIEE-retrieval,0,0
p1751,pm191,A1,test,1,0,RAG-only,0,0
p1751,pm191,A1,test,1,0,ALERT-flat,0,0
p1751,pm191,A1,test,1,0,ALERT,0,0
p1752,pm192,A2,test,0,1,cosine,1,0
p1752,pm192,A2,test,0,1,LegalBERT-NLI,1,0
p1752,pm192,A2,test,0,1,COLIEE-retrieval,1,0
p1752,pm192,A2,test,0,1,RAG-only,1,0
p1752,pm192,A2,test,0,1,ALERT-flat,1,0
p1752,pm192,A2,test,0,1,ALERT,1,0
p1753,pm193,A3,test,1,0,cosine,0,0
p1753,pm193,A3,test,1,0,LegalBERT-NLI,0,0
p1753,pm193,A3,test,1,0,COLIEE-retrieval,1,1
p1753,pm193,A3,test,1,0,RAG-only,0,0
p1753,pm193,A3,test,1,0,ALERT-flat,1,1
p1753,pm193,A3,test,1,0,ALERT,0,0
p1754,pm194,A4,test,0,0,cosine,0,0
p1754,pm194,A4,test,0,0,LegalBERT-NLI,0,0
p1754,pm194,A4,test,0,0,COLIEE-retrieval,0,0
p1754,pm194,A4,test,0,0,RAG-only,0,0
p1754,pm194,A4,test,0,0,ALERT-flat,1,0
p1754,pm194,A4,test,0,0,ALERT,0,0
p1755,pm195,A0,train,0,0,cosine,0,0
p1755,pm195,A0,train,0,0,LegalBERT-NLI,0,0
p1755,pm195,A0,train,0,0,COLIEE-retrieval,0,0
p1755,pm195,A0,train,0,0,RAG-only,0,0
p1755,pm195,A0,train,0,0,ALERT-flat,0,0
p1755,pm195,A0,train,0,0,ALERT,0,0
p1756,pm196,A1,test,0,0,cosine,1,0
p1756,pm196,A1,test,0,0,LegalBERT-NLI,1,0
p1756,pm196,A1,test,0,0,COLIEE-retrieval,1,0
p1756,pm196,A1,test,0,0,RAG-only,0,0
p1756,pm196,A1,test,0,0,ALERT-flat,0,0
p1756,pm196,A1,test,0,0,ALERT,0,0
p1757,pm197,A2,test,0,0,cosine,0,0
p1757,pm197,A2,test,0,0,LegalBERT-NLI,1,0
p1757,pm197,A2,test,0,0,COLIEE-retrieval,0,0
p1757,pm197,A2,test,0,0,RAG-only,0,0
p1757,pm197,A2,test,0,0,ALERT-flat,0,0
p1757,pm197,A2,test,0,0,ALERT,0,0
p1758,pm198,A3,test,0,0,cosine,0,0
p1758,pm198,A3,test,0,0,LegalBERT-NLI,1,0
p1758,pm198,A3,test,0,0,COLIEE-retrieval,1,0
p1758,pm198,A3,test,0,0,RAG-only,0,0
p1758,pm198,A3,test,0,0,ALERT-flat,1,0
p1758,pm198,A3,test,0,0,ALERT,1,0
p1759,pm199,A4,test,1,0,cosine,0,0
p1759,pm199,A4,test,1,0,LegalBERT-NLI,0,0
p1759,pm199,A4,test,1,0,COLIEE-retrieval,1,1
p1759,pm199,A4,test,1,0,RAG-only,0,0
p1759,pm199,A4,test,1,0,ALERT-flat,0,0
p1759,pm199,A4,test,1,0,ALERT,0,0
p1760,pm200,A0,train,0,0,cosine,0,0
p1760,pm200,A0,train,0,0,LegalBERT-NLI,0,0
p1760,pm200,A0,train,0,0,COLIEE-retrieval,1,0
p1760,pm200,A0,train,0,0,RAG-only,0,0
p1760,pm200,A0,train,0,0,ALERT-flat,0,0
p1760,pm200,A0,train,0,0,ALERT,0,0
p1761,pm201,A1,test,0,0,cosine,0,0
p1761,pm201,A1,test,0,0,LegalBERT-NLI,1,0
p1761,pm201,A1,test,0,0,COLIEE-retrieval,0,0
p1761,pm201,A1,test,0,0,RAG-only,1,0
p1761,pm201,A1,test,0,0,ALERT-flat,1,0
p1761,pm201,A1,test,0,0,ALERT,0,0
p1762,pm202,A2,test,0,1,cosine,1,0
p1762,pm202,A2,test,0,1,LegalBERT-NLI,1,0
p1762,pm202,A2,test,0,1,COLIEE-retrieval,1,0
p1762,pm202,A2,test,0,1,RAG-only,1,0
p1762,pm202,A2,test,0,1,ALERT-flat,1,0
p1762,pm202,A2,test,0,1,ALERT,0,0
p1763,pm203,A3,test,0,1,cosine,1,0
p1763,pm203,A3,test,0,1,LegalBERT-NLI,1,0
p1763,pm203,A3,test,0,1,COLIEE-retrieval,0,0
p1763,pm203,A3,test,0,1,RAG-only,1,0
p1763,pm203,A3,test,0,1,ALERT-flat,0,0
p1763,pm203,A3,test,0,1,ALERT,1,0
p1764,pm204,A4,test,0,0,cosine,0,0
p1764,pm204,A4,test,0,0,LegalBERT-NLI,0,0
p1764,pm204,A4,test,0,0,COLIEE-retrieval,0,0
p1764,pm204,A4,test,0,0,RAG-only,0,0
p1764,pm204,A4,test,0,0,ALERT-flat,1,0
p1764,pm204,A4,test,0,0,ALERT,0,0
p1765,pm205,A0,train,1,0,cosine,0,0
p1765,pm205,A0,train,1,0,LegalBERT-NLI,0,0
p1765,pm205,A0,train,1,0,COLIEE-retrieval,1,1
p1765,pm205,A0,train,1,0,RAG-only,0,0
p1765,pm205,A0,train,1,0,ALERT-flat,0,0
p1765,pm205,A0,train,1,0,ALERT,0,0
p1766,pm206,A1,test,0,0,cosine,0,0
p1766,pm206,A1,test,0,0,LegalBERT-NLI,0,0
p1766,pm206,A1,test,0,0,COLIEE-retrieval,0,0
p1766,pm206,A1,test,0,0,RAG-only,0,0
p1766,pm206,A1,test,0,0,ALERT-flat,0,0
p1766,pm206,A1,test,0,0,ALERT,0,0
p1767,pm207,A2,test,0,1,cosine,1,0
p1767,pm207,A2,test,0,1,LegalBERT-NLI,1,0
p1767,pm207,A2,test,0,1,COLIEE-retrieval,1,0
p1767,pm207,A2,test,0,1,RAG-only,1,0
p1767,pm207,A2,test,0,1,ALERT-flat,1,0
p1767,pm207,A2,test,0,1,ALERT,0,0
p1768,pm208,A3,test,1,0,cosine,1,1
p1768,pm208,A3,test,1,0,LegalBERT-NLI,0,0
p1768,pm208,A3,test,1,0,COLIEE-retrieval,0,0
p1768,pm208,A3,test,1,0,RAG-only,0,0
p1768,pm208,A3,test,1,0,ALERT-flat,0,0
p1768,pm208,A3,test,1,0,ALERT,0,0
p1769,pm209,A4,test,0,1,cosine,1,0
p1769,pm209,A4,test,0,1,LegalBERT-NLI,1,0
p1769,pm209,A4,test,0,1,COLIEE-retrieval,1,0
p1769,pm209,A4,test,0,1,RAG-only,1,0
p1769,pm209,A4,test,0,1,ALERT-flat,1,0
p1769,pm209,A4,test,0,1,ALERT,1,0
p1770,pm210,A0,train,1,0,cosine,1,1
p1770,pm210,A0,train,1,0,LegalBERT-NLI,0,0
p1770,pm210,A0,train,1,0,COLIEE-retrieval,0,0
p1770,pm210,A0,train,1,0,RAG-only,0,0
p1770,pm210,A0,train,1,0,ALERT-flat,0,0
p1770,pm210,A0,train,1,0,ALERT,0,0
p1771,pm211,A1,test,0,1,cosine,1,0
p1771,pm211,A1,test,0,1,LegalBERT-NLI,1,0
p1771,pm211,A1,test,0,1,COLIEE-retrieval,1,0
p1771,pm211,A1,test,0,1,RAG-only,0,0
p1771,pm211,A1,test,0,1,ALERT-flat,1,0
p1771,pm211,A1,test,0,1,ALERT,1,0
p1772,pm212,A2,test,0,0,cosine,0,0
p1772,pm212,A2,test,0,0,LegalBERT-NLI,0,0
p1772,pm212,A2,test,0,0,COLIEE-retrieval,1,0
p1772,pm212,A2,test,0,0,RAG-only,1,0
p1772,pm212,A2,test,0,0,ALERT-flat,0,0
p1772,pm212,A2,test,0,0,ALERT,0,0
p1773,pm213,A3,test,0,1,cosine,1,0
p1773,pm213,A3,test,0,1,LegalBERT-NLI,1,0
p1773,pm213,A3,test,0,1,COLIEE-retrieval,1,0
p1773,pm213,A3,test,0,1,RAG-only,1,0
p1773,pm213,A3,test,0,1,ALERT-flat,1,0
p1773,pm213,A3,test,0,1,ALERT,0,0
p1774,pm214,A4,test,0,0,cosine,1,0
p1774,pm214,A4,test,0,0,LegalBERT-NLI,0,0
p1774,pm214,A4,test,0,0,COLIEE-retrieval,1,0
p1774,pm214,A4,test,0,0,RAG-only,0,0
p1774,pm214,A4,test,0,0,ALERT-flat,0,0
p1774,pm214,A4,test,0,0,ALERT,0,0
p1775,pm215,A0,train,0,0,cosine,0,0
p1775,pm215,A0,train,0,0,LegalBERT-NLI,0,0
p1775,pm215,A0,train,0,0,COLIEE-retrieval,0,0
p1775,pm215,A0,train,0,0,RAG-only,0,0
p1775,pm215,A0,train,0,0,ALERT-flat,0,0
p1775,pm215,A0,train,0,0,ALERT,0,0
p1776,pm216,A1,test,0,0,cosine,0,0
p1776,pm216,A1,test,0,0,LegalBERT-NLI,0,0
p1776,pm216,A1,test,0,0,COLIEE-retrieval,0,0
p1776,pm216,A1,test,0,0,RAG-only,1,0
p1776,pm216,A1,test,0,0,ALERT-flat,1,0
p1776,pm216,A1,test,0,0,ALERT,0,0
p1777,pm217,A2,test,0,0,cosine,1,0
p1777,pm217,A2,test,0,0,LegalBERT-NLI,0,0
p1777,pm217,A2,test,0,0,COLIEE-retrieval,0,0
p1777,pm217,A2,test,0,0,RAG-only,0,0
p1777,pm217,A2,test,0,0,ALERT-flat,0,0
p1777,pm217,A2,test,0,0,ALERT,0,0
p1778,pm218,A3,test,1,0,cosine,1,1
p1778,pm218,A3,test,1,0,LegalBERT-NLI,0,0
p1778,pm218,A3,test,1,0,COLIEE-retrieval,0,0
p1778,pm218,A3,test,1,0,RAG-only,0,0
p1778,pm218,A3,test,1,0,ALERT-flat,0,0
p1778,pm218,A3,test,1,0,ALERT,0,0
p1779,pm219,A4,test,0,1,cosine,1,0
p1779,pm219,A4,test,0,1,LegalBERT-NLI,1,0
p1779,pm219,A4,test,0,1,COLIEE-retrieval,1,0
p1779,pm219,A4,test,0,1,RAG-only,1,0
p1779,pm219,A4,test,0,1,ALERT-flat,1,0
p1779,pm219,A4,test,0,1,ALERT,0,0
p1780,pm220,A0,train,1,0,cosine,0,0
p1780,pm220,A0,train,1,0,LegalBERT-NLI,0,0
p1780,pm220,A0,train,1,0,COLIEE-retrieval,1,1
p1780,pm220,A0,train,1,0,RAG-only,1,1
p1780,pm220,A0,train,1,0,ALERT-flat,1,1
p1780,pm220,A0,train,1,0,ALERT,0,0
p1781,pm221,A1,test,0,1,cosine,1,0
p1781,pm221,A1,test,0,1,LegalBERT-NLI,0,0
p1781,pm221,A1,test,0,1,COLIEE-retrieval,0,0
p1781,pm221,A1,test,0,1,RAG-only,0,0
p1781,pm221,A1,test,0,1,ALERT-flat,1,0
p1781,pm221,A1,test,0,1,ALERT,1,0
p1782,pm222,A2,test,0,0,cosine,0,0
p1782,pm222,A2,test,0,0,LegalBERT-NLI,0,0
p1782,pm222,A2,test,0,0,COLIEE-retrieval,1,0
p1782,pm222,A2,test,0,0,RAG-only,0,0
p1782,pm222,A2,test,0,0,ALERT-flat,0,0
p1782,pm222,A2,test,0,0,ALERT,0,0
p1783,pm223,A3,test,0,0,cosine,1,0
p1783,pm223,A3,test,0,0,LegalBERT-NLI,1,0
p1783,pm223,A3,test,0,0,COLIEE-retrieval,0,0
p1783,pm223,A3,test,0,0,RAG-only,0,0
p1783,pm223,A3,test,0,0,ALERT-flat,1,0
p1783,pm223,A3,test,0,0,ALERT,0,0
p1784,pm224,A4,test,0,0,cosine,0,0
p1784,pm224,A4,test,0,0,LegalBERT-NLI,0,0
p1784,pm224,A4,test,0,0,COLIEE-retrieval,1,0
p1784,pm224,A4,test,0,0,RAG-only,0,0
p1784,pm224,A4,test,0,0,ALERT-flat,0,0
p1784,pm224,A4,test,0,0,ALERT,0,0
p1785,pm225,A0,train,0,0,cosine,0,0
p1785,pm225,A0,train,0,0,LegalBERT-NLI,0,0
p1785,pm225,A0,train,0,0,COLIEE-retrieval,0,0
p1785,pm225,A0,train,0,0,RAG-only,1,0
p1785,pm225,A0,train,0,0,ALERT-flat,0,0
p1785,pm225,A0,train,0,0,ALERT,0,0
p1786,pm226,A1,test,1,0,cosine,0,0
p1786,pm226,A1,test,1,0,LegalBERT-NLI,0,0
p1786,pm226,A1,test,1,0,COLIEE-retrieval,0,0
p1786,pm226,A1,test,1,0,RAG-only,0,0
p1786,pm226,A1,test,1,0,ALERT-flat,1,1
p1786,pm226,A1,test,1,0,ALERT,0,0
p1787,pm227,A2,test,0,1,cosine,0,0
p1787,pm227,A2,test,0,1,LegalBERT-NLI,1,0
p1787,pm227,A2,test,0,1,COLIEE-retrieval,0,0
p1787,pm227,A2,test,0,1,RAG-only,1,0
p1787,pm227,A2,test,0,1,ALERT-flat,1,0
p1787,pm227,A2,test,0,1,ALERT,1,0
p1788,pm228,A3,test,1,0,cosine,0,0
p1788,pm228,A3,test,1,0,LegalBERT-NLI,1,1
p1788,pm228,A3,test,1,0,COLIEE-retrieval,1,1
p1788,pm228,A3,test,1,0,RAG-only,0,0
p1788,pm228,A3,test,1,0,ALERT-flat,0,0
p1788,pm228,A3,test,1,0,ALERT,0,0
p1789,pm229,A4,test,0,0,cosine,0,0
p1789,pm229,A4,test,0,0,LegalBERT-NLI,0,0
p1789,pm229,A4,test,0,0,COLIEE-retrieval,0,0
p1789,pm229,A4,test,0,0,RAG-only,1,0
p1789,pm229,A4,test,0,0,ALERT-flat,0,0
p1789,pm229,A4,test,0,0,ALERT,0,0
p1790,pm230,A0,train,0,0,cosine,0,0
p1790,pm230,A0,train,0,0,LegalBERT-NLI,0,0
p1790,pm230,A0,train,0,0,COLIEE-retrieval,0,0
p1790,pm230,A0,train,0,0,RAG-only,0,0
p1790,pm230,A0,train,0,0,ALERT-flat,0,0
p1790,pm230,A0,train,0,0,ALERT,0,0
p1791,pm231,A1,test,0,0,cosine,0,0
p1791,pm231,A1,test,0,0,LegalBERT-NLI,0,0
p1791,pm231,A1,test,0,0,COLIEE-retrieval,0,0
p1791,pm231,A1,test,0,0,RAG-only,1,0
p1791,pm231,A1,test,0,0,ALERT-flat,0,0
p1791,pm231,A1,test,0,0,ALERT,0,0
p1792,pm232,A2,test,0,0,cosine,1,0
p1792,pm232,A2,test,0,0,LegalBERT-NLI,0,0
p1792,pm232,A2,test,0,0,COLIEE-retrieval,0,0
p1792,pm232,A2,test,0,0,RAG-only,0,0
p1792,pm232,A2,test,0,0,ALERT-flat,0,0
p1792,pm232,A2,test,0,0,ALERT,1,0
p1793,pm233,A3,test,0,0,cosine,1,0
p1793,pm233,A3,test,0,0,LegalBERT-NLI,0,0
p1793,pm233,A3,test,0,0,COLIEE-retrieval,0,0
p1793,pm233,A3,test,0,0,RAG-only,0,0
p1793,pm233,A3,test,0,0,ALERT-flat,0,0
p1793,pm233,A3,test,0,0,ALERT,0,0
p1794,pm234,A4,test,0,1,cosine,0,0
p1794,pm234,A4,test,0,1,LegalBERT-NLI,1,0
p1794,pm234,A4,test,0,1,COLIEE-retrieval,1,0
p1794,pm234,A4,test,0,1,RAG-only,0,0
p1794,pm234,A4,test,0,1,ALERT-flat,1,0
p1794,pm234,A4,test,0,1,ALERT,1,0
p1795,pm235,A0,train,0,0,cosine,0,0
p1795,pm235,A0,train,0,0,LegalBERT-NLI,0,0
p1795,pm235,A0,train,0,0,COLIEE-retrieval,0,0
p1795,pm235,A0,train,0,0,RAG-only,0,0
p1795,pm235,A0,train,0,0,ALERT-flat,0,0
p1795,pm235,A0,train,0,0,ALERT,0,0
p1796,pm236,A1,test,0,1,cosine,1,0
p1796,pm236,A1,test,0,1,LegalBERT-NLI,0,0
p1796,pm236,A1,test,0,1,COLIEE-retrieval,1,0
p1796,pm236,A1,test,0,1,RAG-only,1,0
p1796,pm236,A1,test,0,1,ALERT-flat,1,0
p1796,pm236,A1,test,0,1,ALERT,0,0
p1797,pm237,A2,test,0,1,cosine,1,0
p1797,pm237,A2,test,0,1,LegalBERT-NLI,1,0
p1797,pm237,A2,test,0,1,COLIEE-retrieval,0,0
p1797,pm237,A2,test,0,1,RAG-only,1,0
p1797,pm237,A2,test,0,1,ALERT-flat,0,0
p1797,pm237,A2,test,0,1,ALERT,1,0
p1798,pm238,A3,test,0,1,cosine,1,0
p1798,pm238,A3,test,0,1,LegalBERT-NLI,1,0
p1798,pm238,A3,test,0,1,COLIEE-retrieval,1,0
p1798,pm238,A3,test,0,1,RAG-only,1,0
p1798,pm238,A3,test,0,1,ALERT-flat,1,0
p1798,pm238,A3,test,0,1,ALERT,1,0
p1799,pm239,A4,test,0,1,cosine,1,0
p1799,pm239,A4,test,0,1,LegalBERT-NLI,1,0
p1799,pm239,A4,test,0,1,COLIEE-retrieval,1,0
p1799,pm239,A4,test,0,1,RAG-only,1,0
p1799,pm239,A4,test,0,1,ALERT-flat,1,0
p1799,pm239,A4,test,0,1,ALERT,1,0
p1800,pm240,A0,train,1,0,cosine,0,0
p1800,pm240,A0,train,1,0,LegalBERT-NLI,0,0
p1800,pm240,A0,train,1,0,COLIEE-retrieval,0,0
p1800,pm240,A0,train,1,0,RAG-only,0,0
p1800,pm240,A0,train,1,0,ALERT-flat,0,0
p1800,pm240,A0,train,1,0,ALERT,0,0
p1801,pm241,A1,test,0,0,cosine,0,0
p1801,pm241,A1,test,0,0,LegalBERT-NLI,0,0
p1801,pm241,A1,test,0,0,COLIEE-retrieval,1,0
p1801,pm241,A1,test,0,0,RAG-only,1,0
p1801,pm241,A1,test,0,0,ALERT-flat,0,0
p1801,pm241,A1,test,0,0,ALERT,0,0
p1802,pm242,A2,test,0,1,cosine,1,0
p1802,pm242,A2,test,0,1,LegalBERT-NLI,1,0
p1802,pm242,A2,test,0,1,COLIEE-retrieval,0,0
p1802,pm242,A2,test,0,1,RAG-only,1,0
p1802,pm242,A2,test,0,1,ALERT-flat,1,0
p1802,pm242,A2,test,0,1,ALERT,1,0
p1803,pm243,A3,test,0,0,cosine,0,0
p1803,pm243,A3,test,0,0,LegalBERT-NLI,0,0
p1803,pm243,A3,test,0,0,COLIEE-retrieval,0,0
p1803,pm243,A3,test,0,0,RAG-only,0,0
p1803,pm243,A3,test,0,0,ALERT-flat,0,0
p1803,pm243,A3,test,0,0,ALERT,0,0
p1804,pm244,A4,test,0,1,cosine,1,0
p1804,pm244,A4,test,0,1,LegalBERT-NLI,1,0
p1804,pm244,A4,test,0,1,COLIEE-retrieval,1,0
p1804,pm244,A4,test,0,1,RAG-only,1,0
p1804,pm244,A4,test,0,1,ALERT-flat,1,0
p1804,pm244,A4,test,0,1,ALERT,1,0
p1805,pm245,A0,train,0,1,cosine,1,0
p1805,pm245,A0,train,0,1,LegalBERT-NLI,0,0
p1805,pm245,A0,train,0,1,COLIEE-retrieval,1,0
p1805,pm245,A0,train,0,1,RAG-only,1,0
p1805,pm245,A0,train,0,1,ALERT-flat,1,0
p1805,pm245,A0,train,0,1,ALERT,1,0
p1806,pm246,A1,test,0,1,cosine,0,0
p1806,pm246,A1,test,0,1,LegalBERT-NLI,1,0
p1806,pm246,A1,test,0,1,COLIEE-retrieval,0,0
p1806,pm246,A1,test,0,1,RAG-only,1,0
p1806,pm246,A1,test,0,1,ALERT-flat,1,0
p1806,pm246,A1,test,0,1,ALERT,1,0
p1807,pm247,A2,test,0,0,cosine,0,0
p1807,pm247,A2,test,0,0,LegalBERT-NLI,1,0
p1807,pm247,A2,test,0,0,COLIEE-retrieval,0,0
p1807,pm247,A2,test,0,0,RAG-only,0,0
p1807,pm247,A2,test,0,0,ALERT-flat,1,0
p1807,pm247,A2,test,0,0,ALERT,0,0
p1808,pm248,A3,test,0,0,cosine,0,0
p1808,pm248,A3,test,0,0,LegalBERT-NLI,0,0
p1808,pm248,A3,test,0,0,COLIEE-retrieval,0,0
p1808,pm248,A3,test,0,0,RAG-only,0,0
p1808,pm248,A3,test,0,0,ALERT-flat,0,0
p1808,pm248,A3,test,0,0,ALERT,1,0
p1809,pm249,A4,test,1,0,cosine,0,0
p1809,pm249,A4,test,1,0,LegalBERT-NLI,0,0
p1809,pm249,A4,test,1,0,COLIEE-retrieval,0,0
p1809,pm249,A4,test,1,0,RAG-only,0,0
p1809,pm249,A4,test,1,0,ALERT-flat,1,1
p1809,pm249,A4,test,1,0,ALERT,0,0
p1810,pm250,A0,train,0,0,cosine,0,0
p1810,pm250,A0,train,0,0,LegalBERT-NLI,0,0
p1810,pm250,A0,train,0,0,COLIEE-retrieval,0,0
p1810,pm250,A0,train,0,0,RAG-only,1,0
p1810,pm250,A0,train,0,0,ALERT-flat,0,0
p1810,pm250,A0,train,0,0,ALERT,0,0
p1811,pm251,A1,test,0,0,cosine,1,0
p1811,pm251,A1,test,0,0,LegalBERT-NLI,0,0
p1811,pm251,A1,test,0,0,COLIEE-retrieval,0,0
p1811,pm251,A1,test,0,0,RAG-only,0,0
p1811,pm251,A1,test,0,0,ALERT-flat,0,0
p1811,pm251,A1,test,0,0,ALERT,0,0
p1812,pm252,A2,test,0,0,cosine,0,0
p1812,pm252,A2,test,0,0,LegalBERT-NLI,0,0
p1812,pm252,A2,test,0,0,COLIEE-retrieval,0,0
p1812,pm252,A2,test,0,0,RAG-only,1,0
p1812,pm252,A2,test,0,0,ALERT-flat,0,0
p1812,pm252,A2,test,0,0,ALERT,1,0
p1813,pm253,A3,test,0,0,cosine,0,0
p1813,pm253,A3,test,0,0,LegalBERT-NLI,0,0
p1813,pm253,A3,test,0,0,COLIEE-retrieval,0,0
p1813,pm253,A3,test,0,0,RAG-only,0,0
p1813,pm253,A3,test,0,0,ALERT-flat,0,0
p1813,pm253,A3,test,0,0,ALERT,1,0
p1814,pm254,A4,test,0,1,cosine,1,0
p1814,pm254,A4,test,0,1,LegalBERT-NLI,1,0
p1814,pm254,A4,test,0,1,COLIEE-retrieval,1,0
p1814,pm254,A4,test,0,1,RAG-only,1,0
p1814,pm254,A4,test,0,1,ALERT-flat,1,0
p1814,pm254,A4,test,0,1,ALERT,0,0
p1815,pm255,A0,train,0,0,cosine,0,0
p1815,pm255,A0,train,0,0,LegalBERT-NLI,1,0
p1815,pm255,A0,train,0,0,COLIEE-retrieval,1,0
p1815,pm255,A0,train,0,0,RAG-only,0,0
p1815,pm255,A0,train,0,0,ALERT-flat,0,0
p1815,pm255,A0,train,0,0,ALERT,0,0
p1816,pm256,A1,test,0,1,cosine,1,0
p1816,pm256,A1,test,0,1,LegalBERT-NLI,1,0
p1816,pm256,A1,test,0,1,COLIEE-retrieval,1,0
p1816,pm256,A1,test,0,1,RAG-only,1,0
p1816,pm256,A1,test,0,1,ALERT-flat,1,0
p1816,pm256,A1,test,0,1,ALERT,1,0
p1817,pm257,A2,test,0,0,cosine,0,0
p1817,pm257,A2,test,0,0,LegalBERT-NLI,0,0
p1817,pm257,A2,test,0,0,COLIEE-retrieval,0,0
p1817,pm257,A2,test,0,0,RAG-only,0,0
p1817,pm257,A2,test,0,0,ALERT-flat,1,0
p1817,pm257,A2,test,0,0,ALERT,0,0
p1818,pm258,A3,test,0,0,cosine,1,0
p1818,pm258,A3,test,0,0,LegalBERT-NLI,0,0
p1818,pm258,A3,test,0,0,COLIEE-retrieval,0,0
p1818,pm258,A3,test,0,0,RAG-only,0,0
p1818,pm258,A3,test,0,0,ALERT-flat,0,0
p1818,pm258,A3,test,0,0,ALERT,0,0
p1819,pm259,A4,test,1,0,cosine,1,1
p1819,pm259,A4,test,1,0,LegalBERT-NLI,0,0
p1819,pm259,A4,test,1,0,COLIEE-retrieval,0,0
p1819,pm259,A4,test,1,0,RAG-only,0,0
p1819,pm259,A4,test,1,0,ALERT-flat,1,1
p1819,pm259,A4,test,1,0,ALERT,0,0
p1820,pm260,A0,train,0,0,cosine,0,0
p1820,pm260,A0,train,0,0,LegalBERT-NLI,0,0
p1820,pm260,A0,train,0,0,COLIEE-retrieval,1,0
p1820,pm260,A0,train,0,0,RAG-only,0,0
p1820,pm260,A0,train,0,0,ALERT-flat,1,0
p1820,pm260,A0,train,0,0,ALERT,1,0
p1821,pm261,A1,test,0,0,cosine,1,0
p1821,pm261,A1,test,0,0,LegalBERT-NLI,0,0
p1821,pm261,A1,test,0,0,COLIEE-retrieval,0,0
p1821,pm261,A1,test,0,0,RAG-only,0,0
p1821,pm261,A1,test,0,0,ALERT-flat,0,0
p1821,pm261,A1,test,0,0,ALERT,0,0
p1822,pm262,A2,test,0,0,cosine,0,0
p1822,pm262,A2,test,0,0,LegalBERT-NLI,0,0
p1822,pm262,A2,test,0,0,COLIEE-retrieval,0,0
p1822,pm262,A2,test,0,0,RAG-only,0,0
p1822,pm262,A2,test,0,0,ALERT-flat,0,0
p1822,pm262,A2,test,0,0,ALERT,1,0
p1823,pm263,A3,test,0,1,cosine,0,0
p1823,pm263,A3,test,0,1,LegalBERT-NLI,1,0
p1823,pm263,A3,test,0,1,COLIEE-retrieval,1,0
p1823,pm263,A3,test,0,1,RAG-only,1,0
p1823,pm263,A3,test,0,1,ALERT-flat,1,0
p1823,pm263,A3,test,0,1,ALERT,1,0
p1824,pm264,A4,test,0,1,cosine,1,0
p1824,pm264,A4,test,0,1,LegalBERT-NLI,1,0
p1824,pm264,A4,test,0,1,COLIEE-retrieval,0,0
p1824,pm264,A4,test,0,1,RAG-only,1,0
p1824,pm264,A4,test,0,1,ALERT-flat,1,0
p1824,pm264,A4,test,0,1,ALERT,1,0
p1825,pm265,A0,train,0,0,cosine,0,0
p1825,pm265,A0,train,0,0,LegalBERT-NLI,0,0
p1825,pm265,A0,train,0,0,COLIEE-retrieval,0,0
p1825,pm265,A0,train,0,0,RAG-only,1,0
p1825,pm265,A0,train,0,0,ALERT-flat,1,0
p1825,pm265,A0,train,0,0,ALERT,1,0
p1826,pm266,A1,test,0,0,cosine,0,0
p1826,pm266,A1,test,0,0,LegalBERT-NLI,0,0
p1826,pm266,A1,test,0,0,COLIEE-retrieval,0,0
p1826,pm266,A1,test,0,0,RAG-only,0,0
p1826,pm266,A1,test,0,0,ALERT-flat,0,0
p1826,pm266,A1,test,0,0,ALERT,0,0
p1827,pm267,A2,test,1,0,cosine,1,1
p1827,pm267,A2,test,1,0,LegalBERT-NLI,0,0
p1827,pm267,A2,test,1,0,COLIEE-retrieval,0,0
p1827,pm267,A2,test,1,0,RAG-only,0,0
p1827,pm267,A2,test,1,0,ALERT-flat,1,1
p1827,pm267,A2,test,1,0,ALERT,0,0
p1828,pm268,A3,test,0,0,cosine,1,0
p1828,pm268,A3,test,0,0,LegalBERT-NLI,0,0
p1828,pm268,A3,test,0,0,COLIEE-retrieval,0,0
p1828,pm268,A3,test,0,0,RAG-only,1,0
p1828,pm268,A3,test,0,0,ALERT-flat,0,0
p1828,pm268,A3,test,0,0,ALERT,0,0
p1829,pm269,A4,test,0,1,cosine,1,0
p1829,pm269,A4,test,0,1,LegalBERT-NLI,1,0
p1829,pm269,A4,test,0,1,COLIEE-retrieval,1,0
p1829,pm269,A4,test,0,1,RAG-only,1,0
p1829,pm269,A4,test,0,1,ALERT-flat,1,0
p1829,pm269,A4,test,0,1,ALERT,1,0
p1830,pm270,A0,train,0,0,cosine,0,0
p1830,pm270,A0,train,0,0,LegalBERT-NLI,0,0
p1830,pm270,A0,train,0,0,COLIEE-retrieval,0,0
p1830,pm270,A0,train,0,0,RAG-only,0,0
p1830,pm270,A0,train,0,0,ALERT-flat,0,0
p1830,pm270,A0,train,0,0,ALERT,1,0
p1831,pm271,A1,test,0,1,cosine,1,0
p1831,pm271,A1,test,0,1,LegalBERT-NLI,1,0
p1831,pm271,A1,test,0,1,COLIEE-retrieval,1,0
p1831,pm271,A1,test,0,1,RAG-only,1,0
p1831,pm271,A1,test,0,1,ALERT-flat,1,0
p1831,pm271,A1,test,0,1,ALERT,1,0
p1832,pm272,A2,test,1,0,cosine,0,0
p1832,pm272,A2,test,1,0,LegalBERT-NLI,0,0
p1832,pm272,A2,test,1,0,COLIEE-retrieval,0,0
p1832,pm272,A2,test,1,0,RAG-only,0,0
p1832,pm272,A2,test,1,0,ALERT-flat,0,0
p1832,pm272,A2,test,1,0,ALERT,0,0
p1833,pm273,A3,test,0,1,cosine,1,0
p1833,pm273,A3,test,0,1,LegalBERT-NLI,1,0
p1833,pm273,A3,test,0,1,COLIEE-retrieval,1,0
p1833,pm273,A3,test,0,1,RAG-only,1,0
p1833,pm273,A3,test,0,1,ALERT-flat,1,0
p1833,pm273,A3,test,0,1,ALERT,0,0
p1834,pm274,A4,test,1,0,cosine,0,0
p1834,pm274,A4,test,1,0,LegalBERT-NLI,1,1
p1834,pm274,A4,test,1,0,COLIEE-retrieval,0,0
p1834,pm274,A4,test,1,0,RAG-only,0,0
p1834,pm274,A4,test,1,0,ALERT-flat,0,0
p1834,pm274,A4,test,1,0,ALERT,0,0
p1835,pm275,A0,train,0,1,cosine,1,0
p1835,pm275,A0,train,0,1,LegalBERT-NLI,1,0
p1835,pm275,A0,train,0,1,COLIEE-retrieval,1,0
p1835,pm275,A0,train,0,1,RAG-only,0,0
p1835,pm275,A0,train,0,1,ALERT-flat,1,0
p1835,pm275,A0,train,0,1,ALERT,1,0
p1836,pm276,A1,test,1,0,cosine,0,0
p1836,pm276,A1,test,1,0,LegalBERT-NLI,0,0
p1836,pm276,A1,test,1,0,COLIEE-retrieval,0,0
p1836,pm276,A1,test,1,0,RAG-only,0,0
p1836,pm276,A1,test,1,0,ALERT-flat,0,0
p1836,pm276,A1,test,1,0,ALERT,0,0
p1837,pm277,A2,test,0,1,cosine,1,0
p1837,pm277,A2,test,0,1,LegalBERT-NLI,0,0
p1837,pm277,A2,test,0,1,COLIEE-retrieval,0,0
p1837,pm277,A2,test,0,1,RAG-only,1,0
p1837,pm277,A2,test,0,1,ALERT-flat,1,0
p1837,pm277,A2,test,0,1,ALERT,1,0
p1838,pm278,A3,test,0,0,cosine,0,0
p1838,pm278,A3,test,0,0,LegalBERT-NLI,0,0
p1838,pm278,A3,test,0,0,COLIEE-retrieval,0,0
p1838,pm278,A3,test,0,0,RAG-only,0,0
p1838,pm278,A3,test,0,0,ALERT-flat,0,0
p1838,pm278,A3,test,0,0,ALERT,0,0
p1839,pm279,A4,test,0,1,cosine,1,0
p1839,pm279,A4,test,0,1,LegalBERT-NLI,0,0
p1839,pm279,A4,test,0,1,COLIEE-retrieval,0,0
p1839,pm279,A4,test,0,1,RAG-only,1,0
p1839,pm279,A4,test,0,1,ALERT-flat,1,0
p1839,pm279,A4,test,0,1,ALERT,1,0
p1840,pm280,A0,train,0,0,cosine,0,0
p1840,pm280,A0,train,0,0,LegalBERT-NLI,1,0
p1840,pm280,A0,train,0,0,COLIEE-retrieval,0,0
p1840,pm280,A0,train,0,0,RAG-only,1,0
p1840,pm280,A0,train,0,0,ALERT-flat,0,0
p1840,pm280,A0,train,0,0,ALERT,0,0
p1841,pm281,A1,test,1,0,cosine,1,1
p1841,pm281,A1,test,1,0,LegalBERT-NLI,0,0
p1841,pm281,A1,test,1,0,COLIEE-retrieval,0,0
p1841,pm281,A1,test,1,0,RAG-only,0,0
p1841,pm281,A1,test,1,0,ALERT-flat,0,0
p1841,pm281,A1,test,1,0,ALERT,0,0
p1842,pm282,A2,test,0,0,cosine,0,0
p1842,pm282,A2,test,0,0,LegalBERT-NLI,0,0
p1842,pm282,A2,test,0,0,COLIEE-retrieval,0,0
p1842,pm282,A2,test,0,0,RAG-only,0,0
p1842,pm282,A2,test,0,0,ALERT-flat,0,0
p1842,pm282,A2,test,0,0,ALERT,1,0
p1843,pm283,A3,test,0,1,cosine,0,0
p1843,pm283,A3,test,0,1,LegalBERT-NLI,1,0
p1843,pm283,A3,test,0,1,COLIEE-retrieval,1,0
p1843,pm283,A3,test,0,1,RAG-only,1,0
p1843,pm283,A3,test,0,1,ALERT-flat,1,0
p1843,pm283,A3,test,0,1,ALERT,1,0
p1844,pm284,A4,test,0,0,cosine,0,0
p1844,pm284,A4,test,0,0,LegalBERT-NLI,0,0
p1844,pm284,A4,test,0,0,COLIEE-retrieval,0,0
p1844,pm284,A4,test,0,0,RAG-only,0,0
p1844,pm284,A4,test,0,0,ALERT-flat,0,0
p1844,pm284,A4,test,0,0,ALERT,0,0
p1845,pm285,A0,train,0,1,cosine,0,0
p1845,pm285,A0,train,0,1,LegalBERT-NLI,1,0
p1845,pm285,A0,train,0,1,COLIEE-retrieval,1,0
p1845,pm285,A0,train,0,1,RAG-only,1,0
p1845,pm285,A0,train,0,1,ALERT-flat,0,0
p1845,pm285,A0,train,0,1,ALERT,1,0
p1846,pm286,A1,test,0,0,cosine,0,0
p1846,pm286,A1,test,0,0,LegalBERT-NLI,0,0
p1846,pm286,A1,test,0,0,COLIEE-retrieval,0,0
p1846,pm286,A1,test,0,0,RAG-only,0,0
p1846,pm286,A1,test,0,0,ALERT-flat,0,0
p1846,pm286,A1,test,0,0,ALERT,0,0
p1847,pm287,A2,test,1,0,cosine,0,0
p1847,pm287,A2,test,1,0,LegalBERT-NLI,0,0
p1847,pm287,A2,test,1,0,COLIEE-retrieval,0,0
p1847,pm287,A2,test,1,0,RAG-only,0,0
p1847,pm287,A2,test,1,0,ALERT-flat,0,0
p1847,pm287,A2,test,1,0,ALERT,1,1
p1848,pm288,A3,test,0,1,cosine,1,0
p1848,pm288,A3,test,0,1,LegalBERT-NLI,1,0
p1848,pm288,A3,test,0,1,COLIEE-retrieval,1,0
p1848,pm288,A3,test,0,1,RAG-only,1,0
p1848,pm288,A3,test,0,1,ALERT-flat,1,0
p1848,pm288,A3,test,0,1,ALERT,0,0
p1849,pm289,A4,test,0,0,cosine,0,0
p1849,pm289,A4,test,0,0,LegalBERT-NLI,0,0
p1849,pm289,A4,test,0,0,COLIEE-retrieval,0,0
p1849,pm289,A4,test,0,0,RAG-only,0,0
p1849,pm289,A4,test,0,0,ALERT-flat,0,0
p1849,pm289,A4,test,0,0,ALERT,0,0
p1850,pm290,A0,train,0,0,cosine,0,0
p1850,pm290,A0,train,0,0,LegalBERT-NLI,1,0
p1850,pm290,A0,train,0,0,COLIEE-retrieval,1,0
p1850,pm290,A0,train,0,0,RAG-only,0,0
p1850,pm290,A0,train,0,0,ALERT-flat,0,0
p1850,pm290,A0,train,0,0,ALERT,0,0
p1851,pm291,A1,test,0,1,cosine,1,0
p1851,pm291,A1,test,0,1,LegalBERT-NLI,0,0
p1851,pm291,A1,test,0,1,COLIEE-retrieval,0,0
p1851,pm291,A1,test,0,1,RAG-only,1,0
p1851,pm291,A1,test,0,1,ALERT-flat,1,0
p1851,pm291,A1,test,0,1,ALERT,1,0
p1852,pm292,A2,test,0,0,cosine,1,0
p1852,pm292,A2,test,0,0,LegalBERT-NLI,0,0
p1852,pm292,A2,test,0,0,COLIEE-retrieval,0,0
p1852,pm292,A2,test,0,0,RAG-only,0,0
p1852,pm292,A2,test,0,0,ALERT-flat,0,0
p1852,pm292,A2,test,0,0,ALERT,1,0
p1853,pm293,A3,test,0,0,cosine,0,0
p1853,pm293,A3,test,0,0,LegalBERT-NLI,0,0
p1853,pm293,A3,test,0,0,COLIEE-retrieval,0,0
p1853,pm293,A3,test,0,0,RAG-only,0,0
p1853,pm293,A3,test,0,0,ALERT-flat,1,0
p1853,pm293,A3,test,0,0,ALERT,0,0
p1854,pm294,A4,test,0,0,cosine,0,0
p1854,pm294,A4,test,0,0,LegalBERT-NLI,0,0
p1854,pm294,A4,test,0,0,COLIEE-retrieval,0,0
p1854,pm294,A4,test,0,0,RAG-only,0,0
p1854,pm294,A4,test,0,0,ALERT-flat,1,0
p1854,pm294,A4,test,0,0,ALERT,0,0
p1855,pm295,A0,train,0,1,cosine,1,0
p1855,pm295,A0,train,0,1,LegalBERT-NLI,1,0
p1855,pm295,A0,train,0,1,COLIEE-retrieval,1,0
p1855,pm295,A0,train,0,1,RAG-only,1,0
p1855,pm295,A0,train,0,1,ALERT-flat,1,0
p1855,pm295,A0,train,0,1,ALERT,1,0
